2026-09-07T11:59:38.492-03:00  INFO 14004 --- [ProjetoSpringBoot] [main] [traceId=sem-trace spanId=sem-span eventoId=sem-evento] b.c.e.p.ProjetoSpringBootApplication     : Starting ProjetoSpringBootApplication using Java 21.0.11 with PID 14004 (C:\Recomeco\projetos\ProjetoSpringBoot\target\classes started by Ricardo in C:\Recomeco\projetos\ProjetoSpringBoot)
2026-09-07T11:59:38.497-03:00  INFO 14004 --- [ProjetoSpringBoot] [main] [traceId=sem-trace spanId=sem-span eventoId=sem-evento] b.c.e.p.ProjetoSpringBootApplication     : No active profile set, falling back to 1 default profile: "default"
2026-09-07T11:59:39.308-03:00  INFO 14004 --- [ProjetoSpringBoot] [main] [traceId=sem-trace spanId=sem-span eventoId=sem-evento] .s.d.r.c.RepositoryConfigurationDelegate : Multiple Spring Data modules found, entering strict repository configuration mode
2026-09-07T11:59:39.310-03:00  INFO 14004 --- [ProjetoSpringBoot] [main] [traceId=sem-trace spanId=sem-span eventoId=sem-evento] .s.d.r.c.RepositoryConfigurationDelegate : Bootstrapping Spring Data JPA repositories in DEFAULT mode.
2026-09-07T11:59:39.444-03:00  INFO 14004 --- [ProjetoSpringBoot] [main] [traceId=sem-trace spanId=sem-span eventoId=sem-evento] .s.d.r.c.RepositoryConfigurationDelegate : Finished Spring Data repository scanning in 127 ms. Found 8 JPA repository interfaces.
2026-09-07T11:59:39.459-03:00  INFO 14004 --- [ProjetoSpringBoot] [main] [traceId=sem-trace spanId=sem-span eventoId=sem-evento] .s.d.r.c.RepositoryConfigurationDelegate : Multiple Spring Data modules found, entering strict repository configuration mode
2026-09-07T11:59:39.460-03:00  INFO 14004 --- [ProjetoSpringBoot] [main] [traceId=sem-trace spanId=sem-span eventoId=sem-evento] .s.d.r.c.RepositoryConfigurationDelegate : Bootstrapping Spring Data Redis repositories in DEFAULT mode.
2026-09-07T11:59:39.478-03:00  INFO 14004 --- [ProjetoSpringBoot] [main] [traceId=sem-trace spanId=sem-span eventoId=sem-evento] .RepositoryConfigurationExtensionSupport : Spring Data Redis - Could not safely identify store assignment for repository candidate interface br.com.exemplo.projetospringboot.repository.AnexoPedidoRepository; If you want this repository to be a Redis repository, consider annotating your entities with one of these annotations: org.springframework.data.redis.core.RedisHash (preferred), or consider extending one of the following types with your repository: org.springframework.data.keyvalue.repository.KeyValueRepository
2026-09-07T11:59:39.479-03:00  INFO 14004 --- [ProjetoSpringBoot] [main] [traceId=sem-trace spanId=sem-span eventoId=sem-evento] .RepositoryConfigurationExtensionSupport : Spring Data Redis - Could not safely identify store assignment for repository candidate interface br.com.exemplo.projetospringboot.repository.AuditoriaRelatorioRepository; If you want this repository to be a Redis repository, consider annotating your entities with one of these annotations: org.springframework.data.redis.core.RedisHash (preferred), or consider extending one of the following types with your repository: org.springframework.data.keyvalue.repository.KeyValueRepository
2026-09-07T11:59:39.479-03:00  INFO 14004 --- [ProjetoSpringBoot] [main] [traceId=sem-trace spanId=sem-span eventoId=sem-evento] .RepositoryConfigurationExtensionSupport : Spring Data Redis - Could not safely identify store assignment for repository candidate interface br.com.exemplo.projetospringboot.repository.ClienteRepository; If you want this repository to be a Redis repository, consider annotating your entities with one of these annotations: org.springframework.data.redis.core.RedisHash (preferred), or consider extending one of the following types with your repository: org.springframework.data.keyvalue.repository.KeyValueRepository
2026-09-07T11:59:39.479-03:00  INFO 14004 --- [ProjetoSpringBoot] [main] [traceId=sem-trace spanId=sem-span eventoId=sem-evento] .RepositoryConfigurationExtensionSupport : Spring Data Redis - Could not safely identify store assignment for repository candidate interface br.com.exemplo.projetospringboot.repository.EventoOutboxRepository; If you want this repository to be a Redis repository, consider annotating your entities with one of these annotations: org.springframework.data.redis.core.RedisHash (preferred), or consider extending one of the following types with your repository: org.springframework.data.keyvalue.repository.KeyValueRepository
2026-09-07T11:59:39.479-03:00  INFO 14004 --- [ProjetoSpringBoot] [main] [traceId=sem-trace spanId=sem-span eventoId=sem-evento] .RepositoryConfigurationExtensionSupport : Spring Data Redis - Could not safely identify store assignment for repository candidate interface br.com.exemplo.projetospringboot.repository.EventoProcessadoRepository; If you want this repository to be a Redis repository, consider annotating your entities with one of these annotations: org.springframework.data.redis.core.RedisHash (preferred), or consider extending one of the following types with your repository: org.springframework.data.keyvalue.repository.KeyValueRepository
2026-09-07T11:59:39.479-03:00  INFO 14004 --- [ProjetoSpringBoot] [main] [traceId=sem-trace spanId=sem-span eventoId=sem-evento] .RepositoryConfigurationExtensionSupport : Spring Data Redis - Could not safely identify store assignment for repository candidate interface br.com.exemplo.projetospringboot.repository.PedidoRepository; If you want this repository to be a Redis repository, consider annotating your entities with one of these annotations: org.springframework.data.redis.core.RedisHash (preferred), or consider extending one of the following types with your repository: org.springframework.data.keyvalue.repository.KeyValueRepository
2026-09-07T11:59:39.480-03:00  INFO 14004 --- [ProjetoSpringBoot] [main] [traceId=sem-trace spanId=sem-span eventoId=sem-evento] .RepositoryConfigurationExtensionSupport : Spring Data Redis - Could not safely identify store assignment for repository candidate interface br.com.exemplo.projetospringboot.repository.RelatorioPedidoRepository; If you want this repository to be a Redis repository, consider annotating your entities with one of these annotations: org.springframework.data.redis.core.RedisHash (preferred), or consider extending one of the following types with your repository: org.springframework.data.keyvalue.repository.KeyValueRepository
2026-09-07T11:59:39.480-03:00  INFO 14004 --- [ProjetoSpringBoot] [main] [traceId=sem-trace spanId=sem-span eventoId=sem-evento] .RepositoryConfigurationExtensionSupport : Spring Data Redis - Could not safely identify store assignment for repository candidate interface br.com.exemplo.projetospringboot.repository.UsuarioRepository; If you want this repository to be a Redis repository, consider annotating your entities with one of these annotations: org.springframework.data.redis.core.RedisHash (preferred), or consider extending one of the following types with your repository: org.springframework.data.keyvalue.repository.KeyValueRepository
2026-09-07T11:59:39.480-03:00  INFO 14004 --- [ProjetoSpringBoot] [main] [traceId=sem-trace spanId=sem-span eventoId=sem-evento] .s.d.r.c.RepositoryConfigurationDelegate : Finished Spring Data repository scanning in 10 ms. Found 0 Redis repository interfaces.
2026-09-07T11:59:40.036-03:00  INFO 14004 --- [ProjetoSpringBoot] [main] [traceId=sem-trace spanId=sem-span eventoId=sem-evento] o.s.boot.tomcat.TomcatWebServer          : Tomcat initialized with port 8080 (http)
2026-09-07T11:59:40.048-03:00  INFO 14004 --- [ProjetoSpringBoot] [main] [traceId=sem-trace spanId=sem-span eventoId=sem-evento] o.apache.catalina.core.StandardService   : Starting service [Tomcat]
2026-09-07T11:59:40.048-03:00  INFO 14004 --- [ProjetoSpringBoot] [main] [traceId=sem-trace spanId=sem-span eventoId=sem-evento] o.apache.catalina.core.StandardEngine    : Starting Servlet engine: [Apache Tomcat/11.0.22]
2026-09-07T11:59:40.105-03:00  INFO 14004 --- [ProjetoSpringBoot] [main] [traceId=sem-trace spanId=sem-span eventoId=sem-evento] b.w.c.s.WebApplicationContextInitializer : Root WebApplicationContext: initialization completed in 1574 ms
2026-09-07T11:59:40.452-03:00  INFO 14004 --- [ProjetoSpringBoot] [main] [traceId=sem-trace spanId=sem-span eventoId=sem-evento] com.zaxxer.hikari.HikariDataSource       : HikariPool-1 - Starting...
2026-09-07T11:59:40.641-03:00  INFO 14004 --- [ProjetoSpringBoot] [main] [traceId=sem-trace spanId=sem-span eventoId=sem-evento] com.zaxxer.hikari.pool.HikariPool        : HikariPool-1 - Added connection conn0: url=jdbc:h2:file:./data/projetodb user=SA
2026-09-07T11:59:40.642-03:00  INFO 14004 --- [ProjetoSpringBoot] [main] [traceId=sem-trace spanId=sem-span eventoId=sem-evento] com.zaxxer.hikari.HikariDataSource       : HikariPool-1 - Start completed.
2026-09-07T11:59:40.723-03:00  INFO 14004 --- [ProjetoSpringBoot] [main] [traceId=sem-trace spanId=sem-span eventoId=sem-evento] org.hibernate.orm.jpa                    : HHH008540: Processing PersistenceUnitInfo [name: default]
2026-09-07T11:59:40.768-03:00  INFO 14004 --- [ProjetoSpringBoot] [main] [traceId=sem-trace spanId=sem-span eventoId=sem-evento] org.hibernate.orm.core                   : HHH000001: Hibernate ORM core version 7.4.1.Final
2026-09-07T11:59:41.115-03:00  INFO 14004 --- [ProjetoSpringBoot] [main] [traceId=sem-trace spanId=sem-span eventoId=sem-evento] o.s.o.j.p.SpringPersistenceUnitInfo      : No LoadTimeWeaver setup: ignoring JPA class transformer
2026-09-07T11:59:41.187-03:00  INFO 14004 --- [ProjetoSpringBoot] [main] [traceId=sem-trace spanId=sem-span eventoId=sem-evento] org.hibernate.orm.connections.pooling    : HHH10001005: Database info:
	Database JDBC URL [jdbc:h2:file:./data/projetodb]
	Database driver: H2 JDBC Driver
	Database dialect: H2Dialect
	Database version: 2.4.240
	Default catalog/schema: PROJETODB/PUBLIC
	Autocommit mode: undefined/unknown
	Isolation level: READ_COMMITTED [default READ_COMMITTED]
	JDBC fetch size: 100
	Pool: DataSourceConnectionProvider
	Minimum pool size: undefined/unknown
	Maximum pool size: undefined/unknown
2026-09-07T11:59:41.970-03:00  INFO 14004 --- [ProjetoSpringBoot] [main] [traceId=sem-trace spanId=sem-span eventoId=sem-evento] org.hibernate.orm.core                   : HHH000489: No JTA platform available (set 'hibernate.transaction.jta.platform' to enable JTA platform integration)
2026-09-07T11:59:42.048-03:00  INFO 14004 --- [ProjetoSpringBoot] [main] [traceId=sem-trace spanId=sem-span eventoId=sem-evento] j.LocalContainerEntityManagerFactoryBean : Initialized JPA EntityManagerFactory for persistence unit 'default'
2026-09-07T11:59:42.112-03:00  INFO 14004 --- [ProjetoSpringBoot] [main] [traceId=sem-trace spanId=sem-span eventoId=sem-evento] o.s.d.j.r.query.QueryEnhancerFactories   : Hibernate is in classpath; If applicable, HQL parser will be used.
2026-09-07T11:59:42.756-03:00  INFO 14004 --- [ProjetoSpringBoot] [main] [traceId=sem-trace spanId=sem-span eventoId=sem-evento] eAuthenticationProviderManagerConfigurer : Global AuthenticationManager configured with AuthenticationProvider bean with name authenticationProvider
2026-09-07T11:59:42.756-03:00  WARN 14004 --- [ProjetoSpringBoot] [main] [traceId=sem-trace spanId=sem-span eventoId=sem-evento] r$InitializeUserDetailsManagerConfigurer : Global AuthenticationManager configured with an AuthenticationProvider bean. UserDetailsService beans will not be used by Spring Security for automatically configuring username/password login. Consider removing the AuthenticationProvider bean. Alternatively, consider using the UserDetailsService in a manually instantiated DaoAuthenticationProvider. If the current configuration is intentional, to turn off this warning, increase the logging level of 'org.springframework.security.config.annotation.authentication.configuration.InitializeUserDetailsBeanManagerConfigurer' to ERROR
2026-09-07T11:59:43.911-03:00  WARN 14004 --- [ProjetoSpringBoot] [main] [traceId=sem-trace spanId=sem-span eventoId=sem-evento] JpaBaseConfiguration$JpaWebConfiguration : spring.jpa.open-in-view is enabled by default. Therefore, database queries may be performed during view rendering. Explicitly configure spring.jpa.open-in-view to disable this warning
2026-09-07T11:59:44.956-03:00  INFO 14004 --- [ProjetoSpringBoot] [main] [traceId=sem-trace spanId=sem-span eventoId=sem-evento] o.s.b.h.a.H2ConsoleAutoConfiguration     : H2 console available at '/h2-console'. Database available at 'jdbc:h2:file:./data/projetodb'
2026-09-07T11:59:45.054-03:00  INFO 14004 --- [ProjetoSpringBoot] [main] [traceId=sem-trace spanId=sem-span eventoId=sem-evento] o.s.b.a.e.web.EndpointLinksResolver      : Exposing 3 endpoints beneath base path '/actuator'
2026-09-07T11:59:45.177-03:00  INFO 14004 --- [ProjetoSpringBoot] [main] [traceId=sem-trace spanId=sem-span eventoId=sem-evento] o.s.boot.tomcat.TomcatWebServer          : Tomcat started on port 8080 (http) with context path '/ProjetoSpringBoot'
2026-09-07T11:59:45.387-03:00  INFO 14004 --- [ProjetoSpringBoot] [main] [traceId=sem-trace spanId=sem-span eventoId=sem-evento] b.c.e.p.ProjetoSpringBootApplication     : Started ProjetoSpringBootApplication in 7.374 seconds (process running for 8.091)
2026-09-07T11:59:45.885-03:00  INFO 14004 --- [ProjetoSpringBoot] [RMI TCP Connection(2)-172.24.128.1] [traceId=sem-trace spanId=sem-span eventoId=sem-evento] o.a.c.c.C.[.[.[/ProjetoSpringBoot]       : Initializing Spring DispatcherServlet 'dispatcherServlet'
2026-09-07T11:59:45.885-03:00  INFO 14004 --- [ProjetoSpringBoot] [RMI TCP Connection(2)-172.24.128.1] [traceId=sem-trace spanId=sem-span eventoId=sem-evento] o.s.web.servlet.DispatcherServlet        : Initializing Servlet 'dispatcherServlet'
2026-09-07T11:59:45.888-03:00  INFO 14004 --- [ProjetoSpringBoot] [RMI TCP Connection(2)-172.24.128.1] [traceId=sem-trace spanId=sem-span eventoId=sem-evento] o.s.web.servlet.DispatcherServlet        : Completed initialization in 3 ms
2026-09-07T11:59:46.287-03:00 ERROR 14004 --- [ProjetoSpringBoot] [sqs-relatorios-2] [traceId=sem-trace spanId=sem-span eventoId=sem-evento] o.s.s.s.TaskUtils$LoggingErrorHandler    : Unexpected error occurred in scheduled task

software.amazon.awssdk.core.exception.SdkClientException: Your session has expired. Please reauthenticate.
	at software.amazon.awssdk.core.exception.SdkClientException$BuilderImpl.build(SdkClientException.java:130) ~[sdk-core-2.54.8.jar:na]
	at software.amazon.awssdk.core.exception.SdkClientException.create(SdkClientException.java:47) ~[sdk-core-2.54.8.jar:na]
	at software.amazon.awssdk.services.signin.auth.LoginCredentialsProvider.refreshFromSigninService(LoginCredentialsProvider.java:208) ~[signin-2.54.8.jar:na]
	at software.amazon.awssdk.services.signin.auth.LoginCredentialsProvider.updateSigninCredentials(LoginCredentialsProvider.java:159) ~[signin-2.54.8.jar:na]
	at software.amazon.awssdk.utils.cache.CachedSupplier.lambda$jitteredPrefetchValueSupplier$8(CachedSupplier.java:300) ~[utils-2.54.8.jar:na]
	at software.amazon.awssdk.utils.cache.NonBlocking.fetch(NonBlocking.java:151) ~[utils-2.54.8.jar:na]
	at software.amazon.awssdk.utils.cache.CachedSupplier.refreshCache(CachedSupplier.java:208) ~[utils-2.54.8.jar:na]
	at software.amazon.awssdk.utils.cache.CachedSupplier.get(CachedSupplier.java:135) ~[utils-2.54.8.jar:na]
	at software.amazon.awssdk.services.signin.auth.LoginCredentialsProvider.resolveCredentials(LoginCredentialsProvider.java:255) ~[signin-2.54.8.jar:na]
	at software.amazon.awssdk.services.signin.auth.LoginProfileCredentialsProviderFactory$LoginProfileCredentialsProvider.resolveCredentials(LoginProfileCredentialsProviderFactory.java:87) ~[signin-2.54.8.jar:na]
	at software.amazon.awssdk.auth.credentials.AwsCredentialsProvider.resolveIdentity(AwsCredentialsProvider.java:54) ~[auth-2.54.8.jar:na]
	at software.amazon.awssdk.core.http.auth.AuthSchemeResolver.lambda$resolveIdentity$4(AuthSchemeResolver.java:296) ~[sdk-core-2.54.8.jar:na]
	at software.amazon.awssdk.core.internal.util.MetricUtils.reportDuration(MetricUtils.java:81) ~[sdk-core-2.54.8.jar:na]
	at software.amazon.awssdk.core.http.auth.AuthSchemeResolver.resolveIdentity(AuthSchemeResolver.java:296) ~[sdk-core-2.54.8.jar:na]
	at software.amazon.awssdk.core.http.auth.AuthSchemeResolver.trySelectAuthScheme(AuthSchemeResolver.java:281) ~[sdk-core-2.54.8.jar:na]
	at software.amazon.awssdk.core.http.auth.AuthSchemeResolver.selectAuthScheme(AuthSchemeResolver.java:109) ~[sdk-core-2.54.8.jar:na]
	at software.amazon.awssdk.core.internal.http.pipeline.stages.AuthSchemeResolutionStage.execute(AuthSchemeResolutionStage.java:90) ~[sdk-core-2.54.8.jar:na]
	at software.amazon.awssdk.core.internal.http.pipeline.stages.AuthSchemeResolutionStage.execute(AuthSchemeResolutionStage.java:50) ~[sdk-core-2.54.8.jar:na]
	at software.amazon.awssdk.core.internal.http.pipeline.RequestPipelineBuilder$ComposingRequestPipelineStage.execute(RequestPipelineBuilder.java:206) ~[sdk-core-2.54.8.jar:na]
	at software.amazon.awssdk.core.internal.http.pipeline.RequestPipelineBuilder$ComposingRequestPipelineStage.execute(RequestPipelineBuilder.java:206) ~[sdk-core-2.54.8.jar:na]
	at software.amazon.awssdk.core.internal.http.pipeline.RequestPipelineBuilder$ComposingRequestPipelineStage.execute(RequestPipelineBuilder.java:206) ~[sdk-core-2.54.8.jar:na]
	at software.amazon.awssdk.core.internal.http.pipeline.RequestPipelineBuilder$ComposingRequestPipelineStage.execute(RequestPipelineBuilder.java:206) ~[sdk-core-2.54.8.jar:na]
	at software.amazon.awssdk.core.internal.http.pipeline.RequestPipelineBuilder$ComposingRequestPipelineStage.execute(RequestPipelineBuilder.java:206) ~[sdk-core-2.54.8.jar:na]
	at software.amazon.awssdk.core.internal.http.pipeline.RequestPipelineBuilder$ComposingRequestPipelineStage.execute(RequestPipelineBuilder.java:206) ~[sdk-core-2.54.8.jar:na]
	at software.amazon.awssdk.core.internal.http.StreamManagingStage.execute(StreamManagingStage.java:53) ~[sdk-core-2.54.8.jar:na]
	at software.amazon.awssdk.core.internal.http.StreamManagingStage.execute(StreamManagingStage.java:35) ~[sdk-core-2.54.8.jar:na]
	at software.amazon.awssdk.core.internal.http.pipeline.stages.ApiCallTimeoutTrackingStage.executeWithTimer(ApiCallTimeoutTrackingStage.java:82) ~[sdk-core-2.54.8.jar:na]
	at software.amazon.awssdk.core.internal.http.pipeline.stages.ApiCallTimeoutTrackingStage.execute(ApiCallTimeoutTrackingStage.java:62) ~[sdk-core-2.54.8.jar:na]
	at software.amazon.awssdk.core.internal.http.pipeline.stages.ApiCallTimeoutTrackingStage.execute(ApiCallTimeoutTrackingStage.java:43) ~[sdk-core-2.54.8.jar:na]
	at software.amazon.awssdk.core.internal.http.pipeline.stages.ApiCallMetricCollectionStage.execute(ApiCallMetricCollectionStage.java:49) ~[sdk-core-2.54.8.jar:na]
	at software.amazon.awssdk.core.internal.http.pipeline.stages.ApiCallMetricCollectionStage.execute(ApiCallMetricCollectionStage.java:32) ~[sdk-core-2.54.8.jar:na]
	at software.amazon.awssdk.core.internal.http.pipeline.RequestPipelineBuilder$ComposingRequestPipelineStage.execute(RequestPipelineBuilder.java:206) ~[sdk-core-2.54.8.jar:na]
	at software.amazon.awssdk.core.internal.http.pipeline.RequestPipelineBuilder$ComposingRequestPipelineStage.execute(RequestPipelineBuilder.java:206) ~[sdk-core-2.54.8.jar:na]
	at software.amazon.awssdk.core.internal.http.pipeline.stages.ExecutionFailureExceptionReportingStage.execute(ExecutionFailureExceptionReportingStage.java:37) ~[sdk-core-2.54.8.jar:na]
	at software.amazon.awssdk.core.internal.http.pipeline.stages.ExecutionFailureExceptionReportingStage.execute(ExecutionFailureExceptionReportingStage.java:26) ~[sdk-core-2.54.8.jar:na]
	at software.amazon.awssdk.core.internal.http.AmazonSyncHttpClient$RequestExecutionBuilderImpl.execute(AmazonSyncHttpClient.java:214) ~[sdk-core-2.54.8.jar:na]
	at software.amazon.awssdk.core.internal.handler.BaseSyncClientHandler.invoke(BaseSyncClientHandler.java:103) ~[sdk-core-2.54.8.jar:na]
	at software.amazon.awssdk.core.internal.handler.BaseSyncClientHandler.doExecute(BaseSyncClientHandler.java:173) ~[sdk-core-2.54.8.jar:na]
	at software.amazon.awssdk.core.internal.handler.BaseSyncClientHandler.lambda$execute$1(BaseSyncClientHandler.java:80) ~[sdk-core-2.54.8.jar:na]
	at software.amazon.awssdk.core.internal.handler.BaseSyncClientHandler.measureApiCallSuccess(BaseSyncClientHandler.java:182) ~[sdk-core-2.54.8.jar:na]
	at software.amazon.awssdk.core.internal.handler.BaseSyncClientHandler.execute(BaseSyncClientHandler.java:74) ~[sdk-core-2.54.8.jar:na]
	at software.amazon.awssdk.core.client.handler.SdkSyncClientHandler.execute(SdkSyncClientHandler.java:45) ~[sdk-core-2.54.8.jar:na]
	at software.amazon.awssdk.awscore.client.handler.AwsSyncClientHandler.execute(AwsSyncClientHandler.java:53) ~[aws-core-2.54.8.jar:na]
	at software.amazon.awssdk.services.sts.DefaultStsClient.assumeRole(DefaultStsClient.java:319) ~[sts-2.54.8.jar:na]
	at software.amazon.awssdk.services.sts.auth.StsAssumeRoleCredentialsProvider.getUpdatedCredentials(StsAssumeRoleCredentialsProvider.java:84) ~[sts-2.54.8.jar:na]
	at software.amazon.awssdk.services.sts.auth.StsCredentialsProvider.updateSessionCredentials(StsCredentialsProvider.java:93) ~[sts-2.54.8.jar:na]
	at software.amazon.awssdk.utils.cache.CachedSupplier.lambda$jitteredPrefetchValueSupplier$8(CachedSupplier.java:300) ~[utils-2.54.8.jar:na]
	at software.amazon.awssdk.utils.cache.CachedSupplier$PrefetchStrategy.fetch(CachedSupplier.java:460) ~[utils-2.54.8.jar:na]
	at software.amazon.awssdk.utils.cache.CachedSupplier.refreshCache(CachedSupplier.java:208) ~[utils-2.54.8.jar:na]
	at software.amazon.awssdk.utils.cache.CachedSupplier.get(CachedSupplier.java:135) ~[utils-2.54.8.jar:na]
	at software.amazon.awssdk.services.sts.auth.StsCredentialsProvider.resolveCredentials(StsCredentialsProvider.java:106) ~[sts-2.54.8.jar:na]
	at software.amazon.awssdk.services.sts.internal.StsProfileCredentialsProviderFactory$StsProfileCredentialsProvider.resolveCredentials(StsProfileCredentialsProviderFactory.java:117) ~[sts-2.54.8.jar:na]
	at software.amazon.awssdk.auth.credentials.ProfileCredentialsProvider.resolveCredentials(ProfileCredentialsProvider.java:131) ~[auth-2.54.8.jar:na]
	at software.amazon.awssdk.auth.credentials.AwsCredentialsProvider.resolveIdentity(AwsCredentialsProvider.java:54) ~[auth-2.54.8.jar:na]
	at software.amazon.awssdk.core.http.auth.AuthSchemeResolver.lambda$resolveIdentity$4(AuthSchemeResolver.java:296) ~[sdk-core-2.54.8.jar:na]
	at software.amazon.awssdk.core.internal.util.MetricUtils.reportDuration(MetricUtils.java:81) ~[sdk-core-2.54.8.jar:na]
	at software.amazon.awssdk.core.http.auth.AuthSchemeResolver.resolveIdentity(AuthSchemeResolver.java:296) ~[sdk-core-2.54.8.jar:na]
	at software.amazon.awssdk.core.http.auth.AuthSchemeResolver.trySelectAuthScheme(AuthSchemeResolver.java:281) ~[sdk-core-2.54.8.jar:na]
	at software.amazon.awssdk.core.http.auth.AuthSchemeResolver.selectAuthScheme(AuthSchemeResolver.java:109) ~[sdk-core-2.54.8.jar:na]
	at software.amazon.awssdk.core.internal.http.pipeline.stages.AuthSchemeResolutionStage.execute(AuthSchemeResolutionStage.java:90) ~[sdk-core-2.54.8.jar:na]
	at software.amazon.awssdk.core.internal.http.pipeline.stages.AuthSchemeResolutionStage.execute(AuthSchemeResolutionStage.java:50) ~[sdk-core-2.54.8.jar:na]
	at software.amazon.awssdk.core.internal.http.pipeline.RequestPipelineBuilder$ComposingRequestPipelineStage.execute(RequestPipelineBuilder.java:206) ~[sdk-core-2.54.8.jar:na]
	at software.amazon.awssdk.core.internal.http.pipeline.RequestPipelineBuilder$ComposingRequestPipelineStage.execute(RequestPipelineBuilder.java:206) ~[sdk-core-2.54.8.jar:na]
	at software.amazon.awssdk.core.internal.http.pipeline.RequestPipelineBuilder$ComposingRequestPipelineStage.execute(RequestPipelineBuilder.java:206) ~[sdk-core-2.54.8.jar:na]
	at software.amazon.awssdk.core.internal.http.pipeline.RequestPipelineBuilder$ComposingRequestPipelineStage.execute(RequestPipelineBuilder.java:206) ~[sdk-core-2.54.8.jar:na]
	at software.amazon.awssdk.core.internal.http.pipeline.RequestPipelineBuilder$ComposingRequestPipelineStage.execute(RequestPipelineBuilder.java:206) ~[sdk-core-2.54.8.jar:na]
	at software.amazon.awssdk.core.internal.http.pipeline.RequestPipelineBuilder$ComposingRequestPipelineStage.execute(RequestPipelineBuilder.java:206) ~[sdk-core-2.54.8.jar:na]
	at software.amazon.awssdk.core.internal.http.StreamManagingStage.execute(StreamManagingStage.java:53) ~[sdk-core-2.54.8.jar:na]
	at software.amazon.awssdk.core.internal.http.StreamManagingStage.execute(StreamManagingStage.java:35) ~[sdk-core-2.54.8.jar:na]
	at software.amazon.awssdk.core.internal.http.pipeline.stages.ApiCallTimeoutTrackingStage.executeWithTimer(ApiCallTimeoutTrackingStage.java:82) ~[sdk-core-2.54.8.jar:na]
	at software.amazon.awssdk.core.internal.http.pipeline.stages.ApiCallTimeoutTrackingStage.execute(ApiCallTimeoutTrackingStage.java:62) ~[sdk-core-2.54.8.jar:na]
	at software.amazon.awssdk.core.internal.http.pipeline.stages.ApiCallTimeoutTrackingStage.execute(ApiCallTimeoutTrackingStage.java:43) ~[sdk-core-2.54.8.jar:na]
	at software.amazon.awssdk.core.internal.http.pipeline.stages.ApiCallMetricCollectionStage.execute(ApiCallMetricCollectionStage.java:49) ~[sdk-core-2.54.8.jar:na]
	at software.amazon.awssdk.core.internal.http.pipeline.stages.ApiCallMetricCollectionStage.execute(ApiCallMetricCollectionStage.java:32) ~[sdk-core-2.54.8.jar:na]
	at software.amazon.awssdk.core.internal.http.pipeline.RequestPipelineBuilder$ComposingRequestPipelineStage.execute(RequestPipelineBuilder.java:206) ~[sdk-core-2.54.8.jar:na]
	at software.amazon.awssdk.core.internal.http.pipeline.RequestPipelineBuilder$ComposingRequestPipelineStage.execute(RequestPipelineBuilder.java:206) ~[sdk-core-2.54.8.jar:na]
	at software.amazon.awssdk.core.internal.http.pipeline.stages.ExecutionFailureExceptionReportingStage.execute(ExecutionFailureExceptionReportingStage.java:37) ~[sdk-core-2.54.8.jar:na]
	at software.amazon.awssdk.core.internal.http.pipeline.stages.ExecutionFailureExceptionReportingStage.execute(ExecutionFailureExceptionReportingStage.java:26) ~[sdk-core-2.54.8.jar:na]
	at software.amazon.awssdk.core.internal.http.AmazonSyncHttpClient$RequestExecutionBuilderImpl.execute(AmazonSyncHttpClient.java:214) ~[sdk-core-2.54.8.jar:na]
	at software.amazon.awssdk.core.internal.handler.BaseSyncClientHandler.invoke(BaseSyncClientHandler.java:103) ~[sdk-core-2.54.8.jar:na]
	at software.amazon.awssdk.core.internal.handler.BaseSyncClientHandler.doExecute(BaseSyncClientHandler.java:173) ~[sdk-core-2.54.8.jar:na]
	at software.amazon.awssdk.core.internal.handler.BaseSyncClientHandler.lambda$execute$1(BaseSyncClientHandler.java:80) ~[sdk-core-2.54.8.jar:na]
	at software.amazon.awssdk.core.internal.handler.BaseSyncClientHandler.measureApiCallSuccess(BaseSyncClientHandler.java:182) ~[sdk-core-2.54.8.jar:na]
	at software.amazon.awssdk.core.internal.handler.BaseSyncClientHandler.execute(BaseSyncClientHandler.java:74) ~[sdk-core-2.54.8.jar:na]
	at software.amazon.awssdk.core.client.handler.SdkSyncClientHandler.execute(SdkSyncClientHandler.java:45) ~[sdk-core-2.54.8.jar:na]
	at software.amazon.awssdk.awscore.client.handler.AwsSyncClientHandler.execute(AwsSyncClientHandler.java:53) ~[aws-core-2.54.8.jar:na]
	at software.amazon.awssdk.services.sqs.DefaultSqsClient.receiveMessage(DefaultSqsClient.java:1996) ~[sqs-2.54.8.jar:na]
	at br.com.exemplo.projetospringboot.messaging.consumer.RelatorioPedidoSqsConsumer.receberEProcessar(RelatorioPedidoSqsConsumer.java:81) ~[classes/:na]
	at br.com.exemplo.projetospringboot.messaging.job.RelatorioPedidoSqsJob.consultarFila(RelatorioPedidoSqsJob.java:43) ~[classes/:na]
	at java.base/jdk.internal.reflect.DirectMethodHandleAccessor.invoke(DirectMethodHandleAccessor.java:103) ~[na:na]
	at java.base/java.lang.reflect.Method.invoke(Method.java:580) ~[na:na]
	at org.springframework.scheduling.support.ScheduledMethodRunnable.runInternal(ScheduledMethodRunnable.java:128) ~[spring-context-7.0.8.jar:7.0.8]
	at org.springframework.scheduling.support.ScheduledMethodRunnable.lambda$run$1(ScheduledMethodRunnable.java:122) ~[spring-context-7.0.8.jar:7.0.8]
	at io.micrometer.observation.Observation.observe(Observation.java:569) ~[micrometer-observation-1.17.0.jar:1.17.0]
	at org.springframework.scheduling.support.ScheduledMethodRunnable.run(ScheduledMethodRunnable.java:122) ~[spring-context-7.0.8.jar:7.0.8]
	at org.springframework.scheduling.config.Task$OutcomeTrackingRunnable.run(Task.java:88) ~[spring-context-7.0.8.jar:7.0.8]
	at org.springframework.scheduling.support.DelegatingErrorHandlingRunnable.run(DelegatingErrorHandlingRunnable.java:54) ~[spring-context-7.0.8.jar:7.0.8]
	at java.base/java.util.concurrent.Executors$RunnableAdapter.call(Executors.java:572) ~[na:na]
	at java.base/java.util.concurrent.FutureTask.runAndReset(FutureTask.java:358) ~[na:na]
	at java.base/java.util.concurrent.ScheduledThreadPoolExecutor$ScheduledFutureTask.run(ScheduledThreadPoolExecutor.java:305) ~[na:na]
	at java.base/java.util.concurrent.ThreadPoolExecutor.runWorker(ThreadPoolExecutor.java:1144) ~[na:na]
	at java.base/java.util.concurrent.ThreadPoolExecutor$Worker.run(ThreadPoolExecutor.java:642) ~[na:na]
	at java.base/java.lang.Thread.run(Thread.java:1583) ~[na:na]
Caused by: software.amazon.awssdk.services.signin.model.AccessDeniedException: The refresh token has expired. (Service: Signin, Status Code: 401, Request ID: X-Amzn-Trace-Id=Root=1-6a9ed161-0362e9047776f9537bc8ed62;RequestId=b9ce8ab7-8a7b-4708-8e1a-1686d85937cb) (SDK Attempt Count: 1)
	at software.amazon.awssdk.services.signin.model.AccessDeniedException$BuilderImpl.build(AccessDeniedException.java:276) ~[signin-2.54.8.jar:na]
	at software.amazon.awssdk.services.signin.model.AccessDeniedException$BuilderImpl.build(AccessDeniedException.java:201) ~[signin-2.54.8.jar:na]
	at software.amazon.awssdk.core.internal.http.pipeline.stages.utils.RetryableStageHelper.retryPolicyDisallowedRetryException(RetryableStageHelper.java:251) ~[sdk-core-2.54.8.jar:na]
	at software.amazon.awssdk.core.internal.http.pipeline.stages.RetryableStage.execute(RetryableStage.java:86) ~[sdk-core-2.54.8.jar:na]
	at software.amazon.awssdk.core.internal.http.pipeline.stages.RetryableStage.execute(RetryableStage.java:39) ~[sdk-core-2.54.8.jar:na]
	at software.amazon.awssdk.core.internal.http.pipeline.RequestPipelineBuilder$ComposingRequestPipelineStage.execute(RequestPipelineBuilder.java:206) ~[sdk-core-2.54.8.jar:na]
	at software.amazon.awssdk.core.internal.http.StreamManagingStage.execute(StreamManagingStage.java:53) ~[sdk-core-2.54.8.jar:na]
	at software.amazon.awssdk.core.internal.http.StreamManagingStage.execute(StreamManagingStage.java:35) ~[sdk-core-2.54.8.jar:na]
	at software.amazon.awssdk.core.internal.http.pipeline.stages.ApiCallTimeoutTrackingStage.executeWithTimer(ApiCallTimeoutTrackingStage.java:82) ~[sdk-core-2.54.8.jar:na]
	at software.amazon.awssdk.core.internal.http.pipeline.stages.ApiCallTimeoutTrackingStage.execute(ApiCallTimeoutTrackingStage.java:62) ~[sdk-core-2.54.8.jar:na]
	at software.amazon.awssdk.core.internal.http.pipeline.stages.ApiCallTimeoutTrackingStage.execute(ApiCallTimeoutTrackingStage.java:43) ~[sdk-core-2.54.8.jar:na]
	at software.amazon.awssdk.core.internal.http.pipeline.stages.ApiCallMetricCollectionStage.execute(ApiCallMetricCollectionStage.java:49) ~[sdk-core-2.54.8.jar:na]
	at software.amazon.awssdk.core.internal.http.pipeline.stages.ApiCallMetricCollectionStage.execute(ApiCallMetricCollectionStage.java:32) ~[sdk-core-2.54.8.jar:na]
	at software.amazon.awssdk.core.internal.http.pipeline.RequestPipelineBuilder$ComposingRequestPipelineStage.execute(RequestPipelineBuilder.java:206) ~[sdk-core-2.54.8.jar:na]
	at software.amazon.awssdk.core.internal.http.pipeline.RequestPipelineBuilder$ComposingRequestPipelineStage.execute(RequestPipelineBuilder.java:206) ~[sdk-core-2.54.8.jar:na]
	at software.amazon.awssdk.core.internal.http.pipeline.stages.ExecutionFailureExceptionReportingStage.execute(ExecutionFailureExceptionReportingStage.java:37) ~[sdk-core-2.54.8.jar:na]
	at software.amazon.awssdk.core.internal.http.pipeline.stages.ExecutionFailureExceptionReportingStage.execute(ExecutionFailureExceptionReportingStage.java:26) ~[sdk-core-2.54.8.jar:na]
	at software.amazon.awssdk.core.internal.http.AmazonSyncHttpClient$RequestExecutionBuilderImpl.execute(AmazonSyncHttpClient.java:214) ~[sdk-core-2.54.8.jar:na]
	at software.amazon.awssdk.core.internal.handler.BaseSyncClientHandler.invoke(BaseSyncClientHandler.java:103) ~[sdk-core-2.54.8.jar:na]
	at software.amazon.awssdk.core.internal.handler.BaseSyncClientHandler.doExecute(BaseSyncClientHandler.java:173) ~[sdk-core-2.54.8.jar:na]
	at software.amazon.awssdk.core.internal.handler.BaseSyncClientHandler.lambda$execute$1(BaseSyncClientHandler.java:80) ~[sdk-core-2.54.8.jar:na]
	at software.amazon.awssdk.core.internal.handler.BaseSyncClientHandler.measureApiCallSuccess(BaseSyncClientHandler.java:182) ~[sdk-core-2.54.8.jar:na]
	at software.amazon.awssdk.core.internal.handler.BaseSyncClientHandler.execute(BaseSyncClientHandler.java:74) ~[sdk-core-2.54.8.jar:na]
	at software.amazon.awssdk.core.client.handler.SdkSyncClientHandler.execute(SdkSyncClientHandler.java:45) ~[sdk-core-2.54.8.jar:na]
	at software.amazon.awssdk.awscore.client.handler.AwsSyncClientHandler.execute(AwsSyncClientHandler.java:53) ~[aws-core-2.54.8.jar:na]
	at software.amazon.awssdk.services.signin.DefaultSigninClient.createOAuth2Token(DefaultSigninClient.java:304) ~[signin-2.54.8.jar:na]
	at software.amazon.awssdk.services.signin.auth.LoginCredentialsProvider.refreshFromSigninService(LoginCredentialsProvider.java:177) ~[signin-2.54.8.jar:na]
	... 100 common frames omitted

2026-09-07T11:59:46.335-03:00 ERROR 14004 --- [ProjetoSpringBoot] [sqs-relatorios-1] [traceId=sem-trace spanId=sem-span eventoId=sem-evento] o.s.s.s.TaskUtils$LoggingErrorHandler    : Unexpected error occurred in scheduled task

software.amazon.awssdk.core.exception.SdkClientException: Your session has expired. Please reauthenticate.
	at software.amazon.awssdk.core.exception.SdkClientException$BuilderImpl.build(SdkClientException.java:130) ~[sdk-core-2.54.8.jar:na]
	at software.amazon.awssdk.core.exception.SdkClientException.create(SdkClientException.java:47) ~[sdk-core-2.54.8.jar:na]
	at software.amazon.awssdk.services.signin.auth.LoginCredentialsProvider.refreshFromSigninService(LoginCredentialsProvider.java:208) ~[signin-2.54.8.jar:na]
	at software.amazon.awssdk.services.signin.auth.LoginCredentialsProvider.updateSigninCredentials(LoginCredentialsProvider.java:159) ~[signin-2.54.8.jar:na]
	at software.amazon.awssdk.utils.cache.CachedSupplier.lambda$jitteredPrefetchValueSupplier$8(CachedSupplier.java:300) ~[utils-2.54.8.jar:na]
	at software.amazon.awssdk.utils.cache.NonBlocking.fetch(NonBlocking.java:151) ~[utils-2.54.8.jar:na]
	at software.amazon.awssdk.utils.cache.CachedSupplier.refreshCache(CachedSupplier.java:208) ~[utils-2.54.8.jar:na]
	at software.amazon.awssdk.utils.cache.CachedSupplier.get(CachedSupplier.java:135) ~[utils-2.54.8.jar:na]
	at software.amazon.awssdk.services.signin.auth.LoginCredentialsProvider.resolveCredentials(LoginCredentialsProvider.java:255) ~[signin-2.54.8.jar:na]
	at software.amazon.awssdk.services.signin.auth.LoginProfileCredentialsProviderFactory$LoginProfileCredentialsProvider.resolveCredentials(LoginProfileCredentialsProviderFactory.java:87) ~[signin-2.54.8.jar:na]
	at software.amazon.awssdk.auth.credentials.AwsCredentialsProvider.resolveIdentity(AwsCredentialsProvider.java:54) ~[auth-2.54.8.jar:na]
	at software.amazon.awssdk.core.http.auth.AuthSchemeResolver.lambda$resolveIdentity$4(AuthSchemeResolver.java:296) ~[sdk-core-2.54.8.jar:na]
	at software.amazon.awssdk.core.internal.util.MetricUtils.reportDuration(MetricUtils.java:81) ~[sdk-core-2.54.8.jar:na]
	at software.amazon.awssdk.core.http.auth.AuthSchemeResolver.resolveIdentity(AuthSchemeResolver.java:296) ~[sdk-core-2.54.8.jar:na]
	at software.amazon.awssdk.core.http.auth.AuthSchemeResolver.trySelectAuthScheme(AuthSchemeResolver.java:281) ~[sdk-core-2.54.8.jar:na]
	at software.amazon.awssdk.core.http.auth.AuthSchemeResolver.selectAuthScheme(AuthSchemeResolver.java:109) ~[sdk-core-2.54.8.jar:na]
	at software.amazon.awssdk.core.internal.http.pipeline.stages.AuthSchemeResolutionStage.execute(AuthSchemeResolutionStage.java:90) ~[sdk-core-2.54.8.jar:na]
	at software.amazon.awssdk.core.internal.http.pipeline.stages.AuthSchemeResolutionStage.execute(AuthSchemeResolutionStage.java:50) ~[sdk-core-2.54.8.jar:na]
	at software.amazon.awssdk.core.internal.http.pipeline.RequestPipelineBuilder$ComposingRequestPipelineStage.execute(RequestPipelineBuilder.java:206) ~[sdk-core-2.54.8.jar:na]
	at software.amazon.awssdk.core.internal.http.pipeline.RequestPipelineBuilder$ComposingRequestPipelineStage.execute(RequestPipelineBuilder.java:206) ~[sdk-core-2.54.8.jar:na]
	at software.amazon.awssdk.core.internal.http.pipeline.RequestPipelineBuilder$ComposingRequestPipelineStage.execute(RequestPipelineBuilder.java:206) ~[sdk-core-2.54.8.jar:na]
	at software.amazon.awssdk.core.internal.http.pipeline.RequestPipelineBuilder$ComposingRequestPipelineStage.execute(RequestPipelineBuilder.java:206) ~[sdk-core-2.54.8.jar:na]
	at software.amazon.awssdk.core.internal.http.pipeline.RequestPipelineBuilder$ComposingRequestPipelineStage.execute(RequestPipelineBuilder.java:206) ~[sdk-core-2.54.8.jar:na]
	at software.amazon.awssdk.core.internal.http.pipeline.RequestPipelineBuilder$ComposingRequestPipelineStage.execute(RequestPipelineBuilder.java:206) ~[sdk-core-2.54.8.jar:na]
	at software.amazon.awssdk.core.internal.http.StreamManagingStage.execute(StreamManagingStage.java:53) ~[sdk-core-2.54.8.jar:na]
	at software.amazon.awssdk.core.internal.http.StreamManagingStage.execute(StreamManagingStage.java:35) ~[sdk-core-2.54.8.jar:na]
	at software.amazon.awssdk.core.internal.http.pipeline.stages.ApiCallTimeoutTrackingStage.executeWithTimer(ApiCallTimeoutTrackingStage.java:82) ~[sdk-core-2.54.8.jar:na]
	at software.amazon.awssdk.core.internal.http.pipeline.stages.ApiCallTimeoutTrackingStage.execute(ApiCallTimeoutTrackingStage.java:62) ~[sdk-core-2.54.8.jar:na]
	at software.amazon.awssdk.core.internal.http.pipeline.stages.ApiCallTimeoutTrackingStage.execute(ApiCallTimeoutTrackingStage.java:43) ~[sdk-core-2.54.8.jar:na]
	at software.amazon.awssdk.core.internal.http.pipeline.stages.ApiCallMetricCollectionStage.execute(ApiCallMetricCollectionStage.java:49) ~[sdk-core-2.54.8.jar:na]
	at software.amazon.awssdk.core.internal.http.pipeline.stages.ApiCallMetricCollectionStage.execute(ApiCallMetricCollectionStage.java:32) ~[sdk-core-2.54.8.jar:na]
	at software.amazon.awssdk.core.internal.http.pipeline.RequestPipelineBuilder$ComposingRequestPipelineStage.execute(RequestPipelineBuilder.java:206) ~[sdk-core-2.54.8.jar:na]
	at software.amazon.awssdk.core.internal.http.pipeline.RequestPipelineBuilder$ComposingRequestPipelineStage.execute(RequestPipelineBuilder.java:206) ~[sdk-core-2.54.8.jar:na]
	at software.amazon.awssdk.core.internal.http.pipeline.stages.ExecutionFailureExceptionReportingStage.execute(ExecutionFailureExceptionReportingStage.java:37) ~[sdk-core-2.54.8.jar:na]
	at software.amazon.awssdk.core.internal.http.pipeline.stages.ExecutionFailureExceptionReportingStage.execute(ExecutionFailureExceptionReportingStage.java:26) ~[sdk-core-2.54.8.jar:na]
	at software.amazon.awssdk.core.internal.http.AmazonSyncHttpClient$RequestExecutionBuilderImpl.execute(AmazonSyncHttpClient.java:214) ~[sdk-core-2.54.8.jar:na]
	at software.amazon.awssdk.core.internal.handler.BaseSyncClientHandler.invoke(BaseSyncClientHandler.java:103) ~[sdk-core-2.54.8.jar:na]
	at software.amazon.awssdk.core.internal.handler.BaseSyncClientHandler.doExecute(BaseSyncClientHandler.java:173) ~[sdk-core-2.54.8.jar:na]
	at software.amazon.awssdk.core.internal.handler.BaseSyncClientHandler.lambda$execute$1(BaseSyncClientHandler.java:80) ~[sdk-core-2.54.8.jar:na]
	at software.amazon.awssdk.core.internal.handler.BaseSyncClientHandler.measureApiCallSuccess(BaseSyncClientHandler.java:182) ~[sdk-core-2.54.8.jar:na]
	at software.amazon.awssdk.core.internal.handler.BaseSyncClientHandler.execute(BaseSyncClientHandler.java:74) ~[sdk-core-2.54.8.jar:na]
	at software.amazon.awssdk.core.client.handler.SdkSyncClientHandler.execute(SdkSyncClientHandler.java:45) ~[sdk-core-2.54.8.jar:na]
	at software.amazon.awssdk.awscore.client.handler.AwsSyncClientHandler.execute(AwsSyncClientHandler.java:53) ~[aws-core-2.54.8.jar:na]
	at software.amazon.awssdk.services.sts.DefaultStsClient.assumeRole(DefaultStsClient.java:319) ~[sts-2.54.8.jar:na]
	at software.amazon.awssdk.services.sts.auth.StsAssumeRoleCredentialsProvider.getUpdatedCredentials(StsAssumeRoleCredentialsProvider.java:84) ~[sts-2.54.8.jar:na]
	at software.amazon.awssdk.services.sts.auth.StsCredentialsProvider.updateSessionCredentials(StsCredentialsProvider.java:93) ~[sts-2.54.8.jar:na]
	at software.amazon.awssdk.utils.cache.CachedSupplier.lambda$jitteredPrefetchValueSupplier$8(CachedSupplier.java:300) ~[utils-2.54.8.jar:na]
	at software.amazon.awssdk.utils.cache.CachedSupplier$PrefetchStrategy.fetch(CachedSupplier.java:460) ~[utils-2.54.8.jar:na]
	at software.amazon.awssdk.utils.cache.CachedSupplier.refreshCache(CachedSupplier.java:208) ~[utils-2.54.8.jar:na]
	at software.amazon.awssdk.utils.cache.CachedSupplier.get(CachedSupplier.java:135) ~[utils-2.54.8.jar:na]
	at software.amazon.awssdk.services.sts.auth.StsCredentialsProvider.resolveCredentials(StsCredentialsProvider.java:106) ~[sts-2.54.8.jar:na]
	at software.amazon.awssdk.services.sts.internal.StsProfileCredentialsProviderFactory$StsProfileCredentialsProvider.resolveCredentials(StsProfileCredentialsProviderFactory.java:117) ~[sts-2.54.8.jar:na]
	at software.amazon.awssdk.auth.credentials.ProfileCredentialsProvider.resolveCredentials(ProfileCredentialsProvider.java:131) ~[auth-2.54.8.jar:na]
	at software.amazon.awssdk.auth.credentials.AwsCredentialsProvider.resolveIdentity(AwsCredentialsProvider.java:54) ~[auth-2.54.8.jar:na]
	at software.amazon.awssdk.core.http.auth.AuthSchemeResolver.lambda$resolveIdentity$4(AuthSchemeResolver.java:296) ~[sdk-core-2.54.8.jar:na]
	at software.amazon.awssdk.core.internal.util.MetricUtils.reportDuration(MetricUtils.java:81) ~[sdk-core-2.54.8.jar:na]
	at software.amazon.awssdk.core.http.auth.AuthSchemeResolver.resolveIdentity(AuthSchemeResolver.java:296) ~[sdk-core-2.54.8.jar:na]
	at software.amazon.awssdk.core.http.auth.AuthSchemeResolver.trySelectAuthScheme(AuthSchemeResolver.java:281) ~[sdk-core-2.54.8.jar:na]
	at software.amazon.awssdk.core.http.auth.AuthSchemeResolver.selectAuthScheme(AuthSchemeResolver.java:109) ~[sdk-core-2.54.8.jar:na]
	at software.amazon.awssdk.core.internal.http.pipeline.stages.AuthSchemeResolutionStage.execute(AuthSchemeResolutionStage.java:90) ~[sdk-core-2.54.8.jar:na]
	at software.amazon.awssdk.core.internal.http.pipeline.stages.AuthSchemeResolutionStage.execute(AuthSchemeResolutionStage.java:50) ~[sdk-core-2.54.8.jar:na]
	at software.amazon.awssdk.core.internal.http.pipeline.RequestPipelineBuilder$ComposingRequestPipelineStage.execute(RequestPipelineBuilder.java:206) ~[sdk-core-2.54.8.jar:na]
	at software.amazon.awssdk.core.internal.http.pipeline.RequestPipelineBuilder$ComposingRequestPipelineStage.execute(RequestPipelineBuilder.java:206) ~[sdk-core-2.54.8.jar:na]
	at software.amazon.awssdk.core.internal.http.pipeline.RequestPipelineBuilder$ComposingRequestPipelineStage.execute(RequestPipelineBuilder.java:206) ~[sdk-core-2.54.8.jar:na]
	at software.amazon.awssdk.core.internal.http.pipeline.RequestPipelineBuilder$ComposingRequestPipelineStage.execute(RequestPipelineBuilder.java:206) ~[sdk-core-2.54.8.jar:na]
	at software.amazon.awssdk.core.internal.http.pipeline.RequestPipelineBuilder$ComposingRequestPipelineStage.execute(RequestPipelineBuilder.java:206) ~[sdk-core-2.54.8.jar:na]
	at software.amazon.awssdk.core.internal.http.pipeline.RequestPipelineBuilder$ComposingRequestPipelineStage.execute(RequestPipelineBuilder.java:206) ~[sdk-core-2.54.8.jar:na]
	at software.amazon.awssdk.core.internal.http.StreamManagingStage.execute(StreamManagingStage.java:53) ~[sdk-core-2.54.8.jar:na]
	at software.amazon.awssdk.core.internal.http.StreamManagingStage.execute(StreamManagingStage.java:35) ~[sdk-core-2.54.8.jar:na]
	at software.amazon.awssdk.core.internal.http.pipeline.stages.ApiCallTimeoutTrackingStage.executeWithTimer(ApiCallTimeoutTrackingStage.java:82) ~[sdk-core-2.54.8.jar:na]
	at software.amazon.awssdk.core.internal.http.pipeline.stages.ApiCallTimeoutTrackingStage.execute(ApiCallTimeoutTrackingStage.java:62) ~[sdk-core-2.54.8.jar:na]
	at software.amazon.awssdk.core.internal.http.pipeline.stages.ApiCallTimeoutTrackingStage.execute(ApiCallTimeoutTrackingStage.java:43) ~[sdk-core-2.54.8.jar:na]
	at software.amazon.awssdk.core.internal.http.pipeline.stages.ApiCallMetricCollectionStage.execute(ApiCallMetricCollectionStage.java:49) ~[sdk-core-2.54.8.jar:na]
	at software.amazon.awssdk.core.internal.http.pipeline.stages.ApiCallMetricCollectionStage.execute(ApiCallMetricCollectionStage.java:32) ~[sdk-core-2.54.8.jar:na]
	at software.amazon.awssdk.core.internal.http.pipeline.RequestPipelineBuilder$ComposingRequestPipelineStage.execute(RequestPipelineBuilder.java:206) ~[sdk-core-2.54.8.jar:na]
	at software.amazon.awssdk.core.internal.http.pipeline.RequestPipelineBuilder$ComposingRequestPipelineStage.execute(RequestPipelineBuilder.java:206) ~[sdk-core-2.54.8.jar:na]
	at software.amazon.awssdk.core.internal.http.pipeline.stages.ExecutionFailureExceptionReportingStage.execute(ExecutionFailureExceptionReportingStage.java:37) ~[sdk-core-2.54.8.jar:na]
	at software.amazon.awssdk.core.internal.http.pipeline.stages.ExecutionFailureExceptionReportingStage.execute(ExecutionFailureExceptionReportingStage.java:26) ~[sdk-core-2.54.8.jar:na]
	at software.amazon.awssdk.core.internal.http.AmazonSyncHttpClient$RequestExecutionBuilderImpl.execute(AmazonSyncHttpClient.java:214) ~[sdk-core-2.54.8.jar:na]
	at software.amazon.awssdk.core.internal.handler.BaseSyncClientHandler.invoke(BaseSyncClientHandler.java:103) ~[sdk-core-2.54.8.jar:na]
	at software.amazon.awssdk.core.internal.handler.BaseSyncClientHandler.doExecute(BaseSyncClientHandler.java:173) ~[sdk-core-2.54.8.jar:na]
	at software.amazon.awssdk.core.internal.handler.BaseSyncClientHandler.lambda$execute$1(BaseSyncClientHandler.java:80) ~[sdk-core-2.54.8.jar:na]
	at software.amazon.awssdk.core.internal.handler.BaseSyncClientHandler.measureApiCallSuccess(BaseSyncClientHandler.java:182) ~[sdk-core-2.54.8.jar:na]
	at software.amazon.awssdk.core.internal.handler.BaseSyncClientHandler.execute(BaseSyncClientHandler.java:74) ~[sdk-core-2.54.8.jar:na]
	at software.amazon.awssdk.core.client.handler.SdkSyncClientHandler.execute(SdkSyncClientHandler.java:45) ~[sdk-core-2.54.8.jar:na]
	at software.amazon.awssdk.awscore.client.handler.AwsSyncClientHandler.execute(AwsSyncClientHandler.java:53) ~[aws-core-2.54.8.jar:na]
	at software.amazon.awssdk.services.sqs.DefaultSqsClient.receiveMessage(DefaultSqsClient.java:1996) ~[sqs-2.54.8.jar:na]
	at br.com.exemplo.projetospringboot.messaging.consumer.AuditoriaRelatorioSqsConsumer.receberEProcessar(AuditoriaRelatorioSqsConsumer.java:62) ~[classes/:na]
	at br.com.exemplo.projetospringboot.messaging.job.AuditoriaRelatorioSqsJob.consultarFila(AuditoriaRelatorioSqsJob.java:34) ~[classes/:na]
	at java.base/jdk.internal.reflect.DirectMethodHandleAccessor.invoke(DirectMethodHandleAccessor.java:103) ~[na:na]
	at java.base/java.lang.reflect.Method.invoke(Method.java:580) ~[na:na]
	at org.springframework.scheduling.support.ScheduledMethodRunnable.runInternal(ScheduledMethodRunnable.java:128) ~[spring-context-7.0.8.jar:7.0.8]
	at org.springframework.scheduling.support.ScheduledMethodRunnable.lambda$run$1(ScheduledMethodRunnable.java:122) ~[spring-context-7.0.8.jar:7.0.8]
	at io.micrometer.observation.Observation.observe(Observation.java:569) ~[micrometer-observation-1.17.0.jar:1.17.0]
	at org.springframework.scheduling.support.ScheduledMethodRunnable.run(ScheduledMethodRunnable.java:122) ~[spring-context-7.0.8.jar:7.0.8]
	at org.springframework.scheduling.config.Task$OutcomeTrackingRunnable.run(Task.java:88) ~[spring-context-7.0.8.jar:7.0.8]
	at org.springframework.scheduling.support.DelegatingErrorHandlingRunnable.run(DelegatingErrorHandlingRunnable.java:54) ~[spring-context-7.0.8.jar:7.0.8]
	at java.base/java.util.concurrent.Executors$RunnableAdapter.call(Executors.java:572) ~[na:na]
	at java.base/java.util.concurrent.FutureTask.runAndReset(FutureTask.java:358) ~[na:na]
	at java.base/java.util.concurrent.ScheduledThreadPoolExecutor$ScheduledFutureTask.run(ScheduledThreadPoolExecutor.java:305) ~[na:na]
	at java.base/java.util.concurrent.ThreadPoolExecutor.runWorker(ThreadPoolExecutor.java:1144) ~[na:na]
	at java.base/java.util.concurrent.ThreadPoolExecutor$Worker.run(ThreadPoolExecutor.java:642) ~[na:na]
	at java.base/java.lang.Thread.run(Thread.java:1583) ~[na:na]
Caused by: software.amazon.awssdk.services.signin.model.AccessDeniedException: The refresh token has expired. (Service: Signin, Status Code: 401, Request ID: X-Amzn-Trace-Id=Root=1-6a9ed162-62dd927b4942198c12e5aa94;RequestId=d7608862-2d8d-4533-8207-dd654df8b660) (SDK Attempt Count: 1)
	at software.amazon.awssdk.services.signin.model.AccessDeniedException$BuilderImpl.build(AccessDeniedException.java:276) ~[signin-2.54.8.jar:na]
	at software.amazon.awssdk.services.signin.model.AccessDeniedException$BuilderImpl.build(AccessDeniedException.java:201) ~[signin-2.54.8.jar:na]
	at software.amazon.awssdk.core.internal.http.pipeline.stages.utils.RetryableStageHelper.retryPolicyDisallowedRetryException(RetryableStageHelper.java:251) ~[sdk-core-2.54.8.jar:na]
	at software.amazon.awssdk.core.internal.http.pipeline.stages.RetryableStage.execute(RetryableStage.java:86) ~[sdk-core-2.54.8.jar:na]
	at software.amazon.awssdk.core.internal.http.pipeline.stages.RetryableStage.execute(RetryableStage.java:39) ~[sdk-core-2.54.8.jar:na]
	at software.amazon.awssdk.core.internal.http.pipeline.RequestPipelineBuilder$ComposingRequestPipelineStage.execute(RequestPipelineBuilder.java:206) ~[sdk-core-2.54.8.jar:na]
	at software.amazon.awssdk.core.internal.http.StreamManagingStage.execute(StreamManagingStage.java:53) ~[sdk-core-2.54.8.jar:na]
	at software.amazon.awssdk.core.internal.http.StreamManagingStage.execute(StreamManagingStage.java:35) ~[sdk-core-2.54.8.jar:na]
	at software.amazon.awssdk.core.internal.http.pipeline.stages.ApiCallTimeoutTrackingStage.executeWithTimer(ApiCallTimeoutTrackingStage.java:82) ~[sdk-core-2.54.8.jar:na]
	at software.amazon.awssdk.core.internal.http.pipeline.stages.ApiCallTimeoutTrackingStage.execute(ApiCallTimeoutTrackingStage.java:62) ~[sdk-core-2.54.8.jar:na]
	at software.amazon.awssdk.core.internal.http.pipeline.stages.ApiCallTimeoutTrackingStage.execute(ApiCallTimeoutTrackingStage.java:43) ~[sdk-core-2.54.8.jar:na]
	at software.amazon.awssdk.core.internal.http.pipeline.stages.ApiCallMetricCollectionStage.execute(ApiCallMetricCollectionStage.java:49) ~[sdk-core-2.54.8.jar:na]
	at software.amazon.awssdk.core.internal.http.pipeline.stages.ApiCallMetricCollectionStage.execute(ApiCallMetricCollectionStage.java:32) ~[sdk-core-2.54.8.jar:na]
	at software.amazon.awssdk.core.internal.http.pipeline.RequestPipelineBuilder$ComposingRequestPipelineStage.execute(RequestPipelineBuilder.java:206) ~[sdk-core-2.54.8.jar:na]
	at software.amazon.awssdk.core.internal.http.pipeline.RequestPipelineBuilder$ComposingRequestPipelineStage.execute(RequestPipelineBuilder.java:206) ~[sdk-core-2.54.8.jar:na]
	at software.amazon.awssdk.core.internal.http.pipeline.stages.ExecutionFailureExceptionReportingStage.execute(ExecutionFailureExceptionReportingStage.java:37) ~[sdk-core-2.54.8.jar:na]
	at software.amazon.awssdk.core.internal.http.pipeline.stages.ExecutionFailureExceptionReportingStage.execute(ExecutionFailureExceptionReportingStage.java:26) ~[sdk-core-2.54.8.jar:na]
	at software.amazon.awssdk.core.internal.http.AmazonSyncHttpClient$RequestExecutionBuilderImpl.execute(AmazonSyncHttpClient.java:214) ~[sdk-core-2.54.8.jar:na]
	at software.amazon.awssdk.core.internal.handler.BaseSyncClientHandler.invoke(BaseSyncClientHandler.java:103) ~[sdk-core-2.54.8.jar:na]
	at software.amazon.awssdk.core.internal.handler.BaseSyncClientHandler.doExecute(BaseSyncClientHandler.java:173) ~[sdk-core-2.54.8.jar:na]
	at software.amazon.awssdk.core.internal.handler.BaseSyncClientHandler.lambda$execute$1(BaseSyncClientHandler.java:80) ~[sdk-core-2.54.8.jar:na]
	at software.amazon.awssdk.core.internal.handler.BaseSyncClientHandler.measureApiCallSuccess(BaseSyncClientHandler.java:182) ~[sdk-core-2.54.8.jar:na]
	at software.amazon.awssdk.core.internal.handler.BaseSyncClientHandler.execute(BaseSyncClientHandler.java:74) ~[sdk-core-2.54.8.jar:na]
	at software.amazon.awssdk.core.client.handler.SdkSyncClientHandler.execute(SdkSyncClientHandler.java:45) ~[sdk-core-2.54.8.jar:na]
	at software.amazon.awssdk.awscore.client.handler.AwsSyncClientHandler.execute(AwsSyncClientHandler.java:53) ~[aws-core-2.54.8.jar:na]
	at software.amazon.awssdk.services.signin.DefaultSigninClient.createOAuth2Token(DefaultSigninClient.java:304) ~[signin-2.54.8.jar:na]
	at software.amazon.awssdk.services.signin.auth.LoginCredentialsProvider.refreshFromSigninService(LoginCredentialsProvider.java:177) ~[signin-2.54.8.jar:na]
	... 100 common frames omitted

2026-09-07T11:59:51.328-03:00 ERROR 14004 --- [ProjetoSpringBoot] [sqs-relatorios-2] [traceId=sem-trace spanId=sem-span eventoId=sem-evento] o.s.s.s.TaskUtils$LoggingErrorHandler    : Unexpected error occurred in scheduled task

software.amazon.awssdk.core.exception.SdkClientException: Your session has expired. Please reauthenticate.
	at software.amazon.awssdk.core.exception.SdkClientException$BuilderImpl.build(SdkClientException.java:130) ~[sdk-core-2.54.8.jar:na]
	at software.amazon.awssdk.core.exception.SdkClientException.create(SdkClientException.java:47) ~[sdk-core-2.54.8.jar:na]
	at software.amazon.awssdk.services.signin.auth.LoginCredentialsProvider.refreshFromSigninService(LoginCredentialsProvider.java:208) ~[signin-2.54.8.jar:na]
	at software.amazon.awssdk.services.signin.auth.LoginCredentialsProvider.updateSigninCredentials(LoginCredentialsProvider.java:159) ~[signin-2.54.8.jar:na]
	at software.amazon.awssdk.utils.cache.CachedSupplier.lambda$jitteredPrefetchValueSupplier$8(CachedSupplier.java:300) ~[utils-2.54.8.jar:na]
	at software.amazon.awssdk.utils.cache.NonBlocking.fetch(NonBlocking.java:151) ~[utils-2.54.8.jar:na]
	at software.amazon.awssdk.utils.cache.CachedSupplier.refreshCache(CachedSupplier.java:208) ~[utils-2.54.8.jar:na]
	at software.amazon.awssdk.utils.cache.CachedSupplier.get(CachedSupplier.java:135) ~[utils-2.54.8.jar:na]
	at software.amazon.awssdk.services.signin.auth.LoginCredentialsProvider.resolveCredentials(LoginCredentialsProvider.java:255) ~[signin-2.54.8.jar:na]
	at software.amazon.awssdk.services.signin.auth.LoginProfileCredentialsProviderFactory$LoginProfileCredentialsProvider.resolveCredentials(LoginProfileCredentialsProviderFactory.java:87) ~[signin-2.54.8.jar:na]
	at software.amazon.awssdk.auth.credentials.AwsCredentialsProvider.resolveIdentity(AwsCredentialsProvider.java:54) ~[auth-2.54.8.jar:na]
	at software.amazon.awssdk.core.http.auth.AuthSchemeResolver.lambda$resolveIdentity$4(AuthSchemeResolver.java:296) ~[sdk-core-2.54.8.jar:na]
	at software.amazon.awssdk.core.internal.util.MetricUtils.reportDuration(MetricUtils.java:81) ~[sdk-core-2.54.8.jar:na]
	at software.amazon.awssdk.core.http.auth.AuthSchemeResolver.resolveIdentity(AuthSchemeResolver.java:296) ~[sdk-core-2.54.8.jar:na]
	at software.amazon.awssdk.core.http.auth.AuthSchemeResolver.trySelectAuthScheme(AuthSchemeResolver.java:281) ~[sdk-core-2.54.8.jar:na]
	at software.amazon.awssdk.core.http.auth.AuthSchemeResolver.selectAuthScheme(AuthSchemeResolver.java:109) ~[sdk-core-2.54.8.jar:na]
	at software.amazon.awssdk.core.internal.http.pipeline.stages.AuthSchemeResolutionStage.execute(AuthSchemeResolutionStage.java:90) ~[sdk-core-2.54.8.jar:na]
	at software.amazon.awssdk.core.internal.http.pipeline.stages.AuthSchemeResolutionStage.execute(AuthSchemeResolutionStage.java:50) ~[sdk-core-2.54.8.jar:na]
	at software.amazon.awssdk.core.internal.http.pipeline.RequestPipelineBuilder$ComposingRequestPipelineStage.execute(RequestPipelineBuilder.java:206) ~[sdk-core-2.54.8.jar:na]
	at software.amazon.awssdk.core.internal.http.pipeline.RequestPipelineBuilder$ComposingRequestPipelineStage.execute(RequestPipelineBuilder.java:206) ~[sdk-core-2.54.8.jar:na]
	at software.amazon.awssdk.core.internal.http.pipeline.RequestPipelineBuilder$ComposingRequestPipelineStage.execute(RequestPipelineBuilder.java:206) ~[sdk-core-2.54.8.jar:na]
	at software.amazon.awssdk.core.internal.http.pipeline.RequestPipelineBuilder$ComposingRequestPipelineStage.execute(RequestPipelineBuilder.java:206) ~[sdk-core-2.54.8.jar:na]
	at software.amazon.awssdk.core.internal.http.pipeline.RequestPipelineBuilder$ComposingRequestPipelineStage.execute(RequestPipelineBuilder.java:206) ~[sdk-core-2.54.8.jar:na]
	at software.amazon.awssdk.core.internal.http.pipeline.RequestPipelineBuilder$ComposingRequestPipelineStage.execute(RequestPipelineBuilder.java:206) ~[sdk-core-2.54.8.jar:na]
	at software.amazon.awssdk.core.internal.http.StreamManagingStage.execute(StreamManagingStage.java:53) ~[sdk-core-2.54.8.jar:na]
	at software.amazon.awssdk.core.internal.http.StreamManagingStage.execute(StreamManagingStage.java:35) ~[sdk-core-2.54.8.jar:na]
	at software.amazon.awssdk.core.internal.http.pipeline.stages.ApiCallTimeoutTrackingStage.executeWithTimer(ApiCallTimeoutTrackingStage.java:82) ~[sdk-core-2.54.8.jar:na]
	at software.amazon.awssdk.core.internal.http.pipeline.stages.ApiCallTimeoutTrackingStage.execute(ApiCallTimeoutTrackingStage.java:62) ~[sdk-core-2.54.8.jar:na]
	at software.amazon.awssdk.core.internal.http.pipeline.stages.ApiCallTimeoutTrackingStage.execute(ApiCallTimeoutTrackingStage.java:43) ~[sdk-core-2.54.8.jar:na]
	at software.amazon.awssdk.core.internal.http.pipeline.stages.ApiCallMetricCollectionStage.execute(ApiCallMetricCollectionStage.java:49) ~[sdk-core-2.54.8.jar:na]
	at software.amazon.awssdk.core.internal.http.pipeline.stages.ApiCallMetricCollectionStage.execute(ApiCallMetricCollectionStage.java:32) ~[sdk-core-2.54.8.jar:na]
	at software.amazon.awssdk.core.internal.http.pipeline.RequestPipelineBuilder$ComposingRequestPipelineStage.execute(RequestPipelineBuilder.java:206) ~[sdk-core-2.54.8.jar:na]
	at software.amazon.awssdk.core.internal.http.pipeline.RequestPipelineBuilder$ComposingRequestPipelineStage.execute(RequestPipelineBuilder.java:206) ~[sdk-core-2.54.8.jar:na]
	at software.amazon.awssdk.core.internal.http.pipeline.stages.ExecutionFailureExceptionReportingStage.execute(ExecutionFailureExceptionReportingStage.java:37) ~[sdk-core-2.54.8.jar:na]
	at software.amazon.awssdk.core.internal.http.pipeline.stages.ExecutionFailureExceptionReportingStage.execute(ExecutionFailureExceptionReportingStage.java:26) ~[sdk-core-2.54.8.jar:na]
	at software.amazon.awssdk.core.internal.http.AmazonSyncHttpClient$RequestExecutionBuilderImpl.execute(AmazonSyncHttpClient.java:214) ~[sdk-core-2.54.8.jar:na]
	at software.amazon.awssdk.core.internal.handler.BaseSyncClientHandler.invoke(BaseSyncClientHandler.java:103) ~[sdk-core-2.54.8.jar:na]
	at software.amazon.awssdk.core.internal.handler.BaseSyncClientHandler.doExecute(BaseSyncClientHandler.java:173) ~[sdk-core-2.54.8.jar:na]
	at software.amazon.awssdk.core.internal.handler.BaseSyncClientHandler.lambda$execute$1(BaseSyncClientHandler.java:80) ~[sdk-core-2.54.8.jar:na]
	at software.amazon.awssdk.core.internal.handler.BaseSyncClientHandler.measureApiCallSuccess(BaseSyncClientHandler.java:182) ~[sdk-core-2.54.8.jar:na]
	at software.amazon.awssdk.core.internal.handler.BaseSyncClientHandler.execute(BaseSyncClientHandler.java:74) ~[sdk-core-2.54.8.jar:na]
	at software.amazon.awssdk.core.client.handler.SdkSyncClientHandler.execute(SdkSyncClientHandler.java:45) ~[sdk-core-2.54.8.jar:na]
	at software.amazon.awssdk.awscore.client.handler.AwsSyncClientHandler.execute(AwsSyncClientHandler.java:53) ~[aws-core-2.54.8.jar:na]
	at software.amazon.awssdk.services.sts.DefaultStsClient.assumeRole(DefaultStsClient.java:319) ~[sts-2.54.8.jar:na]
	at software.amazon.awssdk.services.sts.auth.StsAssumeRoleCredentialsProvider.getUpdatedCredentials(StsAssumeRoleCredentialsProvider.java:84) ~[sts-2.54.8.jar:na]
	at software.amazon.awssdk.services.sts.auth.StsCredentialsProvider.updateSessionCredentials(StsCredentialsProvider.java:93) ~[sts-2.54.8.jar:na]
	at software.amazon.awssdk.utils.cache.CachedSupplier.lambda$jitteredPrefetchValueSupplier$8(CachedSupplier.java:300) ~[utils-2.54.8.jar:na]
	at software.amazon.awssdk.utils.cache.CachedSupplier$PrefetchStrategy.fetch(CachedSupplier.java:460) ~[utils-2.54.8.jar:na]
	at software.amazon.awssdk.utils.cache.CachedSupplier.refreshCache(CachedSupplier.java:208) ~[utils-2.54.8.jar:na]
	at software.amazon.awssdk.utils.cache.CachedSupplier.get(CachedSupplier.java:135) ~[utils-2.54.8.jar:na]
	at software.amazon.awssdk.services.sts.auth.StsCredentialsProvider.resolveCredentials(StsCredentialsProvider.java:106) ~[sts-2.54.8.jar:na]
	at software.amazon.awssdk.services.sts.internal.StsProfileCredentialsProviderFactory$StsProfileCredentialsProvider.resolveCredentials(StsProfileCredentialsProviderFactory.java:117) ~[sts-2.54.8.jar:na]
	at software.amazon.awssdk.auth.credentials.ProfileCredentialsProvider.resolveCredentials(ProfileCredentialsProvider.java:131) ~[auth-2.54.8.jar:na]
	at software.amazon.awssdk.auth.credentials.AwsCredentialsProvider.resolveIdentity(AwsCredentialsProvider.java:54) ~[auth-2.54.8.jar:na]
	at software.amazon.awssdk.core.http.auth.AuthSchemeResolver.lambda$resolveIdentity$4(AuthSchemeResolver.java:296) ~[sdk-core-2.54.8.jar:na]
	at software.amazon.awssdk.core.internal.util.MetricUtils.reportDuration(MetricUtils.java:81) ~[sdk-core-2.54.8.jar:na]
	at software.amazon.awssdk.core.http.auth.AuthSchemeResolver.resolveIdentity(AuthSchemeResolver.java:296) ~[sdk-core-2.54.8.jar:na]
	at software.amazon.awssdk.core.http.auth.AuthSchemeResolver.trySelectAuthScheme(AuthSchemeResolver.java:281) ~[sdk-core-2.54.8.jar:na]
	at software.amazon.awssdk.core.http.auth.AuthSchemeResolver.selectAuthScheme(AuthSchemeResolver.java:109) ~[sdk-core-2.54.8.jar:na]
	at software.amazon.awssdk.core.internal.http.pipeline.stages.AuthSchemeResolutionStage.execute(AuthSchemeResolutionStage.java:90) ~[sdk-core-2.54.8.jar:na]
	at software.amazon.awssdk.core.internal.http.pipeline.stages.AuthSchemeResolutionStage.execute(AuthSchemeResolutionStage.java:50) ~[sdk-core-2.54.8.jar:na]
	at software.amazon.awssdk.core.internal.http.pipeline.RequestPipelineBuilder$ComposingRequestPipelineStage.execute(RequestPipelineBuilder.java:206) ~[sdk-core-2.54.8.jar:na]
	at software.amazon.awssdk.core.internal.http.pipeline.RequestPipelineBuilder$ComposingRequestPipelineStage.execute(RequestPipelineBuilder.java:206) ~[sdk-core-2.54.8.jar:na]
	at software.amazon.awssdk.core.internal.http.pipeline.RequestPipelineBuilder$ComposingRequestPipelineStage.execute(RequestPipelineBuilder.java:206) ~[sdk-core-2.54.8.jar:na]
	at software.amazon.awssdk.core.internal.http.pipeline.RequestPipelineBuilder$ComposingRequestPipelineStage.execute(RequestPipelineBuilder.java:206) ~[sdk-core-2.54.8.jar:na]
	at software.amazon.awssdk.core.internal.http.pipeline.RequestPipelineBuilder$ComposingRequestPipelineStage.execute(RequestPipelineBuilder.java:206) ~[sdk-core-2.54.8.jar:na]
	at software.amazon.awssdk.core.internal.http.pipeline.RequestPipelineBuilder$ComposingRequestPipelineStage.execute(RequestPipelineBuilder.java:206) ~[sdk-core-2.54.8.jar:na]
	at software.amazon.awssdk.core.internal.http.StreamManagingStage.execute(StreamManagingStage.java:53) ~[sdk-core-2.54.8.jar:na]
	at software.amazon.awssdk.core.internal.http.StreamManagingStage.execute(StreamManagingStage.java:35) ~[sdk-core-2.54.8.jar:na]
	at software.amazon.awssdk.core.internal.http.pipeline.stages.ApiCallTimeoutTrackingStage.executeWithTimer(ApiCallTimeoutTrackingStage.java:82) ~[sdk-core-2.54.8.jar:na]
	at software.amazon.awssdk.core.internal.http.pipeline.stages.ApiCallTimeoutTrackingStage.execute(ApiCallTimeoutTrackingStage.java:62) ~[sdk-core-2.54.8.jar:na]
	at software.amazon.awssdk.core.internal.http.pipeline.stages.ApiCallTimeoutTrackingStage.execute(ApiCallTimeoutTrackingStage.java:43) ~[sdk-core-2.54.8.jar:na]
	at software.amazon.awssdk.core.internal.http.pipeline.stages.ApiCallMetricCollectionStage.execute(ApiCallMetricCollectionStage.java:49) ~[sdk-core-2.54.8.jar:na]
	at software.amazon.awssdk.core.internal.http.pipeline.stages.ApiCallMetricCollectionStage.execute(ApiCallMetricCollectionStage.java:32) ~[sdk-core-2.54.8.jar:na]
	at software.amazon.awssdk.core.internal.http.pipeline.RequestPipelineBuilder$ComposingRequestPipelineStage.execute(RequestPipelineBuilder.java:206) ~[sdk-core-2.54.8.jar:na]
	at software.amazon.awssdk.core.internal.http.pipeline.RequestPipelineBuilder$ComposingRequestPipelineStage.execute(RequestPipelineBuilder.java:206) ~[sdk-core-2.54.8.jar:na]
	at software.amazon.awssdk.core.internal.http.pipeline.stages.ExecutionFailureExceptionReportingStage.execute(ExecutionFailureExceptionReportingStage.java:37) ~[sdk-core-2.54.8.jar:na]
	at software.amazon.awssdk.core.internal.http.pipeline.stages.ExecutionFailureExceptionReportingStage.execute(ExecutionFailureExceptionReportingStage.java:26) ~[sdk-core-2.54.8.jar:na]
	at software.amazon.awssdk.core.internal.http.AmazonSyncHttpClient$RequestExecutionBuilderImpl.execute(AmazonSyncHttpClient.java:214) ~[sdk-core-2.54.8.jar:na]
	at software.amazon.awssdk.core.internal.handler.BaseSyncClientHandler.invoke(BaseSyncClientHandler.java:103) ~[sdk-core-2.54.8.jar:na]
	at software.amazon.awssdk.core.internal.handler.BaseSyncClientHandler.doExecute(BaseSyncClientHandler.java:173) ~[sdk-core-2.54.8.jar:na]
	at software.amazon.awssdk.core.internal.handler.BaseSyncClientHandler.lambda$execute$1(BaseSyncClientHandler.java:80) ~[sdk-core-2.54.8.jar:na]
	at software.amazon.awssdk.core.internal.handler.BaseSyncClientHandler.measureApiCallSuccess(BaseSyncClientHandler.java:182) ~[sdk-core-2.54.8.jar:na]
	at software.amazon.awssdk.core.internal.handler.BaseSyncClientHandler.execute(BaseSyncClientHandler.java:74) ~[sdk-core-2.54.8.jar:na]
	at software.amazon.awssdk.core.client.handler.SdkSyncClientHandler.execute(SdkSyncClientHandler.java:45) ~[sdk-core-2.54.8.jar:na]
	at software.amazon.awssdk.awscore.client.handler.AwsSyncClientHandler.execute(AwsSyncClientHandler.java:53) ~[aws-core-2.54.8.jar:na]
	at software.amazon.awssdk.services.sqs.DefaultSqsClient.receiveMessage(DefaultSqsClient.java:1996) ~[sqs-2.54.8.jar:na]
	at br.com.exemplo.projetospringboot.messaging.consumer.RelatorioPedidoSqsConsumer.receberEProcessar(RelatorioPedidoSqsConsumer.java:81) ~[classes/:na]
	at br.com.exemplo.projetospringboot.messaging.job.RelatorioPedidoSqsJob.consultarFila(RelatorioPedidoSqsJob.java:43) ~[classes/:na]
	at java.base/jdk.internal.reflect.DirectMethodHandleAccessor.invoke(DirectMethodHandleAccessor.java:103) ~[na:na]
	at java.base/java.lang.reflect.Method.invoke(Method.java:580) ~[na:na]
	at org.springframework.scheduling.support.ScheduledMethodRunnable.runInternal(ScheduledMethodRunnable.java:128) ~[spring-context-7.0.8.jar:7.0.8]
	at org.springframework.scheduling.support.ScheduledMethodRunnable.lambda$run$1(ScheduledMethodRunnable.java:122) ~[spring-context-7.0.8.jar:7.0.8]
	at io.micrometer.observation.Observation.observe(Observation.java:569) ~[micrometer-observation-1.17.0.jar:1.17.0]
	at org.springframework.scheduling.support.ScheduledMethodRunnable.run(ScheduledMethodRunnable.java:122) ~[spring-context-7.0.8.jar:7.0.8]
	at org.springframework.scheduling.config.Task$OutcomeTrackingRunnable.run(Task.java:88) ~[spring-context-7.0.8.jar:7.0.8]
	at org.springframework.scheduling.support.DelegatingErrorHandlingRunnable.run(DelegatingErrorHandlingRunnable.java:54) ~[spring-context-7.0.8.jar:7.0.8]
	at java.base/java.util.concurrent.Executors$RunnableAdapter.call(Executors.java:572) ~[na:na]
	at java.base/java.util.concurrent.FutureTask.runAndReset(FutureTask.java:358) ~[na:na]
	at java.base/java.util.concurrent.ScheduledThreadPoolExecutor$ScheduledFutureTask.run(ScheduledThreadPoolExecutor.java:305) ~[na:na]
	at java.base/java.util.concurrent.ThreadPoolExecutor.runWorker(ThreadPoolExecutor.java:1144) ~[na:na]
	at java.base/java.util.concurrent.ThreadPoolExecutor$Worker.run(ThreadPoolExecutor.java:642) ~[na:na]
	at java.base/java.lang.Thread.run(Thread.java:1583) ~[na:na]
Caused by: software.amazon.awssdk.services.signin.model.AccessDeniedException: The refresh token has expired. (Service: Signin, Status Code: 401, Request ID: X-Amzn-Trace-Id=Root=1-6a9ed167-5ebeb0ff38097c955db53293;RequestId=dd215f10-6acc-4661-a0d2-15de9b1588b1) (SDK Attempt Count: 1)
	at software.amazon.awssdk.services.signin.model.AccessDeniedException$BuilderImpl.build(AccessDeniedException.java:276) ~[signin-2.54.8.jar:na]
	at software.amazon.awssdk.services.signin.model.AccessDeniedException$BuilderImpl.build(AccessDeniedException.java:201) ~[signin-2.54.8.jar:na]
	at software.amazon.awssdk.core.internal.http.pipeline.stages.utils.RetryableStageHelper.retryPolicyDisallowedRetryException(RetryableStageHelper.java:251) ~[sdk-core-2.54.8.jar:na]
	at software.amazon.awssdk.core.internal.http.pipeline.stages.RetryableStage.execute(RetryableStage.java:86) ~[sdk-core-2.54.8.jar:na]
	at software.amazon.awssdk.core.internal.http.pipeline.stages.RetryableStage.execute(RetryableStage.java:39) ~[sdk-core-2.54.8.jar:na]
	at software.amazon.awssdk.core.internal.http.pipeline.RequestPipelineBuilder$ComposingRequestPipelineStage.execute(RequestPipelineBuilder.java:206) ~[sdk-core-2.54.8.jar:na]
	at software.amazon.awssdk.core.internal.http.StreamManagingStage.execute(StreamManagingStage.java:53) ~[sdk-core-2.54.8.jar:na]
	at software.amazon.awssdk.core.internal.http.StreamManagingStage.execute(StreamManagingStage.java:35) ~[sdk-core-2.54.8.jar:na]
	at software.amazon.awssdk.core.internal.http.pipeline.stages.ApiCallTimeoutTrackingStage.executeWithTimer(ApiCallTimeoutTrackingStage.java:82) ~[sdk-core-2.54.8.jar:na]
	at software.amazon.awssdk.core.internal.http.pipeline.stages.ApiCallTimeoutTrackingStage.execute(ApiCallTimeoutTrackingStage.java:62) ~[sdk-core-2.54.8.jar:na]
	at software.amazon.awssdk.core.internal.http.pipeline.stages.ApiCallTimeoutTrackingStage.execute(ApiCallTimeoutTrackingStage.java:43) ~[sdk-core-2.54.8.jar:na]
	at software.amazon.awssdk.core.internal.http.pipeline.stages.ApiCallMetricCollectionStage.execute(ApiCallMetricCollectionStage.java:49) ~[sdk-core-2.54.8.jar:na]
	at software.amazon.awssdk.core.internal.http.pipeline.stages.ApiCallMetricCollectionStage.execute(ApiCallMetricCollectionStage.java:32) ~[sdk-core-2.54.8.jar:na]
	at software.amazon.awssdk.core.internal.http.pipeline.RequestPipelineBuilder$ComposingRequestPipelineStage.execute(RequestPipelineBuilder.java:206) ~[sdk-core-2.54.8.jar:na]
	at software.amazon.awssdk.core.internal.http.pipeline.RequestPipelineBuilder$ComposingRequestPipelineStage.execute(RequestPipelineBuilder.java:206) ~[sdk-core-2.54.8.jar:na]
	at software.amazon.awssdk.core.internal.http.pipeline.stages.ExecutionFailureExceptionReportingStage.execute(ExecutionFailureExceptionReportingStage.java:37) ~[sdk-core-2.54.8.jar:na]
	at software.amazon.awssdk.core.internal.http.pipeline.stages.ExecutionFailureExceptionReportingStage.execute(ExecutionFailureExceptionReportingStage.java:26) ~[sdk-core-2.54.8.jar:na]
	at software.amazon.awssdk.core.internal.http.AmazonSyncHttpClient$RequestExecutionBuilderImpl.execute(AmazonSyncHttpClient.java:214) ~[sdk-core-2.54.8.jar:na]
	at software.amazon.awssdk.core.internal.handler.BaseSyncClientHandler.invoke(BaseSyncClientHandler.java:103) ~[sdk-core-2.54.8.jar:na]
	at software.amazon.awssdk.core.internal.handler.BaseSyncClientHandler.doExecute(BaseSyncClientHandler.java:173) ~[sdk-core-2.54.8.jar:na]
	at software.amazon.awssdk.core.internal.handler.BaseSyncClientHandler.lambda$execute$1(BaseSyncClientHandler.java:80) ~[sdk-core-2.54.8.jar:na]
	at software.amazon.awssdk.core.internal.handler.BaseSyncClientHandler.measureApiCallSuccess(BaseSyncClientHandler.java:182) ~[sdk-core-2.54.8.jar:na]
	at software.amazon.awssdk.core.internal.handler.BaseSyncClientHandler.execute(BaseSyncClientHandler.java:74) ~[sdk-core-2.54.8.jar:na]
	at software.amazon.awssdk.core.client.handler.SdkSyncClientHandler.execute(SdkSyncClientHandler.java:45) ~[sdk-core-2.54.8.jar:na]
	at software.amazon.awssdk.awscore.client.handler.AwsSyncClientHandler.execute(AwsSyncClientHandler.java:53) ~[aws-core-2.54.8.jar:na]
	at software.amazon.awssdk.services.signin.DefaultSigninClient.createOAuth2Token(DefaultSigninClient.java:304) ~[signin-2.54.8.jar:na]
	at software.amazon.awssdk.services.signin.auth.LoginCredentialsProvider.refreshFromSigninService(LoginCredentialsProvider.java:177) ~[signin-2.54.8.jar:na]
	... 100 common frames omitted

2026-09-07T11:59:51.383-03:00 ERROR 14004 --- [ProjetoSpringBoot] [sqs-relatorios-1] [traceId=sem-trace spanId=sem-span eventoId=sem-evento] o.s.s.s.TaskUtils$LoggingErrorHandler    : Unexpected error occurred in scheduled task

software.amazon.awssdk.core.exception.SdkClientException: Your session has expired. Please reauthenticate.
	at software.amazon.awssdk.core.exception.SdkClientException$BuilderImpl.build(SdkClientException.java:130) ~[sdk-core-2.54.8.jar:na]
	at software.amazon.awssdk.core.exception.SdkClientException.create(SdkClientException.java:47) ~[sdk-core-2.54.8.jar:na]
	at software.amazon.awssdk.services.signin.auth.LoginCredentialsProvider.refreshFromSigninService(LoginCredentialsProvider.java:208) ~[signin-2.54.8.jar:na]
	at software.amazon.awssdk.services.signin.auth.LoginCredentialsProvider.updateSigninCredentials(LoginCredentialsProvider.java:159) ~[signin-2.54.8.jar:na]
	at software.amazon.awssdk.utils.cache.CachedSupplier.lambda$jitteredPrefetchValueSupplier$8(CachedSupplier.java:300) ~[utils-2.54.8.jar:na]
	at software.amazon.awssdk.utils.cache.NonBlocking.fetch(NonBlocking.java:151) ~[utils-2.54.8.jar:na]
	at software.amazon.awssdk.utils.cache.CachedSupplier.refreshCache(CachedSupplier.java:208) ~[utils-2.54.8.jar:na]
	at software.amazon.awssdk.utils.cache.CachedSupplier.get(CachedSupplier.java:135) ~[utils-2.54.8.jar:na]
	at software.amazon.awssdk.services.signin.auth.LoginCredentialsProvider.resolveCredentials(LoginCredentialsProvider.java:255) ~[signin-2.54.8.jar:na]
	at software.amazon.awssdk.services.signin.auth.LoginProfileCredentialsProviderFactory$LoginProfileCredentialsProvider.resolveCredentials(LoginProfileCredentialsProviderFactory.java:87) ~[signin-2.54.8.jar:na]
	at software.amazon.awssdk.auth.credentials.AwsCredentialsProvider.resolveIdentity(AwsCredentialsProvider.java:54) ~[auth-2.54.8.jar:na]
	at software.amazon.awssdk.core.http.auth.AuthSchemeResolver.lambda$resolveIdentity$4(AuthSchemeResolver.java:296) ~[sdk-core-2.54.8.jar:na]
	at software.amazon.awssdk.core.internal.util.MetricUtils.reportDuration(MetricUtils.java:81) ~[sdk-core-2.54.8.jar:na]
	at software.amazon.awssdk.core.http.auth.AuthSchemeResolver.resolveIdentity(AuthSchemeResolver.java:296) ~[sdk-core-2.54.8.jar:na]
	at software.amazon.awssdk.core.http.auth.AuthSchemeResolver.trySelectAuthScheme(AuthSchemeResolver.java:281) ~[sdk-core-2.54.8.jar:na]
	at software.amazon.awssdk.core.http.auth.AuthSchemeResolver.selectAuthScheme(AuthSchemeResolver.java:109) ~[sdk-core-2.54.8.jar:na]
	at software.amazon.awssdk.core.internal.http.pipeline.stages.AuthSchemeResolutionStage.execute(AuthSchemeResolutionStage.java:90) ~[sdk-core-2.54.8.jar:na]
	at software.amazon.awssdk.core.internal.http.pipeline.stages.AuthSchemeResolutionStage.execute(AuthSchemeResolutionStage.java:50) ~[sdk-core-2.54.8.jar:na]
	at software.amazon.awssdk.core.internal.http.pipeline.RequestPipelineBuilder$ComposingRequestPipelineStage.execute(RequestPipelineBuilder.java:206) ~[sdk-core-2.54.8.jar:na]
	at software.amazon.awssdk.core.internal.http.pipeline.RequestPipelineBuilder$ComposingRequestPipelineStage.execute(RequestPipelineBuilder.java:206) ~[sdk-core-2.54.8.jar:na]
	at software.amazon.awssdk.core.internal.http.pipeline.RequestPipelineBuilder$ComposingRequestPipelineStage.execute(RequestPipelineBuilder.java:206) ~[sdk-core-2.54.8.jar:na]
	at software.amazon.awssdk.core.internal.http.pipeline.RequestPipelineBuilder$ComposingRequestPipelineStage.execute(RequestPipelineBuilder.java:206) ~[sdk-core-2.54.8.jar:na]
	at software.amazon.awssdk.core.internal.http.pipeline.RequestPipelineBuilder$ComposingRequestPipelineStage.execute(RequestPipelineBuilder.java:206) ~[sdk-core-2.54.8.jar:na]
	at software.amazon.awssdk.core.internal.http.pipeline.RequestPipelineBuilder$ComposingRequestPipelineStage.execute(RequestPipelineBuilder.java:206) ~[sdk-core-2.54.8.jar:na]
	at software.amazon.awssdk.core.internal.http.StreamManagingStage.execute(StreamManagingStage.java:53) ~[sdk-core-2.54.8.jar:na]
	at software.amazon.awssdk.core.internal.http.StreamManagingStage.execute(StreamManagingStage.java:35) ~[sdk-core-2.54.8.jar:na]
	at software.amazon.awssdk.core.internal.http.pipeline.stages.ApiCallTimeoutTrackingStage.executeWithTimer(ApiCallTimeoutTrackingStage.java:82) ~[sdk-core-2.54.8.jar:na]
	at software.amazon.awssdk.core.internal.http.pipeline.stages.ApiCallTimeoutTrackingStage.execute(ApiCallTimeoutTrackingStage.java:62) ~[sdk-core-2.54.8.jar:na]
	at software.amazon.awssdk.core.internal.http.pipeline.stages.ApiCallTimeoutTrackingStage.execute(ApiCallTimeoutTrackingStage.java:43) ~[sdk-core-2.54.8.jar:na]
	at software.amazon.awssdk.core.internal.http.pipeline.stages.ApiCallMetricCollectionStage.execute(ApiCallMetricCollectionStage.java:49) ~[sdk-core-2.54.8.jar:na]
	at software.amazon.awssdk.core.internal.http.pipeline.stages.ApiCallMetricCollectionStage.execute(ApiCallMetricCollectionStage.java:32) ~[sdk-core-2.54.8.jar:na]
	at software.amazon.awssdk.core.internal.http.pipeline.RequestPipelineBuilder$ComposingRequestPipelineStage.execute(RequestPipelineBuilder.java:206) ~[sdk-core-2.54.8.jar:na]
	at software.amazon.awssdk.core.internal.http.pipeline.RequestPipelineBuilder$ComposingRequestPipelineStage.execute(RequestPipelineBuilder.java:206) ~[sdk-core-2.54.8.jar:na]
	at software.amazon.awssdk.core.internal.http.pipeline.stages.ExecutionFailureExceptionReportingStage.execute(ExecutionFailureExceptionReportingStage.java:37) ~[sdk-core-2.54.8.jar:na]
	at software.amazon.awssdk.core.internal.http.pipeline.stages.ExecutionFailureExceptionReportingStage.execute(ExecutionFailureExceptionReportingStage.java:26) ~[sdk-core-2.54.8.jar:na]
	at software.amazon.awssdk.core.internal.http.AmazonSyncHttpClient$RequestExecutionBuilderImpl.execute(AmazonSyncHttpClient.java:214) ~[sdk-core-2.54.8.jar:na]
	at software.amazon.awssdk.core.internal.handler.BaseSyncClientHandler.invoke(BaseSyncClientHandler.java:103) ~[sdk-core-2.54.8.jar:na]
	at software.amazon.awssdk.core.internal.handler.BaseSyncClientHandler.doExecute(BaseSyncClientHandler.java:173) ~[sdk-core-2.54.8.jar:na]
	at software.amazon.awssdk.core.internal.handler.BaseSyncClientHandler.lambda$execute$1(BaseSyncClientHandler.java:80) ~[sdk-core-2.54.8.jar:na]
	at software.amazon.awssdk.core.internal.handler.BaseSyncClientHandler.measureApiCallSuccess(BaseSyncClientHandler.java:182) ~[sdk-core-2.54.8.jar:na]
	at software.amazon.awssdk.core.internal.handler.BaseSyncClientHandler.execute(BaseSyncClientHandler.java:74) ~[sdk-core-2.54.8.jar:na]
	at software.amazon.awssdk.core.client.handler.SdkSyncClientHandler.execute(SdkSyncClientHandler.java:45) ~[sdk-core-2.54.8.jar:na]
	at software.amazon.awssdk.awscore.client.handler.AwsSyncClientHandler.execute(AwsSyncClientHandler.java:53) ~[aws-core-2.54.8.jar:na]
	at software.amazon.awssdk.services.sts.DefaultStsClient.assumeRole(DefaultStsClient.java:319) ~[sts-2.54.8.jar:na]
	at software.amazon.awssdk.services.sts.auth.StsAssumeRoleCredentialsProvider.getUpdatedCredentials(StsAssumeRoleCredentialsProvider.java:84) ~[sts-2.54.8.jar:na]
	at software.amazon.awssdk.services.sts.auth.StsCredentialsProvider.updateSessionCredentials(StsCredentialsProvider.java:93) ~[sts-2.54.8.jar:na]
	at software.amazon.awssdk.utils.cache.CachedSupplier.lambda$jitteredPrefetchValueSupplier$8(CachedSupplier.java:300) ~[utils-2.54.8.jar:na]
	at software.amazon.awssdk.utils.cache.CachedSupplier$PrefetchStrategy.fetch(CachedSupplier.java:460) ~[utils-2.54.8.jar:na]
	at software.amazon.awssdk.utils.cache.CachedSupplier.refreshCache(CachedSupplier.java:208) ~[utils-2.54.8.jar:na]
	at software.amazon.awssdk.utils.cache.CachedSupplier.get(CachedSupplier.java:135) ~[utils-2.54.8.jar:na]
	at software.amazon.awssdk.services.sts.auth.StsCredentialsProvider.resolveCredentials(StsCredentialsProvider.java:106) ~[sts-2.54.8.jar:na]
	at software.amazon.awssdk.services.sts.internal.StsProfileCredentialsProviderFactory$StsProfileCredentialsProvider.resolveCredentials(StsProfileCredentialsProviderFactory.java:117) ~[sts-2.54.8.jar:na]
	at software.amazon.awssdk.auth.credentials.ProfileCredentialsProvider.resolveCredentials(ProfileCredentialsProvider.java:131) ~[auth-2.54.8.jar:na]
	at software.amazon.awssdk.auth.credentials.AwsCredentialsProvider.resolveIdentity(AwsCredentialsProvider.java:54) ~[auth-2.54.8.jar:na]
	at software.amazon.awssdk.core.http.auth.AuthSchemeResolver.lambda$resolveIdentity$4(AuthSchemeResolver.java:296) ~[sdk-core-2.54.8.jar:na]
	at software.amazon.awssdk.core.internal.util.MetricUtils.reportDuration(MetricUtils.java:81) ~[sdk-core-2.54.8.jar:na]
	at software.amazon.awssdk.core.http.auth.AuthSchemeResolver.resolveIdentity(AuthSchemeResolver.java:296) ~[sdk-core-2.54.8.jar:na]
	at software.amazon.awssdk.core.http.auth.AuthSchemeResolver.trySelectAuthScheme(AuthSchemeResolver.java:281) ~[sdk-core-2.54.8.jar:na]
	at software.amazon.awssdk.core.http.auth.AuthSchemeResolver.selectAuthScheme(AuthSchemeResolver.java:109) ~[sdk-core-2.54.8.jar:na]
	at software.amazon.awssdk.core.internal.http.pipeline.stages.AuthSchemeResolutionStage.execute(AuthSchemeResolutionStage.java:90) ~[sdk-core-2.54.8.jar:na]
	at software.amazon.awssdk.core.internal.http.pipeline.stages.AuthSchemeResolutionStage.execute(AuthSchemeResolutionStage.java:50) ~[sdk-core-2.54.8.jar:na]
	at software.amazon.awssdk.core.internal.http.pipeline.RequestPipelineBuilder$ComposingRequestPipelineStage.execute(RequestPipelineBuilder.java:206) ~[sdk-core-2.54.8.jar:na]
	at software.amazon.awssdk.core.internal.http.pipeline.RequestPipelineBuilder$ComposingRequestPipelineStage.execute(RequestPipelineBuilder.java:206) ~[sdk-core-2.54.8.jar:na]
	at software.amazon.awssdk.core.internal.http.pipeline.RequestPipelineBuilder$ComposingRequestPipelineStage.execute(RequestPipelineBuilder.java:206) ~[sdk-core-2.54.8.jar:na]
	at software.amazon.awssdk.core.internal.http.pipeline.RequestPipelineBuilder$ComposingRequestPipelineStage.execute(RequestPipelineBuilder.java:206) ~[sdk-core-2.54.8.jar:na]
	at software.amazon.awssdk.core.internal.http.pipeline.RequestPipelineBuilder$ComposingRequestPipelineStage.execute(RequestPipelineBuilder.java:206) ~[sdk-core-2.54.8.jar:na]
	at software.amazon.awssdk.core.internal.http.pipeline.RequestPipelineBuilder$ComposingRequestPipelineStage.execute(RequestPipelineBuilder.java:206) ~[sdk-core-2.54.8.jar:na]
	at software.amazon.awssdk.core.internal.http.StreamManagingStage.execute(StreamManagingStage.java:53) ~[sdk-core-2.54.8.jar:na]
	at software.amazon.awssdk.core.internal.http.StreamManagingStage.execute(StreamManagingStage.java:35) ~[sdk-core-2.54.8.jar:na]
	at software.amazon.awssdk.core.internal.http.pipeline.stages.ApiCallTimeoutTrackingStage.executeWithTimer(ApiCallTimeoutTrackingStage.java:82) ~[sdk-core-2.54.8.jar:na]
	at software.amazon.awssdk.core.internal.http.pipeline.stages.ApiCallTimeoutTrackingStage.execute(ApiCallTimeoutTrackingStage.java:62) ~[sdk-core-2.54.8.jar:na]
	at software.amazon.awssdk.core.internal.http.pipeline.stages.ApiCallTimeoutTrackingStage.execute(ApiCallTimeoutTrackingStage.java:43) ~[sdk-core-2.54.8.jar:na]
	at software.amazon.awssdk.core.internal.http.pipeline.stages.ApiCallMetricCollectionStage.execute(ApiCallMetricCollectionStage.java:49) ~[sdk-core-2.54.8.jar:na]
	at software.amazon.awssdk.core.internal.http.pipeline.stages.ApiCallMetricCollectionStage.execute(ApiCallMetricCollectionStage.java:32) ~[sdk-core-2.54.8.jar:na]
	at software.amazon.awssdk.core.internal.http.pipeline.RequestPipelineBuilder$ComposingRequestPipelineStage.execute(RequestPipelineBuilder.java:206) ~[sdk-core-2.54.8.jar:na]
	at software.amazon.awssdk.core.internal.http.pipeline.RequestPipelineBuilder$ComposingRequestPipelineStage.execute(RequestPipelineBuilder.java:206) ~[sdk-core-2.54.8.jar:na]
	at software.amazon.awssdk.core.internal.http.pipeline.stages.ExecutionFailureExceptionReportingStage.execute(ExecutionFailureExceptionReportingStage.java:37) ~[sdk-core-2.54.8.jar:na]
	at software.amazon.awssdk.core.internal.http.pipeline.stages.ExecutionFailureExceptionReportingStage.execute(ExecutionFailureExceptionReportingStage.java:26) ~[sdk-core-2.54.8.jar:na]
	at software.amazon.awssdk.core.internal.http.AmazonSyncHttpClient$RequestExecutionBuilderImpl.execute(AmazonSyncHttpClient.java:214) ~[sdk-core-2.54.8.jar:na]
	at software.amazon.awssdk.core.internal.handler.BaseSyncClientHandler.invoke(BaseSyncClientHandler.java:103) ~[sdk-core-2.54.8.jar:na]
	at software.amazon.awssdk.core.internal.handler.BaseSyncClientHandler.doExecute(BaseSyncClientHandler.java:173) ~[sdk-core-2.54.8.jar:na]
	at software.amazon.awssdk.core.internal.handler.BaseSyncClientHandler.lambda$execute$1(BaseSyncClientHandler.java:80) ~[sdk-core-2.54.8.jar:na]
	at software.amazon.awssdk.core.internal.handler.BaseSyncClientHandler.measureApiCallSuccess(BaseSyncClientHandler.java:182) ~[sdk-core-2.54.8.jar:na]
	at software.amazon.awssdk.core.internal.handler.BaseSyncClientHandler.execute(BaseSyncClientHandler.java:74) ~[sdk-core-2.54.8.jar:na]
	at software.amazon.awssdk.core.client.handler.SdkSyncClientHandler.execute(SdkSyncClientHandler.java:45) ~[sdk-core-2.54.8.jar:na]
	at software.amazon.awssdk.awscore.client.handler.AwsSyncClientHandler.execute(AwsSyncClientHandler.java:53) ~[aws-core-2.54.8.jar:na]
	at software.amazon.awssdk.services.sqs.DefaultSqsClient.receiveMessage(DefaultSqsClient.java:1996) ~[sqs-2.54.8.jar:na]
	at br.com.exemplo.projetospringboot.messaging.consumer.AuditoriaRelatorioSqsConsumer.receberEProcessar(AuditoriaRelatorioSqsConsumer.java:62) ~[classes/:na]
	at br.com.exemplo.projetospringboot.messaging.job.AuditoriaRelatorioSqsJob.consultarFila(AuditoriaRelatorioSqsJob.java:34) ~[classes/:na]
	at java.base/jdk.internal.reflect.DirectMethodHandleAccessor.invoke(DirectMethodHandleAccessor.java:103) ~[na:na]
	at java.base/java.lang.reflect.Method.invoke(Method.java:580) ~[na:na]
	at org.springframework.scheduling.support.ScheduledMethodRunnable.runInternal(ScheduledMethodRunnable.java:128) ~[spring-context-7.0.8.jar:7.0.8]
	at org.springframework.scheduling.support.ScheduledMethodRunnable.lambda$run$1(ScheduledMethodRunnable.java:122) ~[spring-context-7.0.8.jar:7.0.8]
	at io.micrometer.observation.Observation.observe(Observation.java:569) ~[micrometer-observation-1.17.0.jar:1.17.0]
	at org.springframework.scheduling.support.ScheduledMethodRunnable.run(ScheduledMethodRunnable.java:122) ~[spring-context-7.0.8.jar:7.0.8]
	at org.springframework.scheduling.config.Task$OutcomeTrackingRunnable.run(Task.java:88) ~[spring-context-7.0.8.jar:7.0.8]
	at org.springframework.scheduling.support.DelegatingErrorHandlingRunnable.run(DelegatingErrorHandlingRunnable.java:54) ~[spring-context-7.0.8.jar:7.0.8]
	at java.base/java.util.concurrent.Executors$RunnableAdapter.call(Executors.java:572) ~[na:na]
	at java.base/java.util.concurrent.FutureTask.runAndReset(FutureTask.java:358) ~[na:na]
	at java.base/java.util.concurrent.ScheduledThreadPoolExecutor$ScheduledFutureTask.run(ScheduledThreadPoolExecutor.java:305) ~[na:na]
	at java.base/java.util.concurrent.ThreadPoolExecutor.runWorker(ThreadPoolExecutor.java:1144) ~[na:na]
	at java.base/java.util.concurrent.ThreadPoolExecutor$Worker.run(ThreadPoolExecutor.java:642) ~[na:na]
	at java.base/java.lang.Thread.run(Thread.java:1583) ~[na:na]
Caused by: software.amazon.awssdk.services.signin.model.AccessDeniedException: The refresh token has expired. (Service: Signin, Status Code: 401, Request ID: X-Amzn-Trace-Id=Root=1-6a9ed167-0e7a16751ef424b57c292bd8;RequestId=96c008f4-60ab-4d8f-88a8-bd13d98a1c75) (SDK Attempt Count: 1)
	at software.amazon.awssdk.services.signin.model.AccessDeniedException$BuilderImpl.build(AccessDeniedException.java:276) ~[signin-2.54.8.jar:na]
	at software.amazon.awssdk.services.signin.model.AccessDeniedException$BuilderImpl.build(AccessDeniedException.java:201) ~[signin-2.54.8.jar:na]
	at software.amazon.awssdk.core.internal.http.pipeline.stages.utils.RetryableStageHelper.retryPolicyDisallowedRetryException(RetryableStageHelper.java:251) ~[sdk-core-2.54.8.jar:na]
	at software.amazon.awssdk.core.internal.http.pipeline.stages.RetryableStage.execute(RetryableStage.java:86) ~[sdk-core-2.54.8.jar:na]
	at software.amazon.awssdk.core.internal.http.pipeline.stages.RetryableStage.execute(RetryableStage.java:39) ~[sdk-core-2.54.8.jar:na]
	at software.amazon.awssdk.core.internal.http.pipeline.RequestPipelineBuilder$ComposingRequestPipelineStage.execute(RequestPipelineBuilder.java:206) ~[sdk-core-2.54.8.jar:na]
	at software.amazon.awssdk.core.internal.http.StreamManagingStage.execute(StreamManagingStage.java:53) ~[sdk-core-2.54.8.jar:na]
	at software.amazon.awssdk.core.internal.http.StreamManagingStage.execute(StreamManagingStage.java:35) ~[sdk-core-2.54.8.jar:na]
	at software.amazon.awssdk.core.internal.http.pipeline.stages.ApiCallTimeoutTrackingStage.executeWithTimer(ApiCallTimeoutTrackingStage.java:82) ~[sdk-core-2.54.8.jar:na]
	at software.amazon.awssdk.core.internal.http.pipeline.stages.ApiCallTimeoutTrackingStage.execute(ApiCallTimeoutTrackingStage.java:62) ~[sdk-core-2.54.8.jar:na]
	at software.amazon.awssdk.core.internal.http.pipeline.stages.ApiCallTimeoutTrackingStage.execute(ApiCallTimeoutTrackingStage.java:43) ~[sdk-core-2.54.8.jar:na]
	at software.amazon.awssdk.core.internal.http.pipeline.stages.ApiCallMetricCollectionStage.execute(ApiCallMetricCollectionStage.java:49) ~[sdk-core-2.54.8.jar:na]
	at software.amazon.awssdk.core.internal.http.pipeline.stages.ApiCallMetricCollectionStage.execute(ApiCallMetricCollectionStage.java:32) ~[sdk-core-2.54.8.jar:na]
	at software.amazon.awssdk.core.internal.http.pipeline.RequestPipelineBuilder$ComposingRequestPipelineStage.execute(RequestPipelineBuilder.java:206) ~[sdk-core-2.54.8.jar:na]
	at software.amazon.awssdk.core.internal.http.pipeline.RequestPipelineBuilder$ComposingRequestPipelineStage.execute(RequestPipelineBuilder.java:206) ~[sdk-core-2.54.8.jar:na]
	at software.amazon.awssdk.core.internal.http.pipeline.stages.ExecutionFailureExceptionReportingStage.execute(ExecutionFailureExceptionReportingStage.java:37) ~[sdk-core-2.54.8.jar:na]
	at software.amazon.awssdk.core.internal.http.pipeline.stages.ExecutionFailureExceptionReportingStage.execute(ExecutionFailureExceptionReportingStage.java:26) ~[sdk-core-2.54.8.jar:na]
	at software.amazon.awssdk.core.internal.http.AmazonSyncHttpClient$RequestExecutionBuilderImpl.execute(AmazonSyncHttpClient.java:214) ~[sdk-core-2.54.8.jar:na]
	at software.amazon.awssdk.core.internal.handler.BaseSyncClientHandler.invoke(BaseSyncClientHandler.java:103) ~[sdk-core-2.54.8.jar:na]
	at software.amazon.awssdk.core.internal.handler.BaseSyncClientHandler.doExecute(BaseSyncClientHandler.java:173) ~[sdk-core-2.54.8.jar:na]
	at software.amazon.awssdk.core.internal.handler.BaseSyncClientHandler.lambda$execute$1(BaseSyncClientHandler.java:80) ~[sdk-core-2.54.8.jar:na]
	at software.amazon.awssdk.core.internal.handler.BaseSyncClientHandler.measureApiCallSuccess(BaseSyncClientHandler.java:182) ~[sdk-core-2.54.8.jar:na]
	at software.amazon.awssdk.core.internal.handler.BaseSyncClientHandler.execute(BaseSyncClientHandler.java:74) ~[sdk-core-2.54.8.jar:na]
	at software.amazon.awssdk.core.client.handler.SdkSyncClientHandler.execute(SdkSyncClientHandler.java:45) ~[sdk-core-2.54.8.jar:na]
	at software.amazon.awssdk.awscore.client.handler.AwsSyncClientHandler.execute(AwsSyncClientHandler.java:53) ~[aws-core-2.54.8.jar:na]
	at software.amazon.awssdk.services.signin.DefaultSigninClient.createOAuth2Token(DefaultSigninClient.java:304) ~[signin-2.54.8.jar:na]
	at software.amazon.awssdk.services.signin.auth.LoginCredentialsProvider.refreshFromSigninService(LoginCredentialsProvider.java:177) ~[signin-2.54.8.jar:na]
	... 100 common frames omitted

2026-09-07T11:59:56.374-03:00 ERROR 14004 --- [ProjetoSpringBoot] [sqs-relatorios-2] [traceId=sem-trace spanId=sem-span eventoId=sem-evento] o.s.s.s.TaskUtils$LoggingErrorHandler    : Unexpected error occurred in scheduled task

software.amazon.awssdk.core.exception.SdkClientException: Your session has expired. Please reauthenticate.
	at software.amazon.awssdk.core.exception.SdkClientException$BuilderImpl.build(SdkClientException.java:130) ~[sdk-core-2.54.8.jar:na]
	at software.amazon.awssdk.core.exception.SdkClientException.create(SdkClientException.java:47) ~[sdk-core-2.54.8.jar:na]
	at software.amazon.awssdk.services.signin.auth.LoginCredentialsProvider.refreshFromSigninService(LoginCredentialsProvider.java:208) ~[signin-2.54.8.jar:na]
	at software.amazon.awssdk.services.signin.auth.LoginCredentialsProvider.updateSigninCredentials(LoginCredentialsProvider.java:159) ~[signin-2.54.8.jar:na]
	at software.amazon.awssdk.utils.cache.CachedSupplier.lambda$jitteredPrefetchValueSupplier$8(CachedSupplier.java:300) ~[utils-2.54.8.jar:na]
	at software.amazon.awssdk.utils.cache.NonBlocking.fetch(NonBlocking.java:151) ~[utils-2.54.8.jar:na]
	at software.amazon.awssdk.utils.cache.CachedSupplier.refreshCache(CachedSupplier.java:208) ~[utils-2.54.8.jar:na]
	at software.amazon.awssdk.utils.cache.CachedSupplier.get(CachedSupplier.java:135) ~[utils-2.54.8.jar:na]
	at software.amazon.awssdk.services.signin.auth.LoginCredentialsProvider.resolveCredentials(LoginCredentialsProvider.java:255) ~[signin-2.54.8.jar:na]
	at software.amazon.awssdk.services.signin.auth.LoginProfileCredentialsProviderFactory$LoginProfileCredentialsProvider.resolveCredentials(LoginProfileCredentialsProviderFactory.java:87) ~[signin-2.54.8.jar:na]
	at software.amazon.awssdk.auth.credentials.AwsCredentialsProvider.resolveIdentity(AwsCredentialsProvider.java:54) ~[auth-2.54.8.jar:na]
	at software.amazon.awssdk.core.http.auth.AuthSchemeResolver.lambda$resolveIdentity$4(AuthSchemeResolver.java:296) ~[sdk-core-2.54.8.jar:na]
	at software.amazon.awssdk.core.internal.util.MetricUtils.reportDuration(MetricUtils.java:81) ~[sdk-core-2.54.8.jar:na]
	at software.amazon.awssdk.core.http.auth.AuthSchemeResolver.resolveIdentity(AuthSchemeResolver.java:296) ~[sdk-core-2.54.8.jar:na]
	at software.amazon.awssdk.core.http.auth.AuthSchemeResolver.trySelectAuthScheme(AuthSchemeResolver.java:281) ~[sdk-core-2.54.8.jar:na]
	at software.amazon.awssdk.core.http.auth.AuthSchemeResolver.selectAuthScheme(AuthSchemeResolver.java:109) ~[sdk-core-2.54.8.jar:na]
	at software.amazon.awssdk.core.internal.http.pipeline.stages.AuthSchemeResolutionStage.execute(AuthSchemeResolutionStage.java:90) ~[sdk-core-2.54.8.jar:na]
	at software.amazon.awssdk.core.internal.http.pipeline.stages.AuthSchemeResolutionStage.execute(AuthSchemeResolutionStage.java:50) ~[sdk-core-2.54.8.jar:na]
	at software.amazon.awssdk.core.internal.http.pipeline.RequestPipelineBuilder$ComposingRequestPipelineStage.execute(RequestPipelineBuilder.java:206) ~[sdk-core-2.54.8.jar:na]
	at software.amazon.awssdk.core.internal.http.pipeline.RequestPipelineBuilder$ComposingRequestPipelineStage.execute(RequestPipelineBuilder.java:206) ~[sdk-core-2.54.8.jar:na]
	at software.amazon.awssdk.core.internal.http.pipeline.RequestPipelineBuilder$ComposingRequestPipelineStage.execute(RequestPipelineBuilder.java:206) ~[sdk-core-2.54.8.jar:na]
	at software.amazon.awssdk.core.internal.http.pipeline.RequestPipelineBuilder$ComposingRequestPipelineStage.execute(RequestPipelineBuilder.java:206) ~[sdk-core-2.54.8.jar:na]
	at software.amazon.awssdk.core.internal.http.pipeline.RequestPipelineBuilder$ComposingRequestPipelineStage.execute(RequestPipelineBuilder.java:206) ~[sdk-core-2.54.8.jar:na]
	at software.amazon.awssdk.core.internal.http.pipeline.RequestPipelineBuilder$ComposingRequestPipelineStage.execute(RequestPipelineBuilder.java:206) ~[sdk-core-2.54.8.jar:na]
	at software.amazon.awssdk.core.internal.http.StreamManagingStage.execute(StreamManagingStage.java:53) ~[sdk-core-2.54.8.jar:na]
	at software.amazon.awssdk.core.internal.http.StreamManagingStage.execute(StreamManagingStage.java:35) ~[sdk-core-2.54.8.jar:na]
	at software.amazon.awssdk.core.internal.http.pipeline.stages.ApiCallTimeoutTrackingStage.executeWithTimer(ApiCallTimeoutTrackingStage.java:82) ~[sdk-core-2.54.8.jar:na]
	at software.amazon.awssdk.core.internal.http.pipeline.stages.ApiCallTimeoutTrackingStage.execute(ApiCallTimeoutTrackingStage.java:62) ~[sdk-core-2.54.8.jar:na]
	at software.amazon.awssdk.core.internal.http.pipeline.stages.ApiCallTimeoutTrackingStage.execute(ApiCallTimeoutTrackingStage.java:43) ~[sdk-core-2.54.8.jar:na]
	at software.amazon.awssdk.core.internal.http.pipeline.stages.ApiCallMetricCollectionStage.execute(ApiCallMetricCollectionStage.java:49) ~[sdk-core-2.54.8.jar:na]
	at software.amazon.awssdk.core.internal.http.pipeline.stages.ApiCallMetricCollectionStage.execute(ApiCallMetricCollectionStage.java:32) ~[sdk-core-2.54.8.jar:na]
	at software.amazon.awssdk.core.internal.http.pipeline.RequestPipelineBuilder$ComposingRequestPipelineStage.execute(RequestPipelineBuilder.java:206) ~[sdk-core-2.54.8.jar:na]
	at software.amazon.awssdk.core.internal.http.pipeline.RequestPipelineBuilder$ComposingRequestPipelineStage.execute(RequestPipelineBuilder.java:206) ~[sdk-core-2.54.8.jar:na]
	at software.amazon.awssdk.core.internal.http.pipeline.stages.ExecutionFailureExceptionReportingStage.execute(ExecutionFailureExceptionReportingStage.java:37) ~[sdk-core-2.54.8.jar:na]
	at software.amazon.awssdk.core.internal.http.pipeline.stages.ExecutionFailureExceptionReportingStage.execute(ExecutionFailureExceptionReportingStage.java:26) ~[sdk-core-2.54.8.jar:na]
	at software.amazon.awssdk.core.internal.http.AmazonSyncHttpClient$RequestExecutionBuilderImpl.execute(AmazonSyncHttpClient.java:214) ~[sdk-core-2.54.8.jar:na]
	at software.amazon.awssdk.core.internal.handler.BaseSyncClientHandler.invoke(BaseSyncClientHandler.java:103) ~[sdk-core-2.54.8.jar:na]
	at software.amazon.awssdk.core.internal.handler.BaseSyncClientHandler.doExecute(BaseSyncClientHandler.java:173) ~[sdk-core-2.54.8.jar:na]
	at software.amazon.awssdk.core.internal.handler.BaseSyncClientHandler.lambda$execute$1(BaseSyncClientHandler.java:80) ~[sdk-core-2.54.8.jar:na]
	at software.amazon.awssdk.core.internal.handler.BaseSyncClientHandler.measureApiCallSuccess(BaseSyncClientHandler.java:182) ~[sdk-core-2.54.8.jar:na]
	at software.amazon.awssdk.core.internal.handler.BaseSyncClientHandler.execute(BaseSyncClientHandler.java:74) ~[sdk-core-2.54.8.jar:na]
	at software.amazon.awssdk.core.client.handler.SdkSyncClientHandler.execute(SdkSyncClientHandler.java:45) ~[sdk-core-2.54.8.jar:na]
	at software.amazon.awssdk.awscore.client.handler.AwsSyncClientHandler.execute(AwsSyncClientHandler.java:53) ~[aws-core-2.54.8.jar:na]
	at software.amazon.awssdk.services.sts.DefaultStsClient.assumeRole(DefaultStsClient.java:319) ~[sts-2.54.8.jar:na]
	at software.amazon.awssdk.services.sts.auth.StsAssumeRoleCredentialsProvider.getUpdatedCredentials(StsAssumeRoleCredentialsProvider.java:84) ~[sts-2.54.8.jar:na]
	at software.amazon.awssdk.services.sts.auth.StsCredentialsProvider.updateSessionCredentials(StsCredentialsProvider.java:93) ~[sts-2.54.8.jar:na]
	at software.amazon.awssdk.utils.cache.CachedSupplier.lambda$jitteredPrefetchValueSupplier$8(CachedSupplier.java:300) ~[utils-2.54.8.jar:na]
	at software.amazon.awssdk.utils.cache.CachedSupplier$PrefetchStrategy.fetch(CachedSupplier.java:460) ~[utils-2.54.8.jar:na]
	at software.amazon.awssdk.utils.cache.CachedSupplier.refreshCache(CachedSupplier.java:208) ~[utils-2.54.8.jar:na]
	at software.amazon.awssdk.utils.cache.CachedSupplier.get(CachedSupplier.java:135) ~[utils-2.54.8.jar:na]
	at software.amazon.awssdk.services.sts.auth.StsCredentialsProvider.resolveCredentials(StsCredentialsProvider.java:106) ~[sts-2.54.8.jar:na]
	at software.amazon.awssdk.services.sts.internal.StsProfileCredentialsProviderFactory$StsProfileCredentialsProvider.resolveCredentials(StsProfileCredentialsProviderFactory.java:117) ~[sts-2.54.8.jar:na]
	at software.amazon.awssdk.auth.credentials.ProfileCredentialsProvider.resolveCredentials(ProfileCredentialsProvider.java:131) ~[auth-2.54.8.jar:na]
	at software.amazon.awssdk.auth.credentials.AwsCredentialsProvider.resolveIdentity(AwsCredentialsProvider.java:54) ~[auth-2.54.8.jar:na]
	at software.amazon.awssdk.core.http.auth.AuthSchemeResolver.lambda$resolveIdentity$4(AuthSchemeResolver.java:296) ~[sdk-core-2.54.8.jar:na]
	at software.amazon.awssdk.core.internal.util.MetricUtils.reportDuration(MetricUtils.java:81) ~[sdk-core-2.54.8.jar:na]
	at software.amazon.awssdk.core.http.auth.AuthSchemeResolver.resolveIdentity(AuthSchemeResolver.java:296) ~[sdk-core-2.54.8.jar:na]
	at software.amazon.awssdk.core.http.auth.AuthSchemeResolver.trySelectAuthScheme(AuthSchemeResolver.java:281) ~[sdk-core-2.54.8.jar:na]
	at software.amazon.awssdk.core.http.auth.AuthSchemeResolver.selectAuthScheme(AuthSchemeResolver.java:109) ~[sdk-core-2.54.8.jar:na]
	at software.amazon.awssdk.core.internal.http.pipeline.stages.AuthSchemeResolutionStage.execute(AuthSchemeResolutionStage.java:90) ~[sdk-core-2.54.8.jar:na]
	at software.amazon.awssdk.core.internal.http.pipeline.stages.AuthSchemeResolutionStage.execute(AuthSchemeResolutionStage.java:50) ~[sdk-core-2.54.8.jar:na]
	at software.amazon.awssdk.core.internal.http.pipeline.RequestPipelineBuilder$ComposingRequestPipelineStage.execute(RequestPipelineBuilder.java:206) ~[sdk-core-2.54.8.jar:na]
	at software.amazon.awssdk.core.internal.http.pipeline.RequestPipelineBuilder$ComposingRequestPipelineStage.execute(RequestPipelineBuilder.java:206) ~[sdk-core-2.54.8.jar:na]
	at software.amazon.awssdk.core.internal.http.pipeline.RequestPipelineBuilder$ComposingRequestPipelineStage.execute(RequestPipelineBuilder.java:206) ~[sdk-core-2.54.8.jar:na]
	at software.amazon.awssdk.core.internal.http.pipeline.RequestPipelineBuilder$ComposingRequestPipelineStage.execute(RequestPipelineBuilder.java:206) ~[sdk-core-2.54.8.jar:na]
	at software.amazon.awssdk.core.internal.http.pipeline.RequestPipelineBuilder$ComposingRequestPipelineStage.execute(RequestPipelineBuilder.java:206) ~[sdk-core-2.54.8.jar:na]
	at software.amazon.awssdk.core.internal.http.pipeline.RequestPipelineBuilder$ComposingRequestPipelineStage.execute(RequestPipelineBuilder.java:206) ~[sdk-core-2.54.8.jar:na]
	at software.amazon.awssdk.core.internal.http.StreamManagingStage.execute(StreamManagingStage.java:53) ~[sdk-core-2.54.8.jar:na]
	at software.amazon.awssdk.core.internal.http.StreamManagingStage.execute(StreamManagingStage.java:35) ~[sdk-core-2.54.8.jar:na]
	at software.amazon.awssdk.core.internal.http.pipeline.stages.ApiCallTimeoutTrackingStage.executeWithTimer(ApiCallTimeoutTrackingStage.java:82) ~[sdk-core-2.54.8.jar:na]
	at software.amazon.awssdk.core.internal.http.pipeline.stages.ApiCallTimeoutTrackingStage.execute(ApiCallTimeoutTrackingStage.java:62) ~[sdk-core-2.54.8.jar:na]
	at software.amazon.awssdk.core.internal.http.pipeline.stages.ApiCallTimeoutTrackingStage.execute(ApiCallTimeoutTrackingStage.java:43) ~[sdk-core-2.54.8.jar:na]
	at software.amazon.awssdk.core.internal.http.pipeline.stages.ApiCallMetricCollectionStage.execute(ApiCallMetricCollectionStage.java:49) ~[sdk-core-2.54.8.jar:na]
	at software.amazon.awssdk.core.internal.http.pipeline.stages.ApiCallMetricCollectionStage.execute(ApiCallMetricCollectionStage.java:32) ~[sdk-core-2.54.8.jar:na]
	at software.amazon.awssdk.core.internal.http.pipeline.RequestPipelineBuilder$ComposingRequestPipelineStage.execute(RequestPipelineBuilder.java:206) ~[sdk-core-2.54.8.jar:na]
	at software.amazon.awssdk.core.internal.http.pipeline.RequestPipelineBuilder$ComposingRequestPipelineStage.execute(RequestPipelineBuilder.java:206) ~[sdk-core-2.54.8.jar:na]
	at software.amazon.awssdk.core.internal.http.pipeline.stages.ExecutionFailureExceptionReportingStage.execute(ExecutionFailureExceptionReportingStage.java:37) ~[sdk-core-2.54.8.jar:na]
	at software.amazon.awssdk.core.internal.http.pipeline.stages.ExecutionFailureExceptionReportingStage.execute(ExecutionFailureExceptionReportingStage.java:26) ~[sdk-core-2.54.8.jar:na]
	at software.amazon.awssdk.core.internal.http.AmazonSyncHttpClient$RequestExecutionBuilderImpl.execute(AmazonSyncHttpClient.java:214) ~[sdk-core-2.54.8.jar:na]
	at software.amazon.awssdk.core.internal.handler.BaseSyncClientHandler.invoke(BaseSyncClientHandler.java:103) ~[sdk-core-2.54.8.jar:na]
	at software.amazon.awssdk.core.internal.handler.BaseSyncClientHandler.doExecute(BaseSyncClientHandler.java:173) ~[sdk-core-2.54.8.jar:na]
	at software.amazon.awssdk.core.internal.handler.BaseSyncClientHandler.lambda$execute$1(BaseSyncClientHandler.java:80) ~[sdk-core-2.54.8.jar:na]
	at software.amazon.awssdk.core.internal.handler.BaseSyncClientHandler.measureApiCallSuccess(BaseSyncClientHandler.java:182) ~[sdk-core-2.54.8.jar:na]
	at software.amazon.awssdk.core.internal.handler.BaseSyncClientHandler.execute(BaseSyncClientHandler.java:74) ~[sdk-core-2.54.8.jar:na]
	at software.amazon.awssdk.core.client.handler.SdkSyncClientHandler.execute(SdkSyncClientHandler.java:45) ~[sdk-core-2.54.8.jar:na]
	at software.amazon.awssdk.awscore.client.handler.AwsSyncClientHandler.execute(AwsSyncClientHandler.java:53) ~[aws-core-2.54.8.jar:na]
	at software.amazon.awssdk.services.sqs.DefaultSqsClient.receiveMessage(DefaultSqsClient.java:1996) ~[sqs-2.54.8.jar:na]
	at br.com.exemplo.projetospringboot.messaging.consumer.RelatorioPedidoSqsConsumer.receberEProcessar(RelatorioPedidoSqsConsumer.java:81) ~[classes/:na]
	at br.com.exemplo.projetospringboot.messaging.job.RelatorioPedidoSqsJob.consultarFila(RelatorioPedidoSqsJob.java:43) ~[classes/:na]
	at java.base/jdk.internal.reflect.DirectMethodHandleAccessor.invoke(DirectMethodHandleAccessor.java:103) ~[na:na]
	at java.base/java.lang.reflect.Method.invoke(Method.java:580) ~[na:na]
	at org.springframework.scheduling.support.ScheduledMethodRunnable.runInternal(ScheduledMethodRunnable.java:128) ~[spring-context-7.0.8.jar:7.0.8]
	at org.springframework.scheduling.support.ScheduledMethodRunnable.lambda$run$1(ScheduledMethodRunnable.java:122) ~[spring-context-7.0.8.jar:7.0.8]
	at io.micrometer.observation.Observation.observe(Observation.java:569) ~[micrometer-observation-1.17.0.jar:1.17.0]
	at org.springframework.scheduling.support.ScheduledMethodRunnable.run(ScheduledMethodRunnable.java:122) ~[spring-context-7.0.8.jar:7.0.8]
	at org.springframework.scheduling.config.Task$OutcomeTrackingRunnable.run(Task.java:88) ~[spring-context-7.0.8.jar:7.0.8]
	at org.springframework.scheduling.support.DelegatingErrorHandlingRunnable.run(DelegatingErrorHandlingRunnable.java:54) ~[spring-context-7.0.8.jar:7.0.8]
	at java.base/java.util.concurrent.Executors$RunnableAdapter.call(Executors.java:572) ~[na:na]
	at java.base/java.util.concurrent.FutureTask.runAndReset(FutureTask.java:358) ~[na:na]
	at java.base/java.util.concurrent.ScheduledThreadPoolExecutor$ScheduledFutureTask.run(ScheduledThreadPoolExecutor.java:305) ~[na:na]
	at java.base/java.util.concurrent.ThreadPoolExecutor.runWorker(ThreadPoolExecutor.java:1144) ~[na:na]
	at java.base/java.util.concurrent.ThreadPoolExecutor$Worker.run(ThreadPoolExecutor.java:642) ~[na:na]
	at java.base/java.lang.Thread.run(Thread.java:1583) ~[na:na]
Caused by: software.amazon.awssdk.services.signin.model.AccessDeniedException: The refresh token has expired. (Service: Signin, Status Code: 401, Request ID: X-Amzn-Trace-Id=Root=1-6a9ed16c-47d189700059fdd10e5d34aa;RequestId=d4756c38-a775-4427-b2d6-ce59bd3b524d) (SDK Attempt Count: 1)
	at software.amazon.awssdk.services.signin.model.AccessDeniedException$BuilderImpl.build(AccessDeniedException.java:276) ~[signin-2.54.8.jar:na]
	at software.amazon.awssdk.services.signin.model.AccessDeniedException$BuilderImpl.build(AccessDeniedException.java:201) ~[signin-2.54.8.jar:na]
	at software.amazon.awssdk.core.internal.http.pipeline.stages.utils.RetryableStageHelper.retryPolicyDisallowedRetryException(RetryableStageHelper.java:251) ~[sdk-core-2.54.8.jar:na]
	at software.amazon.awssdk.core.internal.http.pipeline.stages.RetryableStage.execute(RetryableStage.java:86) ~[sdk-core-2.54.8.jar:na]
	at software.amazon.awssdk.core.internal.http.pipeline.stages.RetryableStage.execute(RetryableStage.java:39) ~[sdk-core-2.54.8.jar:na]
	at software.amazon.awssdk.core.internal.http.pipeline.RequestPipelineBuilder$ComposingRequestPipelineStage.execute(RequestPipelineBuilder.java:206) ~[sdk-core-2.54.8.jar:na]
	at software.amazon.awssdk.core.internal.http.StreamManagingStage.execute(StreamManagingStage.java:53) ~[sdk-core-2.54.8.jar:na]
	at software.amazon.awssdk.core.internal.http.StreamManagingStage.execute(StreamManagingStage.java:35) ~[sdk-core-2.54.8.jar:na]
	at software.amazon.awssdk.core.internal.http.pipeline.stages.ApiCallTimeoutTrackingStage.executeWithTimer(ApiCallTimeoutTrackingStage.java:82) ~[sdk-core-2.54.8.jar:na]
	at software.amazon.awssdk.core.internal.http.pipeline.stages.ApiCallTimeoutTrackingStage.execute(ApiCallTimeoutTrackingStage.java:62) ~[sdk-core-2.54.8.jar:na]
	at software.amazon.awssdk.core.internal.http.pipeline.stages.ApiCallTimeoutTrackingStage.execute(ApiCallTimeoutTrackingStage.java:43) ~[sdk-core-2.54.8.jar:na]
	at software.amazon.awssdk.core.internal.http.pipeline.stages.ApiCallMetricCollectionStage.execute(ApiCallMetricCollectionStage.java:49) ~[sdk-core-2.54.8.jar:na]
	at software.amazon.awssdk.core.internal.http.pipeline.stages.ApiCallMetricCollectionStage.execute(ApiCallMetricCollectionStage.java:32) ~[sdk-core-2.54.8.jar:na]
	at software.amazon.awssdk.core.internal.http.pipeline.RequestPipelineBuilder$ComposingRequestPipelineStage.execute(RequestPipelineBuilder.java:206) ~[sdk-core-2.54.8.jar:na]
	at software.amazon.awssdk.core.internal.http.pipeline.RequestPipelineBuilder$ComposingRequestPipelineStage.execute(RequestPipelineBuilder.java:206) ~[sdk-core-2.54.8.jar:na]
	at software.amazon.awssdk.core.internal.http.pipeline.stages.ExecutionFailureExceptionReportingStage.execute(ExecutionFailureExceptionReportingStage.java:37) ~[sdk-core-2.54.8.jar:na]
	at software.amazon.awssdk.core.internal.http.pipeline.stages.ExecutionFailureExceptionReportingStage.execute(ExecutionFailureExceptionReportingStage.java:26) ~[sdk-core-2.54.8.jar:na]
	at software.amazon.awssdk.core.internal.http.AmazonSyncHttpClient$RequestExecutionBuilderImpl.execute(AmazonSyncHttpClient.java:214) ~[sdk-core-2.54.8.jar:na]
	at software.amazon.awssdk.core.internal.handler.BaseSyncClientHandler.invoke(BaseSyncClientHandler.java:103) ~[sdk-core-2.54.8.jar:na]
	at software.amazon.awssdk.core.internal.handler.BaseSyncClientHandler.doExecute(BaseSyncClientHandler.java:173) ~[sdk-core-2.54.8.jar:na]
	at software.amazon.awssdk.core.internal.handler.BaseSyncClientHandler.lambda$execute$1(BaseSyncClientHandler.java:80) ~[sdk-core-2.54.8.jar:na]
	at software.amazon.awssdk.core.internal.handler.BaseSyncClientHandler.measureApiCallSuccess(BaseSyncClientHandler.java:182) ~[sdk-core-2.54.8.jar:na]
	at software.amazon.awssdk.core.internal.handler.BaseSyncClientHandler.execute(BaseSyncClientHandler.java:74) ~[sdk-core-2.54.8.jar:na]
	at software.amazon.awssdk.core.client.handler.SdkSyncClientHandler.execute(SdkSyncClientHandler.java:45) ~[sdk-core-2.54.8.jar:na]
	at software.amazon.awssdk.awscore.client.handler.AwsSyncClientHandler.execute(AwsSyncClientHandler.java:53) ~[aws-core-2.54.8.jar:na]
	at software.amazon.awssdk.services.signin.DefaultSigninClient.createOAuth2Token(DefaultSigninClient.java:304) ~[signin-2.54.8.jar:na]
	at software.amazon.awssdk.services.signin.auth.LoginCredentialsProvider.refreshFromSigninService(LoginCredentialsProvider.java:177) ~[signin-2.54.8.jar:na]
	... 100 common frames omitted

2026-09-07T11:59:56.424-03:00 ERROR 14004 --- [ProjetoSpringBoot] [sqs-relatorios-1] [traceId=sem-trace spanId=sem-span eventoId=sem-evento] o.s.s.s.TaskUtils$LoggingErrorHandler    : Unexpected error occurred in scheduled task

software.amazon.awssdk.core.exception.SdkClientException: Your session has expired. Please reauthenticate.
	at software.amazon.awssdk.core.exception.SdkClientException$BuilderImpl.build(SdkClientException.java:130) ~[sdk-core-2.54.8.jar:na]
	at software.amazon.awssdk.core.exception.SdkClientException.create(SdkClientException.java:47) ~[sdk-core-2.54.8.jar:na]
	at software.amazon.awssdk.services.signin.auth.LoginCredentialsProvider.refreshFromSigninService(LoginCredentialsProvider.java:208) ~[signin-2.54.8.jar:na]
	at software.amazon.awssdk.services.signin.auth.LoginCredentialsProvider.updateSigninCredentials(LoginCredentialsProvider.java:159) ~[signin-2.54.8.jar:na]
	at software.amazon.awssdk.utils.cache.CachedSupplier.lambda$jitteredPrefetchValueSupplier$8(CachedSupplier.java:300) ~[utils-2.54.8.jar:na]
	at software.amazon.awssdk.utils.cache.NonBlocking.fetch(NonBlocking.java:151) ~[utils-2.54.8.jar:na]
	at software.amazon.awssdk.utils.cache.CachedSupplier.refreshCache(CachedSupplier.java:208) ~[utils-2.54.8.jar:na]
	at software.amazon.awssdk.utils.cache.CachedSupplier.get(CachedSupplier.java:135) ~[utils-2.54.8.jar:na]
	at software.amazon.awssdk.services.signin.auth.LoginCredentialsProvider.resolveCredentials(LoginCredentialsProvider.java:255) ~[signin-2.54.8.jar:na]
	at software.amazon.awssdk.services.signin.auth.LoginProfileCredentialsProviderFactory$LoginProfileCredentialsProvider.resolveCredentials(LoginProfileCredentialsProviderFactory.java:87) ~[signin-2.54.8.jar:na]
	at software.amazon.awssdk.auth.credentials.AwsCredentialsProvider.resolveIdentity(AwsCredentialsProvider.java:54) ~[auth-2.54.8.jar:na]
	at software.amazon.awssdk.core.http.auth.AuthSchemeResolver.lambda$resolveIdentity$4(AuthSchemeResolver.java:296) ~[sdk-core-2.54.8.jar:na]
	at software.amazon.awssdk.core.internal.util.MetricUtils.reportDuration(MetricUtils.java:81) ~[sdk-core-2.54.8.jar:na]
	at software.amazon.awssdk.core.http.auth.AuthSchemeResolver.resolveIdentity(AuthSchemeResolver.java:296) ~[sdk-core-2.54.8.jar:na]
	at software.amazon.awssdk.core.http.auth.AuthSchemeResolver.trySelectAuthScheme(AuthSchemeResolver.java:281) ~[sdk-core-2.54.8.jar:na]
	at software.amazon.awssdk.core.http.auth.AuthSchemeResolver.selectAuthScheme(AuthSchemeResolver.java:109) ~[sdk-core-2.54.8.jar:na]
	at software.amazon.awssdk.core.internal.http.pipeline.stages.AuthSchemeResolutionStage.execute(AuthSchemeResolutionStage.java:90) ~[sdk-core-2.54.8.jar:na]
	at software.amazon.awssdk.core.internal.http.pipeline.stages.AuthSchemeResolutionStage.execute(AuthSchemeResolutionStage.java:50) ~[sdk-core-2.54.8.jar:na]
	at software.amazon.awssdk.core.internal.http.pipeline.RequestPipelineBuilder$ComposingRequestPipelineStage.execute(RequestPipelineBuilder.java:206) ~[sdk-core-2.54.8.jar:na]
	at software.amazon.awssdk.core.internal.http.pipeline.RequestPipelineBuilder$ComposingRequestPipelineStage.execute(RequestPipelineBuilder.java:206) ~[sdk-core-2.54.8.jar:na]
	at software.amazon.awssdk.core.internal.http.pipeline.RequestPipelineBuilder$ComposingRequestPipelineStage.execute(RequestPipelineBuilder.java:206) ~[sdk-core-2.54.8.jar:na]
	at software.amazon.awssdk.core.internal.http.pipeline.RequestPipelineBuilder$ComposingRequestPipelineStage.execute(RequestPipelineBuilder.java:206) ~[sdk-core-2.54.8.jar:na]
	at software.amazon.awssdk.core.internal.http.pipeline.RequestPipelineBuilder$ComposingRequestPipelineStage.execute(RequestPipelineBuilder.java:206) ~[sdk-core-2.54.8.jar:na]
	at software.amazon.awssdk.core.internal.http.pipeline.RequestPipelineBuilder$ComposingRequestPipelineStage.execute(RequestPipelineBuilder.java:206) ~[sdk-core-2.54.8.jar:na]
	at software.amazon.awssdk.core.internal.http.StreamManagingStage.execute(StreamManagingStage.java:53) ~[sdk-core-2.54.8.jar:na]
	at software.amazon.awssdk.core.internal.http.StreamManagingStage.execute(StreamManagingStage.java:35) ~[sdk-core-2.54.8.jar:na]
	at software.amazon.awssdk.core.internal.http.pipeline.stages.ApiCallTimeoutTrackingStage.executeWithTimer(ApiCallTimeoutTrackingStage.java:82) ~[sdk-core-2.54.8.jar:na]
	at software.amazon.awssdk.core.internal.http.pipeline.stages.ApiCallTimeoutTrackingStage.execute(ApiCallTimeoutTrackingStage.java:62) ~[sdk-core-2.54.8.jar:na]
	at software.amazon.awssdk.core.internal.http.pipeline.stages.ApiCallTimeoutTrackingStage.execute(ApiCallTimeoutTrackingStage.java:43) ~[sdk-core-2.54.8.jar:na]
	at software.amazon.awssdk.core.internal.http.pipeline.stages.ApiCallMetricCollectionStage.execute(ApiCallMetricCollectionStage.java:49) ~[sdk-core-2.54.8.jar:na]
	at software.amazon.awssdk.core.internal.http.pipeline.stages.ApiCallMetricCollectionStage.execute(ApiCallMetricCollectionStage.java:32) ~[sdk-core-2.54.8.jar:na]
	at software.amazon.awssdk.core.internal.http.pipeline.RequestPipelineBuilder$ComposingRequestPipelineStage.execute(RequestPipelineBuilder.java:206) ~[sdk-core-2.54.8.jar:na]
	at software.amazon.awssdk.core.internal.http.pipeline.RequestPipelineBuilder$ComposingRequestPipelineStage.execute(RequestPipelineBuilder.java:206) ~[sdk-core-2.54.8.jar:na]
	at software.amazon.awssdk.core.internal.http.pipeline.stages.ExecutionFailureExceptionReportingStage.execute(ExecutionFailureExceptionReportingStage.java:37) ~[sdk-core-2.54.8.jar:na]
	at software.amazon.awssdk.core.internal.http.pipeline.stages.ExecutionFailureExceptionReportingStage.execute(ExecutionFailureExceptionReportingStage.java:26) ~[sdk-core-2.54.8.jar:na]
	at software.amazon.awssdk.core.internal.http.AmazonSyncHttpClient$RequestExecutionBuilderImpl.execute(AmazonSyncHttpClient.java:214) ~[sdk-core-2.54.8.jar:na]
	at software.amazon.awssdk.core.internal.handler.BaseSyncClientHandler.invoke(BaseSyncClientHandler.java:103) ~[sdk-core-2.54.8.jar:na]
	at software.amazon.awssdk.core.internal.handler.BaseSyncClientHandler.doExecute(BaseSyncClientHandler.java:173) ~[sdk-core-2.54.8.jar:na]
	at software.amazon.awssdk.core.internal.handler.BaseSyncClientHandler.lambda$execute$1(BaseSyncClientHandler.java:80) ~[sdk-core-2.54.8.jar:na]
	at software.amazon.awssdk.core.internal.handler.BaseSyncClientHandler.measureApiCallSuccess(BaseSyncClientHandler.java:182) ~[sdk-core-2.54.8.jar:na]
	at software.amazon.awssdk.core.internal.handler.BaseSyncClientHandler.execute(BaseSyncClientHandler.java:74) ~[sdk-core-2.54.8.jar:na]
	at software.amazon.awssdk.core.client.handler.SdkSyncClientHandler.execute(SdkSyncClientHandler.java:45) ~[sdk-core-2.54.8.jar:na]
	at software.amazon.awssdk.awscore.client.handler.AwsSyncClientHandler.execute(AwsSyncClientHandler.java:53) ~[aws-core-2.54.8.jar:na]
	at software.amazon.awssdk.services.sts.DefaultStsClient.assumeRole(DefaultStsClient.java:319) ~[sts-2.54.8.jar:na]
	at software.amazon.awssdk.services.sts.auth.StsAssumeRoleCredentialsProvider.getUpdatedCredentials(StsAssumeRoleCredentialsProvider.java:84) ~[sts-2.54.8.jar:na]
	at software.amazon.awssdk.services.sts.auth.StsCredentialsProvider.updateSessionCredentials(StsCredentialsProvider.java:93) ~[sts-2.54.8.jar:na]
	at software.amazon.awssdk.utils.cache.CachedSupplier.lambda$jitteredPrefetchValueSupplier$8(CachedSupplier.java:300) ~[utils-2.54.8.jar:na]
	at software.amazon.awssdk.utils.cache.CachedSupplier$PrefetchStrategy.fetch(CachedSupplier.java:460) ~[utils-2.54.8.jar:na]
	at software.amazon.awssdk.utils.cache.CachedSupplier.refreshCache(CachedSupplier.java:208) ~[utils-2.54.8.jar:na]
	at software.amazon.awssdk.utils.cache.CachedSupplier.get(CachedSupplier.java:135) ~[utils-2.54.8.jar:na]
	at software.amazon.awssdk.services.sts.auth.StsCredentialsProvider.resolveCredentials(StsCredentialsProvider.java:106) ~[sts-2.54.8.jar:na]
	at software.amazon.awssdk.services.sts.internal.StsProfileCredentialsProviderFactory$StsProfileCredentialsProvider.resolveCredentials(StsProfileCredentialsProviderFactory.java:117) ~[sts-2.54.8.jar:na]
	at software.amazon.awssdk.auth.credentials.ProfileCredentialsProvider.resolveCredentials(ProfileCredentialsProvider.java:131) ~[auth-2.54.8.jar:na]
	at software.amazon.awssdk.auth.credentials.AwsCredentialsProvider.resolveIdentity(AwsCredentialsProvider.java:54) ~[auth-2.54.8.jar:na]
	at software.amazon.awssdk.core.http.auth.AuthSchemeResolver.lambda$resolveIdentity$4(AuthSchemeResolver.java:296) ~[sdk-core-2.54.8.jar:na]
	at software.amazon.awssdk.core.internal.util.MetricUtils.reportDuration(MetricUtils.java:81) ~[sdk-core-2.54.8.jar:na]
	at software.amazon.awssdk.core.http.auth.AuthSchemeResolver.resolveIdentity(AuthSchemeResolver.java:296) ~[sdk-core-2.54.8.jar:na]
	at software.amazon.awssdk.core.http.auth.AuthSchemeResolver.trySelectAuthScheme(AuthSchemeResolver.java:281) ~[sdk-core-2.54.8.jar:na]
	at software.amazon.awssdk.core.http.auth.AuthSchemeResolver.selectAuthScheme(AuthSchemeResolver.java:109) ~[sdk-core-2.54.8.jar:na]
	at software.amazon.awssdk.core.internal.http.pipeline.stages.AuthSchemeResolutionStage.execute(AuthSchemeResolutionStage.java:90) ~[sdk-core-2.54.8.jar:na]
	at software.amazon.awssdk.core.internal.http.pipeline.stages.AuthSchemeResolutionStage.execute(AuthSchemeResolutionStage.java:50) ~[sdk-core-2.54.8.jar:na]
	at software.amazon.awssdk.core.internal.http.pipeline.RequestPipelineBuilder$ComposingRequestPipelineStage.execute(RequestPipelineBuilder.java:206) ~[sdk-core-2.54.8.jar:na]
	at software.amazon.awssdk.core.internal.http.pipeline.RequestPipelineBuilder$ComposingRequestPipelineStage.execute(RequestPipelineBuilder.java:206) ~[sdk-core-2.54.8.jar:na]
	at software.amazon.awssdk.core.internal.http.pipeline.RequestPipelineBuilder$ComposingRequestPipelineStage.execute(RequestPipelineBuilder.java:206) ~[sdk-core-2.54.8.jar:na]
	at software.amazon.awssdk.core.internal.http.pipeline.RequestPipelineBuilder$ComposingRequestPipelineStage.execute(RequestPipelineBuilder.java:206) ~[sdk-core-2.54.8.jar:na]
	at software.amazon.awssdk.core.internal.http.pipeline.RequestPipelineBuilder$ComposingRequestPipelineStage.execute(RequestPipelineBuilder.java:206) ~[sdk-core-2.54.8.jar:na]
	at software.amazon.awssdk.core.internal.http.pipeline.RequestPipelineBuilder$ComposingRequestPipelineStage.execute(RequestPipelineBuilder.java:206) ~[sdk-core-2.54.8.jar:na]
	at software.amazon.awssdk.core.internal.http.StreamManagingStage.execute(StreamManagingStage.java:53) ~[sdk-core-2.54.8.jar:na]
	at software.amazon.awssdk.core.internal.http.StreamManagingStage.execute(StreamManagingStage.java:35) ~[sdk-core-2.54.8.jar:na]
	at software.amazon.awssdk.core.internal.http.pipeline.stages.ApiCallTimeoutTrackingStage.executeWithTimer(ApiCallTimeoutTrackingStage.java:82) ~[sdk-core-2.54.8.jar:na]
	at software.amazon.awssdk.core.internal.http.pipeline.stages.ApiCallTimeoutTrackingStage.execute(ApiCallTimeoutTrackingStage.java:62) ~[sdk-core-2.54.8.jar:na]
	at software.amazon.awssdk.core.internal.http.pipeline.stages.ApiCallTimeoutTrackingStage.execute(ApiCallTimeoutTrackingStage.java:43) ~[sdk-core-2.54.8.jar:na]
	at software.amazon.awssdk.core.internal.http.pipeline.stages.ApiCallMetricCollectionStage.execute(ApiCallMetricCollectionStage.java:49) ~[sdk-core-2.54.8.jar:na]
	at software.amazon.awssdk.core.internal.http.pipeline.stages.ApiCallMetricCollectionStage.execute(ApiCallMetricCollectionStage.java:32) ~[sdk-core-2.54.8.jar:na]
	at software.amazon.awssdk.core.internal.http.pipeline.RequestPipelineBuilder$ComposingRequestPipelineStage.execute(RequestPipelineBuilder.java:206) ~[sdk-core-2.54.8.jar:na]
	at software.amazon.awssdk.core.internal.http.pipeline.RequestPipelineBuilder$ComposingRequestPipelineStage.execute(RequestPipelineBuilder.java:206) ~[sdk-core-2.54.8.jar:na]
	at software.amazon.awssdk.core.internal.http.pipeline.stages.ExecutionFailureExceptionReportingStage.execute(ExecutionFailureExceptionReportingStage.java:37) ~[sdk-core-2.54.8.jar:na]
	at software.amazon.awssdk.core.internal.http.pipeline.stages.ExecutionFailureExceptionReportingStage.execute(ExecutionFailureExceptionReportingStage.java:26) ~[sdk-core-2.54.8.jar:na]
	at software.amazon.awssdk.core.internal.http.AmazonSyncHttpClient$RequestExecutionBuilderImpl.execute(AmazonSyncHttpClient.java:214) ~[sdk-core-2.54.8.jar:na]
	at software.amazon.awssdk.core.internal.handler.BaseSyncClientHandler.invoke(BaseSyncClientHandler.java:103) ~[sdk-core-2.54.8.jar:na]
	at software.amazon.awssdk.core.internal.handler.BaseSyncClientHandler.doExecute(BaseSyncClientHandler.java:173) ~[sdk-core-2.54.8.jar:na]
	at software.amazon.awssdk.core.internal.handler.BaseSyncClientHandler.lambda$execute$1(BaseSyncClientHandler.java:80) ~[sdk-core-2.54.8.jar:na]
	at software.amazon.awssdk.core.internal.handler.BaseSyncClientHandler.measureApiCallSuccess(BaseSyncClientHandler.java:182) ~[sdk-core-2.54.8.jar:na]
	at software.amazon.awssdk.core.internal.handler.BaseSyncClientHandler.execute(BaseSyncClientHandler.java:74) ~[sdk-core-2.54.8.jar:na]
	at software.amazon.awssdk.core.client.handler.SdkSyncClientHandler.execute(SdkSyncClientHandler.java:45) ~[sdk-core-2.54.8.jar:na]
	at software.amazon.awssdk.awscore.client.handler.AwsSyncClientHandler.execute(AwsSyncClientHandler.java:53) ~[aws-core-2.54.8.jar:na]
	at software.amazon.awssdk.services.sqs.DefaultSqsClient.receiveMessage(DefaultSqsClient.java:1996) ~[sqs-2.54.8.jar:na]
	at br.com.exemplo.projetospringboot.messaging.consumer.AuditoriaRelatorioSqsConsumer.receberEProcessar(AuditoriaRelatorioSqsConsumer.java:62) ~[classes/:na]
	at br.com.exemplo.projetospringboot.messaging.job.AuditoriaRelatorioSqsJob.consultarFila(AuditoriaRelatorioSqsJob.java:34) ~[classes/:na]
	at java.base/jdk.internal.reflect.DirectMethodHandleAccessor.invoke(DirectMethodHandleAccessor.java:103) ~[na:na]
	at java.base/java.lang.reflect.Method.invoke(Method.java:580) ~[na:na]
	at org.springframework.scheduling.support.ScheduledMethodRunnable.runInternal(ScheduledMethodRunnable.java:128) ~[spring-context-7.0.8.jar:7.0.8]
	at org.springframework.scheduling.support.ScheduledMethodRunnable.lambda$run$1(ScheduledMethodRunnable.java:122) ~[spring-context-7.0.8.jar:7.0.8]
	at io.micrometer.observation.Observation.observe(Observation.java:569) ~[micrometer-observation-1.17.0.jar:1.17.0]
	at org.springframework.scheduling.support.ScheduledMethodRunnable.run(ScheduledMethodRunnable.java:122) ~[spring-context-7.0.8.jar:7.0.8]
	at org.springframework.scheduling.config.Task$OutcomeTrackingRunnable.run(Task.java:88) ~[spring-context-7.0.8.jar:7.0.8]
	at org.springframework.scheduling.support.DelegatingErrorHandlingRunnable.run(DelegatingErrorHandlingRunnable.java:54) ~[spring-context-7.0.8.jar:7.0.8]
	at java.base/java.util.concurrent.Executors$RunnableAdapter.call(Executors.java:572) ~[na:na]
	at java.base/java.util.concurrent.FutureTask.runAndReset(FutureTask.java:358) ~[na:na]
	at java.base/java.util.concurrent.ScheduledThreadPoolExecutor$ScheduledFutureTask.run(ScheduledThreadPoolExecutor.java:305) ~[na:na]
	at java.base/java.util.concurrent.ThreadPoolExecutor.runWorker(ThreadPoolExecutor.java:1144) ~[na:na]
	at java.base/java.util.concurrent.ThreadPoolExecutor$Worker.run(ThreadPoolExecutor.java:642) ~[na:na]
	at java.base/java.lang.Thread.run(Thread.java:1583) ~[na:na]
Caused by: software.amazon.awssdk.services.signin.model.AccessDeniedException: The refresh token has expired. (Service: Signin, Status Code: 401, Request ID: X-Amzn-Trace-Id=Root=1-6a9ed16c-601845fc6ba5653429af40bb;RequestId=f8f8d7af-a929-4c05-862a-2fa7bd257e3d) (SDK Attempt Count: 1)
	at software.amazon.awssdk.services.signin.model.AccessDeniedException$BuilderImpl.build(AccessDeniedException.java:276) ~[signin-2.54.8.jar:na]
	at software.amazon.awssdk.services.signin.model.AccessDeniedException$BuilderImpl.build(AccessDeniedException.java:201) ~[signin-2.54.8.jar:na]
	at software.amazon.awssdk.core.internal.http.pipeline.stages.utils.RetryableStageHelper.retryPolicyDisallowedRetryException(RetryableStageHelper.java:251) ~[sdk-core-2.54.8.jar:na]
	at software.amazon.awssdk.core.internal.http.pipeline.stages.RetryableStage.execute(RetryableStage.java:86) ~[sdk-core-2.54.8.jar:na]
	at software.amazon.awssdk.core.internal.http.pipeline.stages.RetryableStage.execute(RetryableStage.java:39) ~[sdk-core-2.54.8.jar:na]
	at software.amazon.awssdk.core.internal.http.pipeline.RequestPipelineBuilder$ComposingRequestPipelineStage.execute(RequestPipelineBuilder.java:206) ~[sdk-core-2.54.8.jar:na]
	at software.amazon.awssdk.core.internal.http.StreamManagingStage.execute(StreamManagingStage.java:53) ~[sdk-core-2.54.8.jar:na]
	at software.amazon.awssdk.core.internal.http.StreamManagingStage.execute(StreamManagingStage.java:35) ~[sdk-core-2.54.8.jar:na]
	at software.amazon.awssdk.core.internal.http.pipeline.stages.ApiCallTimeoutTrackingStage.executeWithTimer(ApiCallTimeoutTrackingStage.java:82) ~[sdk-core-2.54.8.jar:na]
	at software.amazon.awssdk.core.internal.http.pipeline.stages.ApiCallTimeoutTrackingStage.execute(ApiCallTimeoutTrackingStage.java:62) ~[sdk-core-2.54.8.jar:na]
	at software.amazon.awssdk.core.internal.http.pipeline.stages.ApiCallTimeoutTrackingStage.execute(ApiCallTimeoutTrackingStage.java:43) ~[sdk-core-2.54.8.jar:na]
	at software.amazon.awssdk.core.internal.http.pipeline.stages.ApiCallMetricCollectionStage.execute(ApiCallMetricCollectionStage.java:49) ~[sdk-core-2.54.8.jar:na]
	at software.amazon.awssdk.core.internal.http.pipeline.stages.ApiCallMetricCollectionStage.execute(ApiCallMetricCollectionStage.java:32) ~[sdk-core-2.54.8.jar:na]
	at software.amazon.awssdk.core.internal.http.pipeline.RequestPipelineBuilder$ComposingRequestPipelineStage.execute(RequestPipelineBuilder.java:206) ~[sdk-core-2.54.8.jar:na]
	at software.amazon.awssdk.core.internal.http.pipeline.RequestPipelineBuilder$ComposingRequestPipelineStage.execute(RequestPipelineBuilder.java:206) ~[sdk-core-2.54.8.jar:na]
	at software.amazon.awssdk.core.internal.http.pipeline.stages.ExecutionFailureExceptionReportingStage.execute(ExecutionFailureExceptionReportingStage.java:37) ~[sdk-core-2.54.8.jar:na]
	at software.amazon.awssdk.core.internal.http.pipeline.stages.ExecutionFailureExceptionReportingStage.execute(ExecutionFailureExceptionReportingStage.java:26) ~[sdk-core-2.54.8.jar:na]
	at software.amazon.awssdk.core.internal.http.AmazonSyncHttpClient$RequestExecutionBuilderImpl.execute(AmazonSyncHttpClient.java:214) ~[sdk-core-2.54.8.jar:na]
	at software.amazon.awssdk.core.internal.handler.BaseSyncClientHandler.invoke(BaseSyncClientHandler.java:103) ~[sdk-core-2.54.8.jar:na]
	at software.amazon.awssdk.core.internal.handler.BaseSyncClientHandler.doExecute(BaseSyncClientHandler.java:173) ~[sdk-core-2.54.8.jar:na]
	at software.amazon.awssdk.core.internal.handler.BaseSyncClientHandler.lambda$execute$1(BaseSyncClientHandler.java:80) ~[sdk-core-2.54.8.jar:na]
	at software.amazon.awssdk.core.internal.handler.BaseSyncClientHandler.measureApiCallSuccess(BaseSyncClientHandler.java:182) ~[sdk-core-2.54.8.jar:na]
	at software.amazon.awssdk.core.internal.handler.BaseSyncClientHandler.execute(BaseSyncClientHandler.java:74) ~[sdk-core-2.54.8.jar:na]
	at software.amazon.awssdk.core.client.handler.SdkSyncClientHandler.execute(SdkSyncClientHandler.java:45) ~[sdk-core-2.54.8.jar:na]
	at software.amazon.awssdk.awscore.client.handler.AwsSyncClientHandler.execute(AwsSyncClientHandler.java:53) ~[aws-core-2.54.8.jar:na]
	at software.amazon.awssdk.services.signin.DefaultSigninClient.createOAuth2Token(DefaultSigninClient.java:304) ~[signin-2.54.8.jar:na]
	at software.amazon.awssdk.services.signin.auth.LoginCredentialsProvider.refreshFromSigninService(LoginCredentialsProvider.java:177) ~[signin-2.54.8.jar:na]
	... 100 common frames omitted

2026-09-07T12:00:01.444-03:00  INFO 14004 --- [ProjetoSpringBoot] [SpringApplicationShutdownHook] [traceId=sem-trace spanId=sem-span eventoId=sem-evento] o.s.boot.tomcat.GracefulShutdown         : Commencing graceful shutdown. Waiting for active requests to complete
2026-09-07T12:00:01.444-03:00 ERROR 14004 --- [ProjetoSpringBoot] [sqs-relatorios-2] [traceId=sem-trace spanId=sem-span eventoId=sem-evento] o.s.s.s.TaskUtils$LoggingErrorHandler    : Unexpected error occurred in scheduled task

software.amazon.awssdk.core.exception.SdkClientException: Your session has expired. Please reauthenticate.
	at software.amazon.awssdk.core.exception.SdkClientException$BuilderImpl.build(SdkClientException.java:130) ~[sdk-core-2.54.8.jar:na]
	at software.amazon.awssdk.core.exception.SdkClientException.create(SdkClientException.java:47) ~[sdk-core-2.54.8.jar:na]
	at software.amazon.awssdk.services.signin.auth.LoginCredentialsProvider.refreshFromSigninService(LoginCredentialsProvider.java:208) ~[signin-2.54.8.jar:na]
	at software.amazon.awssdk.services.signin.auth.LoginCredentialsProvider.updateSigninCredentials(LoginCredentialsProvider.java:159) ~[signin-2.54.8.jar:na]
	at software.amazon.awssdk.utils.cache.CachedSupplier.lambda$jitteredPrefetchValueSupplier$8(CachedSupplier.java:300) ~[utils-2.54.8.jar:na]
	at software.amazon.awssdk.utils.cache.NonBlocking.fetch(NonBlocking.java:151) ~[utils-2.54.8.jar:na]
	at software.amazon.awssdk.utils.cache.CachedSupplier.refreshCache(CachedSupplier.java:208) ~[utils-2.54.8.jar:na]
	at software.amazon.awssdk.utils.cache.CachedSupplier.get(CachedSupplier.java:135) ~[utils-2.54.8.jar:na]
	at software.amazon.awssdk.services.signin.auth.LoginCredentialsProvider.resolveCredentials(LoginCredentialsProvider.java:255) ~[signin-2.54.8.jar:na]
	at software.amazon.awssdk.services.signin.auth.LoginProfileCredentialsProviderFactory$LoginProfileCredentialsProvider.resolveCredentials(LoginProfileCredentialsProviderFactory.java:87) ~[signin-2.54.8.jar:na]
	at software.amazon.awssdk.auth.credentials.AwsCredentialsProvider.resolveIdentity(AwsCredentialsProvider.java:54) ~[auth-2.54.8.jar:na]
	at software.amazon.awssdk.core.http.auth.AuthSchemeResolver.lambda$resolveIdentity$4(AuthSchemeResolver.java:296) ~[sdk-core-2.54.8.jar:na]
	at software.amazon.awssdk.core.internal.util.MetricUtils.reportDuration(MetricUtils.java:81) ~[sdk-core-2.54.8.jar:na]
	at software.amazon.awssdk.core.http.auth.AuthSchemeResolver.resolveIdentity(AuthSchemeResolver.java:296) ~[sdk-core-2.54.8.jar:na]
	at software.amazon.awssdk.core.http.auth.AuthSchemeResolver.trySelectAuthScheme(AuthSchemeResolver.java:281) ~[sdk-core-2.54.8.jar:na]
	at software.amazon.awssdk.core.http.auth.AuthSchemeResolver.selectAuthScheme(AuthSchemeResolver.java:109) ~[sdk-core-2.54.8.jar:na]
	at software.amazon.awssdk.core.internal.http.pipeline.stages.AuthSchemeResolutionStage.execute(AuthSchemeResolutionStage.java:90) ~[sdk-core-2.54.8.jar:na]
	at software.amazon.awssdk.core.internal.http.pipeline.stages.AuthSchemeResolutionStage.execute(AuthSchemeResolutionStage.java:50) ~[sdk-core-2.54.8.jar:na]
	at software.amazon.awssdk.core.internal.http.pipeline.RequestPipelineBuilder$ComposingRequestPipelineStage.execute(RequestPipelineBuilder.java:206) ~[sdk-core-2.54.8.jar:na]
	at software.amazon.awssdk.core.internal.http.pipeline.RequestPipelineBuilder$ComposingRequestPipelineStage.execute(RequestPipelineBuilder.java:206) ~[sdk-core-2.54.8.jar:na]
	at software.amazon.awssdk.core.internal.http.pipeline.RequestPipelineBuilder$ComposingRequestPipelineStage.execute(RequestPipelineBuilder.java:206) ~[sdk-core-2.54.8.jar:na]
	at software.amazon.awssdk.core.internal.http.pipeline.RequestPipelineBuilder$ComposingRequestPipelineStage.execute(RequestPipelineBuilder.java:206) ~[sdk-core-2.54.8.jar:na]
	at software.amazon.awssdk.core.internal.http.pipeline.RequestPipelineBuilder$ComposingRequestPipelineStage.execute(RequestPipelineBuilder.java:206) ~[sdk-core-2.54.8.jar:na]
	at software.amazon.awssdk.core.internal.http.pipeline.RequestPipelineBuilder$ComposingRequestPipelineStage.execute(RequestPipelineBuilder.java:206) ~[sdk-core-2.54.8.jar:na]
	at software.amazon.awssdk.core.internal.http.StreamManagingStage.execute(StreamManagingStage.java:53) ~[sdk-core-2.54.8.jar:na]
	at software.amazon.awssdk.core.internal.http.StreamManagingStage.execute(StreamManagingStage.java:35) ~[sdk-core-2.54.8.jar:na]
	at software.amazon.awssdk.core.internal.http.pipeline.stages.ApiCallTimeoutTrackingStage.executeWithTimer(ApiCallTimeoutTrackingStage.java:82) ~[sdk-core-2.54.8.jar:na]
	at software.amazon.awssdk.core.internal.http.pipeline.stages.ApiCallTimeoutTrackingStage.execute(ApiCallTimeoutTrackingStage.java:62) ~[sdk-core-2.54.8.jar:na]
	at software.amazon.awssdk.core.internal.http.pipeline.stages.ApiCallTimeoutTrackingStage.execute(ApiCallTimeoutTrackingStage.java:43) ~[sdk-core-2.54.8.jar:na]
	at software.amazon.awssdk.core.internal.http.pipeline.stages.ApiCallMetricCollectionStage.execute(ApiCallMetricCollectionStage.java:49) ~[sdk-core-2.54.8.jar:na]
	at software.amazon.awssdk.core.internal.http.pipeline.stages.ApiCallMetricCollectionStage.execute(ApiCallMetricCollectionStage.java:32) ~[sdk-core-2.54.8.jar:na]
	at software.amazon.awssdk.core.internal.http.pipeline.RequestPipelineBuilder$ComposingRequestPipelineStage.execute(RequestPipelineBuilder.java:206) ~[sdk-core-2.54.8.jar:na]
	at software.amazon.awssdk.core.internal.http.pipeline.RequestPipelineBuilder$ComposingRequestPipelineStage.execute(RequestPipelineBuilder.java:206) ~[sdk-core-2.54.8.jar:na]
	at software.amazon.awssdk.core.internal.http.pipeline.stages.ExecutionFailureExceptionReportingStage.execute(ExecutionFailureExceptionReportingStage.java:37) ~[sdk-core-2.54.8.jar:na]
	at software.amazon.awssdk.core.internal.http.pipeline.stages.ExecutionFailureExceptionReportingStage.execute(ExecutionFailureExceptionReportingStage.java:26) ~[sdk-core-2.54.8.jar:na]
	at software.amazon.awssdk.core.internal.http.AmazonSyncHttpClient$RequestExecutionBuilderImpl.execute(AmazonSyncHttpClient.java:214) ~[sdk-core-2.54.8.jar:na]
	at software.amazon.awssdk.core.internal.handler.BaseSyncClientHandler.invoke(BaseSyncClientHandler.java:103) ~[sdk-core-2.54.8.jar:na]
	at software.amazon.awssdk.core.internal.handler.BaseSyncClientHandler.doExecute(BaseSyncClientHandler.java:173) ~[sdk-core-2.54.8.jar:na]
	at software.amazon.awssdk.core.internal.handler.BaseSyncClientHandler.lambda$execute$1(BaseSyncClientHandler.java:80) ~[sdk-core-2.54.8.jar:na]
	at software.amazon.awssdk.core.internal.handler.BaseSyncClientHandler.measureApiCallSuccess(BaseSyncClientHandler.java:182) ~[sdk-core-2.54.8.jar:na]
	at software.amazon.awssdk.core.internal.handler.BaseSyncClientHandler.execute(BaseSyncClientHandler.java:74) ~[sdk-core-2.54.8.jar:na]
	at software.amazon.awssdk.core.client.handler.SdkSyncClientHandler.execute(SdkSyncClientHandler.java:45) ~[sdk-core-2.54.8.jar:na]
	at software.amazon.awssdk.awscore.client.handler.AwsSyncClientHandler.execute(AwsSyncClientHandler.java:53) ~[aws-core-2.54.8.jar:na]
	at software.amazon.awssdk.services.sts.DefaultStsClient.assumeRole(DefaultStsClient.java:319) ~[sts-2.54.8.jar:na]
	at software.amazon.awssdk.services.sts.auth.StsAssumeRoleCredentialsProvider.getUpdatedCredentials(StsAssumeRoleCredentialsProvider.java:84) ~[sts-2.54.8.jar:na]
	at software.amazon.awssdk.services.sts.auth.StsCredentialsProvider.updateSessionCredentials(StsCredentialsProvider.java:93) ~[sts-2.54.8.jar:na]
	at software.amazon.awssdk.utils.cache.CachedSupplier.lambda$jitteredPrefetchValueSupplier$8(CachedSupplier.java:300) ~[utils-2.54.8.jar:na]
	at software.amazon.awssdk.utils.cache.CachedSupplier$PrefetchStrategy.fetch(CachedSupplier.java:460) ~[utils-2.54.8.jar:na]
	at software.amazon.awssdk.utils.cache.CachedSupplier.refreshCache(CachedSupplier.java:208) ~[utils-2.54.8.jar:na]
	at software.amazon.awssdk.utils.cache.CachedSupplier.get(CachedSupplier.java:135) ~[utils-2.54.8.jar:na]
	at software.amazon.awssdk.services.sts.auth.StsCredentialsProvider.resolveCredentials(StsCredentialsProvider.java:106) ~[sts-2.54.8.jar:na]
	at software.amazon.awssdk.services.sts.internal.StsProfileCredentialsProviderFactory$StsProfileCredentialsProvider.resolveCredentials(StsProfileCredentialsProviderFactory.java:117) ~[sts-2.54.8.jar:na]
	at software.amazon.awssdk.auth.credentials.ProfileCredentialsProvider.resolveCredentials(ProfileCredentialsProvider.java:131) ~[auth-2.54.8.jar:na]
	at software.amazon.awssdk.auth.credentials.AwsCredentialsProvider.resolveIdentity(AwsCredentialsProvider.java:54) ~[auth-2.54.8.jar:na]
	at software.amazon.awssdk.core.http.auth.AuthSchemeResolver.lambda$resolveIdentity$4(AuthSchemeResolver.java:296) ~[sdk-core-2.54.8.jar:na]
	at software.amazon.awssdk.core.internal.util.MetricUtils.reportDuration(MetricUtils.java:81) ~[sdk-core-2.54.8.jar:na]
	at software.amazon.awssdk.core.http.auth.AuthSchemeResolver.resolveIdentity(AuthSchemeResolver.java:296) ~[sdk-core-2.54.8.jar:na]
	at software.amazon.awssdk.core.http.auth.AuthSchemeResolver.trySelectAuthScheme(AuthSchemeResolver.java:281) ~[sdk-core-2.54.8.jar:na]
	at software.amazon.awssdk.core.http.auth.AuthSchemeResolver.selectAuthScheme(AuthSchemeResolver.java:109) ~[sdk-core-2.54.8.jar:na]
	at software.amazon.awssdk.core.internal.http.pipeline.stages.AuthSchemeResolutionStage.execute(AuthSchemeResolutionStage.java:90) ~[sdk-core-2.54.8.jar:na]
	at software.amazon.awssdk.core.internal.http.pipeline.stages.AuthSchemeResolutionStage.execute(AuthSchemeResolutionStage.java:50) ~[sdk-core-2.54.8.jar:na]
	at software.amazon.awssdk.core.internal.http.pipeline.RequestPipelineBuilder$ComposingRequestPipelineStage.execute(RequestPipelineBuilder.java:206) ~[sdk-core-2.54.8.jar:na]
	at software.amazon.awssdk.core.internal.http.pipeline.RequestPipelineBuilder$ComposingRequestPipelineStage.execute(RequestPipelineBuilder.java:206) ~[sdk-core-2.54.8.jar:na]
	at software.amazon.awssdk.core.internal.http.pipeline.RequestPipelineBuilder$ComposingRequestPipelineStage.execute(RequestPipelineBuilder.java:206) ~[sdk-core-2.54.8.jar:na]
	at software.amazon.awssdk.core.internal.http.pipeline.RequestPipelineBuilder$ComposingRequestPipelineStage.execute(RequestPipelineBuilder.java:206) ~[sdk-core-2.54.8.jar:na]
	at software.amazon.awssdk.core.internal.http.pipeline.RequestPipelineBuilder$ComposingRequestPipelineStage.execute(RequestPipelineBuilder.java:206) ~[sdk-core-2.54.8.jar:na]
	at software.amazon.awssdk.core.internal.http.pipeline.RequestPipelineBuilder$ComposingRequestPipelineStage.execute(RequestPipelineBuilder.java:206) ~[sdk-core-2.54.8.jar:na]
	at software.amazon.awssdk.core.internal.http.StreamManagingStage.execute(StreamManagingStage.java:53) ~[sdk-core-2.54.8.jar:na]
	at software.amazon.awssdk.core.internal.http.StreamManagingStage.execute(StreamManagingStage.java:35) ~[sdk-core-2.54.8.jar:na]
	at software.amazon.awssdk.core.internal.http.pipeline.stages.ApiCallTimeoutTrackingStage.executeWithTimer(ApiCallTimeoutTrackingStage.java:82) ~[sdk-core-2.54.8.jar:na]
	at software.amazon.awssdk.core.internal.http.pipeline.stages.ApiCallTimeoutTrackingStage.execute(ApiCallTimeoutTrackingStage.java:62) ~[sdk-core-2.54.8.jar:na]
	at software.amazon.awssdk.core.internal.http.pipeline.stages.ApiCallTimeoutTrackingStage.execute(ApiCallTimeoutTrackingStage.java:43) ~[sdk-core-2.54.8.jar:na]
	at software.amazon.awssdk.core.internal.http.pipeline.stages.ApiCallMetricCollectionStage.execute(ApiCallMetricCollectionStage.java:49) ~[sdk-core-2.54.8.jar:na]
	at software.amazon.awssdk.core.internal.http.pipeline.stages.ApiCallMetricCollectionStage.execute(ApiCallMetricCollectionStage.java:32) ~[sdk-core-2.54.8.jar:na]
	at software.amazon.awssdk.core.internal.http.pipeline.RequestPipelineBuilder$ComposingRequestPipelineStage.execute(RequestPipelineBuilder.java:206) ~[sdk-core-2.54.8.jar:na]
	at software.amazon.awssdk.core.internal.http.pipeline.RequestPipelineBuilder$ComposingRequestPipelineStage.execute(RequestPipelineBuilder.java:206) ~[sdk-core-2.54.8.jar:na]
	at software.amazon.awssdk.core.internal.http.pipeline.stages.ExecutionFailureExceptionReportingStage.execute(ExecutionFailureExceptionReportingStage.java:37) ~[sdk-core-2.54.8.jar:na]
	at software.amazon.awssdk.core.internal.http.pipeline.stages.ExecutionFailureExceptionReportingStage.execute(ExecutionFailureExceptionReportingStage.java:26) ~[sdk-core-2.54.8.jar:na]
	at software.amazon.awssdk.core.internal.http.AmazonSyncHttpClient$RequestExecutionBuilderImpl.execute(AmazonSyncHttpClient.java:214) ~[sdk-core-2.54.8.jar:na]
	at software.amazon.awssdk.core.internal.handler.BaseSyncClientHandler.invoke(BaseSyncClientHandler.java:103) ~[sdk-core-2.54.8.jar:na]
	at software.amazon.awssdk.core.internal.handler.BaseSyncClientHandler.doExecute(BaseSyncClientHandler.java:173) ~[sdk-core-2.54.8.jar:na]
	at software.amazon.awssdk.core.internal.handler.BaseSyncClientHandler.lambda$execute$1(BaseSyncClientHandler.java:80) ~[sdk-core-2.54.8.jar:na]
	at software.amazon.awssdk.core.internal.handler.BaseSyncClientHandler.measureApiCallSuccess(BaseSyncClientHandler.java:182) ~[sdk-core-2.54.8.jar:na]
	at software.amazon.awssdk.core.internal.handler.BaseSyncClientHandler.execute(BaseSyncClientHandler.java:74) ~[sdk-core-2.54.8.jar:na]
	at software.amazon.awssdk.core.client.handler.SdkSyncClientHandler.execute(SdkSyncClientHandler.java:45) ~[sdk-core-2.54.8.jar:na]
	at software.amazon.awssdk.awscore.client.handler.AwsSyncClientHandler.execute(AwsSyncClientHandler.java:53) ~[aws-core-2.54.8.jar:na]
	at software.amazon.awssdk.services.sqs.DefaultSqsClient.receiveMessage(DefaultSqsClient.java:1996) ~[sqs-2.54.8.jar:na]
	at br.com.exemplo.projetospringboot.messaging.consumer.RelatorioPedidoSqsConsumer.receberEProcessar(RelatorioPedidoSqsConsumer.java:81) ~[classes/:na]
	at br.com.exemplo.projetospringboot.messaging.job.RelatorioPedidoSqsJob.consultarFila(RelatorioPedidoSqsJob.java:43) ~[classes/:na]
	at java.base/jdk.internal.reflect.DirectMethodHandleAccessor.invoke(DirectMethodHandleAccessor.java:103) ~[na:na]
	at java.base/java.lang.reflect.Method.invoke(Method.java:580) ~[na:na]
	at org.springframework.scheduling.support.ScheduledMethodRunnable.runInternal(ScheduledMethodRunnable.java:128) ~[spring-context-7.0.8.jar:7.0.8]
	at org.springframework.scheduling.support.ScheduledMethodRunnable.lambda$run$1(ScheduledMethodRunnable.java:122) ~[spring-context-7.0.8.jar:7.0.8]
	at io.micrometer.observation.Observation.observe(Observation.java:569) ~[micrometer-observation-1.17.0.jar:1.17.0]
	at org.springframework.scheduling.support.ScheduledMethodRunnable.run(ScheduledMethodRunnable.java:122) ~[spring-context-7.0.8.jar:7.0.8]
	at org.springframework.scheduling.config.Task$OutcomeTrackingRunnable.run(Task.java:88) ~[spring-context-7.0.8.jar:7.0.8]
	at org.springframework.scheduling.support.DelegatingErrorHandlingRunnable.run(DelegatingErrorHandlingRunnable.java:54) ~[spring-context-7.0.8.jar:7.0.8]
	at java.base/java.util.concurrent.Executors$RunnableAdapter.call(Executors.java:572) ~[na:na]
	at java.base/java.util.concurrent.FutureTask.runAndReset(FutureTask.java:358) ~[na:na]
	at java.base/java.util.concurrent.ScheduledThreadPoolExecutor$ScheduledFutureTask.run(ScheduledThreadPoolExecutor.java:305) ~[na:na]
	at java.base/java.util.concurrent.ThreadPoolExecutor.runWorker(ThreadPoolExecutor.java:1144) ~[na:na]
	at java.base/java.util.concurrent.ThreadPoolExecutor$Worker.run(ThreadPoolExecutor.java:642) ~[na:na]
	at java.base/java.lang.Thread.run(Thread.java:1583) ~[na:na]
Caused by: software.amazon.awssdk.services.signin.model.AccessDeniedException: The refresh token has expired. (Service: Signin, Status Code: 401, Request ID: X-Amzn-Trace-Id=Root=1-6a9ed171-1c5b2d262afab7df23e381e0;RequestId=621c8ca3-77f4-4ec0-8449-3aee7482f615) (SDK Attempt Count: 1)
	at software.amazon.awssdk.services.signin.model.AccessDeniedException$BuilderImpl.build(AccessDeniedException.java:276) ~[signin-2.54.8.jar:na]
	at software.amazon.awssdk.services.signin.model.AccessDeniedException$BuilderImpl.build(AccessDeniedException.java:201) ~[signin-2.54.8.jar:na]
	at software.amazon.awssdk.core.internal.http.pipeline.stages.utils.RetryableStageHelper.retryPolicyDisallowedRetryException(RetryableStageHelper.java:251) ~[sdk-core-2.54.8.jar:na]
	at software.amazon.awssdk.core.internal.http.pipeline.stages.RetryableStage.execute(RetryableStage.java:86) ~[sdk-core-2.54.8.jar:na]
	at software.amazon.awssdk.core.internal.http.pipeline.stages.RetryableStage.execute(RetryableStage.java:39) ~[sdk-core-2.54.8.jar:na]
	at software.amazon.awssdk.core.internal.http.pipeline.RequestPipelineBuilder$ComposingRequestPipelineStage.execute(RequestPipelineBuilder.java:206) ~[sdk-core-2.54.8.jar:na]
	at software.amazon.awssdk.core.internal.http.StreamManagingStage.execute(StreamManagingStage.java:53) ~[sdk-core-2.54.8.jar:na]
	at software.amazon.awssdk.core.internal.http.StreamManagingStage.execute(StreamManagingStage.java:35) ~[sdk-core-2.54.8.jar:na]
	at software.amazon.awssdk.core.internal.http.pipeline.stages.ApiCallTimeoutTrackingStage.executeWithTimer(ApiCallTimeoutTrackingStage.java:82) ~[sdk-core-2.54.8.jar:na]
	at software.amazon.awssdk.core.internal.http.pipeline.stages.ApiCallTimeoutTrackingStage.execute(ApiCallTimeoutTrackingStage.java:62) ~[sdk-core-2.54.8.jar:na]
	at software.amazon.awssdk.core.internal.http.pipeline.stages.ApiCallTimeoutTrackingStage.execute(ApiCallTimeoutTrackingStage.java:43) ~[sdk-core-2.54.8.jar:na]
	at software.amazon.awssdk.core.internal.http.pipeline.stages.ApiCallMetricCollectionStage.execute(ApiCallMetricCollectionStage.java:49) ~[sdk-core-2.54.8.jar:na]
	at software.amazon.awssdk.core.internal.http.pipeline.stages.ApiCallMetricCollectionStage.execute(ApiCallMetricCollectionStage.java:32) ~[sdk-core-2.54.8.jar:na]
	at software.amazon.awssdk.core.internal.http.pipeline.RequestPipelineBuilder$ComposingRequestPipelineStage.execute(RequestPipelineBuilder.java:206) ~[sdk-core-2.54.8.jar:na]
	at software.amazon.awssdk.core.internal.http.pipeline.RequestPipelineBuilder$ComposingRequestPipelineStage.execute(RequestPipelineBuilder.java:206) ~[sdk-core-2.54.8.jar:na]
	at software.amazon.awssdk.core.internal.http.pipeline.stages.ExecutionFailureExceptionReportingStage.execute(ExecutionFailureExceptionReportingStage.java:37) ~[sdk-core-2.54.8.jar:na]
	at software.amazon.awssdk.core.internal.http.pipeline.stages.ExecutionFailureExceptionReportingStage.execute(ExecutionFailureExceptionReportingStage.java:26) ~[sdk-core-2.54.8.jar:na]
	at software.amazon.awssdk.core.internal.http.AmazonSyncHttpClient$RequestExecutionBuilderImpl.execute(AmazonSyncHttpClient.java:214) ~[sdk-core-2.54.8.jar:na]
	at software.amazon.awssdk.core.internal.handler.BaseSyncClientHandler.invoke(BaseSyncClientHandler.java:103) ~[sdk-core-2.54.8.jar:na]
	at software.amazon.awssdk.core.internal.handler.BaseSyncClientHandler.doExecute(BaseSyncClientHandler.java:173) ~[sdk-core-2.54.8.jar:na]
	at software.amazon.awssdk.core.internal.handler.BaseSyncClientHandler.lambda$execute$1(BaseSyncClientHandler.java:80) ~[sdk-core-2.54.8.jar:na]
	at software.amazon.awssdk.core.internal.handler.BaseSyncClientHandler.measureApiCallSuccess(BaseSyncClientHandler.java:182) ~[sdk-core-2.54.8.jar:na]
	at software.amazon.awssdk.core.internal.handler.BaseSyncClientHandler.execute(BaseSyncClientHandler.java:74) ~[sdk-core-2.54.8.jar:na]
	at software.amazon.awssdk.core.client.handler.SdkSyncClientHandler.execute(SdkSyncClientHandler.java:45) ~[sdk-core-2.54.8.jar:na]
	at software.amazon.awssdk.awscore.client.handler.AwsSyncClientHandler.execute(AwsSyncClientHandler.java:53) ~[aws-core-2.54.8.jar:na]
	at software.amazon.awssdk.services.signin.DefaultSigninClient.createOAuth2Token(DefaultSigninClient.java:304) ~[signin-2.54.8.jar:na]
	at software.amazon.awssdk.services.signin.auth.LoginCredentialsProvider.refreshFromSigninService(LoginCredentialsProvider.java:177) ~[signin-2.54.8.jar:na]
	... 100 common frames omitted

2026-09-07T12:00:01.449-03:00  INFO 14004 --- [ProjetoSpringBoot] [tomcat-shutdown] [traceId=sem-trace spanId=sem-span eventoId=sem-evento] o.s.boot.tomcat.GracefulShutdown         : Graceful shutdown complete
2026-09-07T12:00:01.650-03:00 ERROR 14004 --- [ProjetoSpringBoot] [sqs-relatorios-1] [traceId=sem-trace spanId=sem-span eventoId=sem-evento] o.s.s.s.TaskUtils$LoggingErrorHandler    : Unexpected error occurred in scheduled task

software.amazon.awssdk.core.exception.SdkClientException: Your session has expired. Please reauthenticate.
	at software.amazon.awssdk.core.exception.SdkClientException$BuilderImpl.build(SdkClientException.java:130) ~[sdk-core-2.54.8.jar:na]
	at software.amazon.awssdk.core.exception.SdkClientException.create(SdkClientException.java:47) ~[sdk-core-2.54.8.jar:na]
	at software.amazon.awssdk.services.signin.auth.LoginCredentialsProvider.refreshFromSigninService(LoginCredentialsProvider.java:208) ~[signin-2.54.8.jar:na]
	at software.amazon.awssdk.services.signin.auth.LoginCredentialsProvider.updateSigninCredentials(LoginCredentialsProvider.java:159) ~[signin-2.54.8.jar:na]
	at software.amazon.awssdk.utils.cache.CachedSupplier.lambda$jitteredPrefetchValueSupplier$8(CachedSupplier.java:300) ~[utils-2.54.8.jar:na]
	at software.amazon.awssdk.utils.cache.NonBlocking.fetch(NonBlocking.java:151) ~[utils-2.54.8.jar:na]
	at software.amazon.awssdk.utils.cache.CachedSupplier.refreshCache(CachedSupplier.java:208) ~[utils-2.54.8.jar:na]
	at software.amazon.awssdk.utils.cache.CachedSupplier.get(CachedSupplier.java:135) ~[utils-2.54.8.jar:na]
	at software.amazon.awssdk.services.signin.auth.LoginCredentialsProvider.resolveCredentials(LoginCredentialsProvider.java:255) ~[signin-2.54.8.jar:na]
	at software.amazon.awssdk.services.signin.auth.LoginProfileCredentialsProviderFactory$LoginProfileCredentialsProvider.resolveCredentials(LoginProfileCredentialsProviderFactory.java:87) ~[signin-2.54.8.jar:na]
	at software.amazon.awssdk.auth.credentials.AwsCredentialsProvider.resolveIdentity(AwsCredentialsProvider.java:54) ~[auth-2.54.8.jar:na]
	at software.amazon.awssdk.core.http.auth.AuthSchemeResolver.lambda$resolveIdentity$4(AuthSchemeResolver.java:296) ~[sdk-core-2.54.8.jar:na]
	at software.amazon.awssdk.core.internal.util.MetricUtils.reportDuration(MetricUtils.java:81) ~[sdk-core-2.54.8.jar:na]
	at software.amazon.awssdk.core.http.auth.AuthSchemeResolver.resolveIdentity(AuthSchemeResolver.java:296) ~[sdk-core-2.54.8.jar:na]
	at software.amazon.awssdk.core.http.auth.AuthSchemeResolver.trySelectAuthScheme(AuthSchemeResolver.java:281) ~[sdk-core-2.54.8.jar:na]
	at software.amazon.awssdk.core.http.auth.AuthSchemeResolver.selectAuthScheme(AuthSchemeResolver.java:109) ~[sdk-core-2.54.8.jar:na]
	at software.amazon.awssdk.core.internal.http.pipeline.stages.AuthSchemeResolutionStage.execute(AuthSchemeResolutionStage.java:90) ~[sdk-core-2.54.8.jar:na]
	at software.amazon.awssdk.core.internal.http.pipeline.stages.AuthSchemeResolutionStage.execute(AuthSchemeResolutionStage.java:50) ~[sdk-core-2.54.8.jar:na]
	at software.amazon.awssdk.core.internal.http.pipeline.RequestPipelineBuilder$ComposingRequestPipelineStage.execute(RequestPipelineBuilder.java:206) ~[sdk-core-2.54.8.jar:na]
	at software.amazon.awssdk.core.internal.http.pipeline.RequestPipelineBuilder$ComposingRequestPipelineStage.execute(RequestPipelineBuilder.java:206) ~[sdk-core-2.54.8.jar:na]
	at software.amazon.awssdk.core.internal.http.pipeline.RequestPipelineBuilder$ComposingRequestPipelineStage.execute(RequestPipelineBuilder.java:206) ~[sdk-core-2.54.8.jar:na]
	at software.amazon.awssdk.core.internal.http.pipeline.RequestPipelineBuilder$ComposingRequestPipelineStage.execute(RequestPipelineBuilder.java:206) ~[sdk-core-2.54.8.jar:na]
	at software.amazon.awssdk.core.internal.http.pipeline.RequestPipelineBuilder$ComposingRequestPipelineStage.execute(RequestPipelineBuilder.java:206) ~[sdk-core-2.54.8.jar:na]
	at software.amazon.awssdk.core.internal.http.pipeline.RequestPipelineBuilder$ComposingRequestPipelineStage.execute(RequestPipelineBuilder.java:206) ~[sdk-core-2.54.8.jar:na]
	at software.amazon.awssdk.core.internal.http.StreamManagingStage.execute(StreamManagingStage.java:53) ~[sdk-core-2.54.8.jar:na]
	at software.amazon.awssdk.core.internal.http.StreamManagingStage.execute(StreamManagingStage.java:35) ~[sdk-core-2.54.8.jar:na]
	at software.amazon.awssdk.core.internal.http.pipeline.stages.ApiCallTimeoutTrackingStage.executeWithTimer(ApiCallTimeoutTrackingStage.java:82) ~[sdk-core-2.54.8.jar:na]
	at software.amazon.awssdk.core.internal.http.pipeline.stages.ApiCallTimeoutTrackingStage.execute(ApiCallTimeoutTrackingStage.java:62) ~[sdk-core-2.54.8.jar:na]
	at software.amazon.awssdk.core.internal.http.pipeline.stages.ApiCallTimeoutTrackingStage.execute(ApiCallTimeoutTrackingStage.java:43) ~[sdk-core-2.54.8.jar:na]
	at software.amazon.awssdk.core.internal.http.pipeline.stages.ApiCallMetricCollectionStage.execute(ApiCallMetricCollectionStage.java:49) ~[sdk-core-2.54.8.jar:na]
	at software.amazon.awssdk.core.internal.http.pipeline.stages.ApiCallMetricCollectionStage.execute(ApiCallMetricCollectionStage.java:32) ~[sdk-core-2.54.8.jar:na]
	at software.amazon.awssdk.core.internal.http.pipeline.RequestPipelineBuilder$ComposingRequestPipelineStage.execute(RequestPipelineBuilder.java:206) ~[sdk-core-2.54.8.jar:na]
	at software.amazon.awssdk.core.internal.http.pipeline.RequestPipelineBuilder$ComposingRequestPipelineStage.execute(RequestPipelineBuilder.java:206) ~[sdk-core-2.54.8.jar:na]
	at software.amazon.awssdk.core.internal.http.pipeline.stages.ExecutionFailureExceptionReportingStage.execute(ExecutionFailureExceptionReportingStage.java:37) ~[sdk-core-2.54.8.jar:na]
	at software.amazon.awssdk.core.internal.http.pipeline.stages.ExecutionFailureExceptionReportingStage.execute(ExecutionFailureExceptionReportingStage.java:26) ~[sdk-core-2.54.8.jar:na]
	at software.amazon.awssdk.core.internal.http.AmazonSyncHttpClient$RequestExecutionBuilderImpl.execute(AmazonSyncHttpClient.java:214) ~[sdk-core-2.54.8.jar:na]
	at software.amazon.awssdk.core.internal.handler.BaseSyncClientHandler.invoke(BaseSyncClientHandler.java:103) ~[sdk-core-2.54.8.jar:na]
	at software.amazon.awssdk.core.internal.handler.BaseSyncClientHandler.doExecute(BaseSyncClientHandler.java:173) ~[sdk-core-2.54.8.jar:na]
	at software.amazon.awssdk.core.internal.handler.BaseSyncClientHandler.lambda$execute$1(BaseSyncClientHandler.java:80) ~[sdk-core-2.54.8.jar:na]
	at software.amazon.awssdk.core.internal.handler.BaseSyncClientHandler.measureApiCallSuccess(BaseSyncClientHandler.java:182) ~[sdk-core-2.54.8.jar:na]
	at software.amazon.awssdk.core.internal.handler.BaseSyncClientHandler.execute(BaseSyncClientHandler.java:74) ~[sdk-core-2.54.8.jar:na]
	at software.amazon.awssdk.core.client.handler.SdkSyncClientHandler.execute(SdkSyncClientHandler.java:45) ~[sdk-core-2.54.8.jar:na]
	at software.amazon.awssdk.awscore.client.handler.AwsSyncClientHandler.execute(AwsSyncClientHandler.java:53) ~[aws-core-2.54.8.jar:na]
	at software.amazon.awssdk.services.sts.DefaultStsClient.assumeRole(DefaultStsClient.java:319) ~[sts-2.54.8.jar:na]
	at software.amazon.awssdk.services.sts.auth.StsAssumeRoleCredentialsProvider.getUpdatedCredentials(StsAssumeRoleCredentialsProvider.java:84) ~[sts-2.54.8.jar:na]
	at software.amazon.awssdk.services.sts.auth.StsCredentialsProvider.updateSessionCredentials(StsCredentialsProvider.java:93) ~[sts-2.54.8.jar:na]
	at software.amazon.awssdk.utils.cache.CachedSupplier.lambda$jitteredPrefetchValueSupplier$8(CachedSupplier.java:300) ~[utils-2.54.8.jar:na]
	at software.amazon.awssdk.utils.cache.CachedSupplier$PrefetchStrategy.fetch(CachedSupplier.java:460) ~[utils-2.54.8.jar:na]
	at software.amazon.awssdk.utils.cache.CachedSupplier.refreshCache(CachedSupplier.java:208) ~[utils-2.54.8.jar:na]
	at software.amazon.awssdk.utils.cache.CachedSupplier.get(CachedSupplier.java:135) ~[utils-2.54.8.jar:na]
	at software.amazon.awssdk.services.sts.auth.StsCredentialsProvider.resolveCredentials(StsCredentialsProvider.java:106) ~[sts-2.54.8.jar:na]
	at software.amazon.awssdk.services.sts.internal.StsProfileCredentialsProviderFactory$StsProfileCredentialsProvider.resolveCredentials(StsProfileCredentialsProviderFactory.java:117) ~[sts-2.54.8.jar:na]
	at software.amazon.awssdk.auth.credentials.ProfileCredentialsProvider.resolveCredentials(ProfileCredentialsProvider.java:131) ~[auth-2.54.8.jar:na]
	at software.amazon.awssdk.auth.credentials.AwsCredentialsProvider.resolveIdentity(AwsCredentialsProvider.java:54) ~[auth-2.54.8.jar:na]
	at software.amazon.awssdk.core.http.auth.AuthSchemeResolver.lambda$resolveIdentity$4(AuthSchemeResolver.java:296) ~[sdk-core-2.54.8.jar:na]
	at software.amazon.awssdk.core.internal.util.MetricUtils.reportDuration(MetricUtils.java:81) ~[sdk-core-2.54.8.jar:na]
	at software.amazon.awssdk.core.http.auth.AuthSchemeResolver.resolveIdentity(AuthSchemeResolver.java:296) ~[sdk-core-2.54.8.jar:na]
	at software.amazon.awssdk.core.http.auth.AuthSchemeResolver.trySelectAuthScheme(AuthSchemeResolver.java:281) ~[sdk-core-2.54.8.jar:na]
	at software.amazon.awssdk.core.http.auth.AuthSchemeResolver.selectAuthScheme(AuthSchemeResolver.java:109) ~[sdk-core-2.54.8.jar:na]
	at software.amazon.awssdk.core.internal.http.pipeline.stages.AuthSchemeResolutionStage.execute(AuthSchemeResolutionStage.java:90) ~[sdk-core-2.54.8.jar:na]
	at software.amazon.awssdk.core.internal.http.pipeline.stages.AuthSchemeResolutionStage.execute(AuthSchemeResolutionStage.java:50) ~[sdk-core-2.54.8.jar:na]
	at software.amazon.awssdk.core.internal.http.pipeline.RequestPipelineBuilder$ComposingRequestPipelineStage.execute(RequestPipelineBuilder.java:206) ~[sdk-core-2.54.8.jar:na]
	at software.amazon.awssdk.core.internal.http.pipeline.RequestPipelineBuilder$ComposingRequestPipelineStage.execute(RequestPipelineBuilder.java:206) ~[sdk-core-2.54.8.jar:na]
	at software.amazon.awssdk.core.internal.http.pipeline.RequestPipelineBuilder$ComposingRequestPipelineStage.execute(RequestPipelineBuilder.java:206) ~[sdk-core-2.54.8.jar:na]
	at software.amazon.awssdk.core.internal.http.pipeline.RequestPipelineBuilder$ComposingRequestPipelineStage.execute(RequestPipelineBuilder.java:206) ~[sdk-core-2.54.8.jar:na]
	at software.amazon.awssdk.core.internal.http.pipeline.RequestPipelineBuilder$ComposingRequestPipelineStage.execute(RequestPipelineBuilder.java:206) ~[sdk-core-2.54.8.jar:na]
	at software.amazon.awssdk.core.internal.http.pipeline.RequestPipelineBuilder$ComposingRequestPipelineStage.execute(RequestPipelineBuilder.java:206) ~[sdk-core-2.54.8.jar:na]
	at software.amazon.awssdk.core.internal.http.StreamManagingStage.execute(StreamManagingStage.java:53) ~[sdk-core-2.54.8.jar:na]
	at software.amazon.awssdk.core.internal.http.StreamManagingStage.execute(StreamManagingStage.java:35) ~[sdk-core-2.54.8.jar:na]
	at software.amazon.awssdk.core.internal.http.pipeline.stages.ApiCallTimeoutTrackingStage.executeWithTimer(ApiCallTimeoutTrackingStage.java:82) ~[sdk-core-2.54.8.jar:na]
	at software.amazon.awssdk.core.internal.http.pipeline.stages.ApiCallTimeoutTrackingStage.execute(ApiCallTimeoutTrackingStage.java:62) ~[sdk-core-2.54.8.jar:na]
	at software.amazon.awssdk.core.internal.http.pipeline.stages.ApiCallTimeoutTrackingStage.execute(ApiCallTimeoutTrackingStage.java:43) ~[sdk-core-2.54.8.jar:na]
	at software.amazon.awssdk.core.internal.http.pipeline.stages.ApiCallMetricCollectionStage.execute(ApiCallMetricCollectionStage.java:49) ~[sdk-core-2.54.8.jar:na]
	at software.amazon.awssdk.core.internal.http.pipeline.stages.ApiCallMetricCollectionStage.execute(ApiCallMetricCollectionStage.java:32) ~[sdk-core-2.54.8.jar:na]
	at software.amazon.awssdk.core.internal.http.pipeline.RequestPipelineBuilder$ComposingRequestPipelineStage.execute(RequestPipelineBuilder.java:206) ~[sdk-core-2.54.8.jar:na]
	at software.amazon.awssdk.core.internal.http.pipeline.RequestPipelineBuilder$ComposingRequestPipelineStage.execute(RequestPipelineBuilder.java:206) ~[sdk-core-2.54.8.jar:na]
	at software.amazon.awssdk.core.internal.http.pipeline.stages.ExecutionFailureExceptionReportingStage.execute(ExecutionFailureExceptionReportingStage.java:37) ~[sdk-core-2.54.8.jar:na]
	at software.amazon.awssdk.core.internal.http.pipeline.stages.ExecutionFailureExceptionReportingStage.execute(ExecutionFailureExceptionReportingStage.java:26) ~[sdk-core-2.54.8.jar:na]
	at software.amazon.awssdk.core.internal.http.AmazonSyncHttpClient$RequestExecutionBuilderImpl.execute(AmazonSyncHttpClient.java:214) ~[sdk-core-2.54.8.jar:na]
	at software.amazon.awssdk.core.internal.handler.BaseSyncClientHandler.invoke(BaseSyncClientHandler.java:103) ~[sdk-core-2.54.8.jar:na]
	at software.amazon.awssdk.core.internal.handler.BaseSyncClientHandler.doExecute(BaseSyncClientHandler.java:173) ~[sdk-core-2.54.8.jar:na]
	at software.amazon.awssdk.core.internal.handler.BaseSyncClientHandler.lambda$execute$1(BaseSyncClientHandler.java:80) ~[sdk-core-2.54.8.jar:na]
	at software.amazon.awssdk.core.internal.handler.BaseSyncClientHandler.measureApiCallSuccess(BaseSyncClientHandler.java:182) ~[sdk-core-2.54.8.jar:na]
	at software.amazon.awssdk.core.internal.handler.BaseSyncClientHandler.execute(BaseSyncClientHandler.java:74) ~[sdk-core-2.54.8.jar:na]
	at software.amazon.awssdk.core.client.handler.SdkSyncClientHandler.execute(SdkSyncClientHandler.java:45) ~[sdk-core-2.54.8.jar:na]
	at software.amazon.awssdk.awscore.client.handler.AwsSyncClientHandler.execute(AwsSyncClientHandler.java:53) ~[aws-core-2.54.8.jar:na]
	at software.amazon.awssdk.services.sqs.DefaultSqsClient.receiveMessage(DefaultSqsClient.java:1996) ~[sqs-2.54.8.jar:na]
	at br.com.exemplo.projetospringboot.messaging.consumer.AuditoriaRelatorioSqsConsumer.receberEProcessar(AuditoriaRelatorioSqsConsumer.java:62) ~[classes/:na]
	at br.com.exemplo.projetospringboot.messaging.job.AuditoriaRelatorioSqsJob.consultarFila(AuditoriaRelatorioSqsJob.java:34) ~[classes/:na]
	at java.base/jdk.internal.reflect.DirectMethodHandleAccessor.invoke(DirectMethodHandleAccessor.java:103) ~[na:na]
	at java.base/java.lang.reflect.Method.invoke(Method.java:580) ~[na:na]
	at org.springframework.scheduling.support.ScheduledMethodRunnable.runInternal(ScheduledMethodRunnable.java:128) ~[spring-context-7.0.8.jar:7.0.8]
	at org.springframework.scheduling.support.ScheduledMethodRunnable.lambda$run$1(ScheduledMethodRunnable.java:122) ~[spring-context-7.0.8.jar:7.0.8]
	at io.micrometer.observation.Observation.observe(Observation.java:569) ~[micrometer-observation-1.17.0.jar:1.17.0]
	at org.springframework.scheduling.support.ScheduledMethodRunnable.run(ScheduledMethodRunnable.java:122) ~[spring-context-7.0.8.jar:7.0.8]
	at org.springframework.scheduling.config.Task$OutcomeTrackingRunnable.run(Task.java:88) ~[spring-context-7.0.8.jar:7.0.8]
	at org.springframework.scheduling.support.DelegatingErrorHandlingRunnable.run(DelegatingErrorHandlingRunnable.java:54) ~[spring-context-7.0.8.jar:7.0.8]
	at java.base/java.util.concurrent.Executors$RunnableAdapter.call(Executors.java:572) ~[na:na]
	at java.base/java.util.concurrent.FutureTask.runAndReset(FutureTask.java:358) ~[na:na]
	at java.base/java.util.concurrent.ScheduledThreadPoolExecutor$ScheduledFutureTask.run(ScheduledThreadPoolExecutor.java:305) ~[na:na]
	at java.base/java.util.concurrent.ThreadPoolExecutor.runWorker(ThreadPoolExecutor.java:1144) ~[na:na]
	at java.base/java.util.concurrent.ThreadPoolExecutor$Worker.run(ThreadPoolExecutor.java:642) ~[na:na]
	at java.base/java.lang.Thread.run(Thread.java:1583) ~[na:na]
Caused by: software.amazon.awssdk.services.signin.model.AccessDeniedException: The refresh token has expired. (Service: Signin, Status Code: 401, Request ID: X-Amzn-Trace-Id=Root=1-6a9ed171-049cc665573d2b480b8b25cc;RequestId=e1cb50e0-c24a-49e9-9fdf-9dadfd5a3171) (SDK Attempt Count: 1)
	at software.amazon.awssdk.services.signin.model.AccessDeniedException$BuilderImpl.build(AccessDeniedException.java:276) ~[signin-2.54.8.jar:na]
	at software.amazon.awssdk.services.signin.model.AccessDeniedException$BuilderImpl.build(AccessDeniedException.java:201) ~[signin-2.54.8.jar:na]
	at software.amazon.awssdk.core.internal.http.pipeline.stages.utils.RetryableStageHelper.retryPolicyDisallowedRetryException(RetryableStageHelper.java:251) ~[sdk-core-2.54.8.jar:na]
	at software.amazon.awssdk.core.internal.http.pipeline.stages.RetryableStage.execute(RetryableStage.java:86) ~[sdk-core-2.54.8.jar:na]
	at software.amazon.awssdk.core.internal.http.pipeline.stages.RetryableStage.execute(RetryableStage.java:39) ~[sdk-core-2.54.8.jar:na]
	at software.amazon.awssdk.core.internal.http.pipeline.RequestPipelineBuilder$ComposingRequestPipelineStage.execute(RequestPipelineBuilder.java:206) ~[sdk-core-2.54.8.jar:na]
	at software.amazon.awssdk.core.internal.http.StreamManagingStage.execute(StreamManagingStage.java:53) ~[sdk-core-2.54.8.jar:na]
	at software.amazon.awssdk.core.internal.http.StreamManagingStage.execute(StreamManagingStage.java:35) ~[sdk-core-2.54.8.jar:na]
	at software.amazon.awssdk.core.internal.http.pipeline.stages.ApiCallTimeoutTrackingStage.executeWithTimer(ApiCallTimeoutTrackingStage.java:82) ~[sdk-core-2.54.8.jar:na]
	at software.amazon.awssdk.core.internal.http.pipeline.stages.ApiCallTimeoutTrackingStage.execute(ApiCallTimeoutTrackingStage.java:62) ~[sdk-core-2.54.8.jar:na]
	at software.amazon.awssdk.core.internal.http.pipeline.stages.ApiCallTimeoutTrackingStage.execute(ApiCallTimeoutTrackingStage.java:43) ~[sdk-core-2.54.8.jar:na]
	at software.amazon.awssdk.core.internal.http.pipeline.stages.ApiCallMetricCollectionStage.execute(ApiCallMetricCollectionStage.java:49) ~[sdk-core-2.54.8.jar:na]
	at software.amazon.awssdk.core.internal.http.pipeline.stages.ApiCallMetricCollectionStage.execute(ApiCallMetricCollectionStage.java:32) ~[sdk-core-2.54.8.jar:na]
	at software.amazon.awssdk.core.internal.http.pipeline.RequestPipelineBuilder$ComposingRequestPipelineStage.execute(RequestPipelineBuilder.java:206) ~[sdk-core-2.54.8.jar:na]
	at software.amazon.awssdk.core.internal.http.pipeline.RequestPipelineBuilder$ComposingRequestPipelineStage.execute(RequestPipelineBuilder.java:206) ~[sdk-core-2.54.8.jar:na]
	at software.amazon.awssdk.core.internal.http.pipeline.stages.ExecutionFailureExceptionReportingStage.execute(ExecutionFailureExceptionReportingStage.java:37) ~[sdk-core-2.54.8.jar:na]
	at software.amazon.awssdk.core.internal.http.pipeline.stages.ExecutionFailureExceptionReportingStage.execute(ExecutionFailureExceptionReportingStage.java:26) ~[sdk-core-2.54.8.jar:na]
	at software.amazon.awssdk.core.internal.http.AmazonSyncHttpClient$RequestExecutionBuilderImpl.execute(AmazonSyncHttpClient.java:214) ~[sdk-core-2.54.8.jar:na]
	at software.amazon.awssdk.core.internal.handler.BaseSyncClientHandler.invoke(BaseSyncClientHandler.java:103) ~[sdk-core-2.54.8.jar:na]
	at software.amazon.awssdk.core.internal.handler.BaseSyncClientHandler.doExecute(BaseSyncClientHandler.java:173) ~[sdk-core-2.54.8.jar:na]
	at software.amazon.awssdk.core.internal.handler.BaseSyncClientHandler.lambda$execute$1(BaseSyncClientHandler.java:80) ~[sdk-core-2.54.8.jar:na]
	at software.amazon.awssdk.core.internal.handler.BaseSyncClientHandler.measureApiCallSuccess(BaseSyncClientHandler.java:182) ~[sdk-core-2.54.8.jar:na]
	at software.amazon.awssdk.core.internal.handler.BaseSyncClientHandler.execute(BaseSyncClientHandler.java:74) ~[sdk-core-2.54.8.jar:na]
	at software.amazon.awssdk.core.client.handler.SdkSyncClientHandler.execute(SdkSyncClientHandler.java:45) ~[sdk-core-2.54.8.jar:na]
	at software.amazon.awssdk.awscore.client.handler.AwsSyncClientHandler.execute(AwsSyncClientHandler.java:53) ~[aws-core-2.54.8.jar:na]
	at software.amazon.awssdk.services.signin.DefaultSigninClient.createOAuth2Token(DefaultSigninClient.java:304) ~[signin-2.54.8.jar:na]
	at software.amazon.awssdk.services.signin.auth.LoginCredentialsProvider.refreshFromSigninService(LoginCredentialsProvider.java:177) ~[signin-2.54.8.jar:na]
	... 100 common frames omitted

2026-09-07T12:00:01.655-03:00  INFO 14004 --- [ProjetoSpringBoot] [SpringApplicationShutdownHook] [traceId=sem-trace spanId=sem-span eventoId=sem-evento] j.LocalContainerEntityManagerFactoryBean : Closing JPA EntityManagerFactory for persistence unit 'default'
2026-09-07T12:00:01.657-03:00  INFO 14004 --- [ProjetoSpringBoot] [SpringApplicationShutdownHook] [traceId=sem-trace spanId=sem-span eventoId=sem-evento] com.zaxxer.hikari.HikariDataSource       : HikariPool-1 - Shutdown initiated...
2026-09-07T12:00:01.659-03:00  INFO 14004 --- [ProjetoSpringBoot] [SpringApplicationShutdownHook] [traceId=sem-trace spanId=sem-span eventoId=sem-evento] com.zaxxer.hikari.HikariDataSource       : HikariPool-1 - Shutdown completed.
2026-09-07T12:01:39.780-03:00  INFO 21428 --- [ProjetoSpringBoot] [main] [traceId=sem-trace spanId=sem-span eventoId=sem-evento] b.c.e.p.ProjetoSpringBootApplication     : Starting ProjetoSpringBootApplication using Java 21.0.11 with PID 21428 (C:\Recomeco\projetos\ProjetoSpringBoot\target\classes started by Ricardo in C:\Recomeco\projetos\ProjetoSpringBoot)
2026-09-07T12:01:39.785-03:00  INFO 21428 --- [ProjetoSpringBoot] [main] [traceId=sem-trace spanId=sem-span eventoId=sem-evento] b.c.e.p.ProjetoSpringBootApplication     : No active profile set, falling back to 1 default profile: "default"
2026-09-07T12:01:40.561-03:00  INFO 21428 --- [ProjetoSpringBoot] [main] [traceId=sem-trace spanId=sem-span eventoId=sem-evento] .s.d.r.c.RepositoryConfigurationDelegate : Multiple Spring Data modules found, entering strict repository configuration mode
2026-09-07T12:01:40.563-03:00  INFO 21428 --- [ProjetoSpringBoot] [main] [traceId=sem-trace spanId=sem-span eventoId=sem-evento] .s.d.r.c.RepositoryConfigurationDelegate : Bootstrapping Spring Data JPA repositories in DEFAULT mode.
2026-09-07T12:01:40.690-03:00  INFO 21428 --- [ProjetoSpringBoot] [main] [traceId=sem-trace spanId=sem-span eventoId=sem-evento] .s.d.r.c.RepositoryConfigurationDelegate : Finished Spring Data repository scanning in 120 ms. Found 8 JPA repository interfaces.
2026-09-07T12:01:40.705-03:00  INFO 21428 --- [ProjetoSpringBoot] [main] [traceId=sem-trace spanId=sem-span eventoId=sem-evento] .s.d.r.c.RepositoryConfigurationDelegate : Multiple Spring Data modules found, entering strict repository configuration mode
2026-09-07T12:01:40.706-03:00  INFO 21428 --- [ProjetoSpringBoot] [main] [traceId=sem-trace spanId=sem-span eventoId=sem-evento] .s.d.r.c.RepositoryConfigurationDelegate : Bootstrapping Spring Data Redis repositories in DEFAULT mode.
2026-09-07T12:01:40.723-03:00  INFO 21428 --- [ProjetoSpringBoot] [main] [traceId=sem-trace spanId=sem-span eventoId=sem-evento] .RepositoryConfigurationExtensionSupport : Spring Data Redis - Could not safely identify store assignment for repository candidate interface br.com.exemplo.projetospringboot.repository.AnexoPedidoRepository; If you want this repository to be a Redis repository, consider annotating your entities with one of these annotations: org.springframework.data.redis.core.RedisHash (preferred), or consider extending one of the following types with your repository: org.springframework.data.keyvalue.repository.KeyValueRepository
2026-09-07T12:01:40.724-03:00  INFO 21428 --- [ProjetoSpringBoot] [main] [traceId=sem-trace spanId=sem-span eventoId=sem-evento] .RepositoryConfigurationExtensionSupport : Spring Data Redis - Could not safely identify store assignment for repository candidate interface br.com.exemplo.projetospringboot.repository.AuditoriaRelatorioRepository; If you want this repository to be a Redis repository, consider annotating your entities with one of these annotations: org.springframework.data.redis.core.RedisHash (preferred), or consider extending one of the following types with your repository: org.springframework.data.keyvalue.repository.KeyValueRepository
2026-09-07T12:01:40.724-03:00  INFO 21428 --- [ProjetoSpringBoot] [main] [traceId=sem-trace spanId=sem-span eventoId=sem-evento] .RepositoryConfigurationExtensionSupport : Spring Data Redis - Could not safely identify store assignment for repository candidate interface br.com.exemplo.projetospringboot.repository.ClienteRepository; If you want this repository to be a Redis repository, consider annotating your entities with one of these annotations: org.springframework.data.redis.core.RedisHash (preferred), or consider extending one of the following types with your repository: org.springframework.data.keyvalue.repository.KeyValueRepository
2026-09-07T12:01:40.724-03:00  INFO 21428 --- [ProjetoSpringBoot] [main] [traceId=sem-trace spanId=sem-span eventoId=sem-evento] .RepositoryConfigurationExtensionSupport : Spring Data Redis - Could not safely identify store assignment for repository candidate interface br.com.exemplo.projetospringboot.repository.EventoOutboxRepository; If you want this repository to be a Redis repository, consider annotating your entities with one of these annotations: org.springframework.data.redis.core.RedisHash (preferred), or consider extending one of the following types with your repository: org.springframework.data.keyvalue.repository.KeyValueRepository
2026-09-07T12:01:40.724-03:00  INFO 21428 --- [ProjetoSpringBoot] [main] [traceId=sem-trace spanId=sem-span eventoId=sem-evento] .RepositoryConfigurationExtensionSupport : Spring Data Redis - Could not safely identify store assignment for repository candidate interface br.com.exemplo.projetospringboot.repository.EventoProcessadoRepository; If you want this repository to be a Redis repository, consider annotating your entities with one of these annotations: org.springframework.data.redis.core.RedisHash (preferred), or consider extending one of the following types with your repository: org.springframework.data.keyvalue.repository.KeyValueRepository
2026-09-07T12:01:40.724-03:00  INFO 21428 --- [ProjetoSpringBoot] [main] [traceId=sem-trace spanId=sem-span eventoId=sem-evento] .RepositoryConfigurationExtensionSupport : Spring Data Redis - Could not safely identify store assignment for repository candidate interface br.com.exemplo.projetospringboot.repository.PedidoRepository; If you want this repository to be a Redis repository, consider annotating your entities with one of these annotations: org.springframework.data.redis.core.RedisHash (preferred), or consider extending one of the following types with your repository: org.springframework.data.keyvalue.repository.KeyValueRepository
2026-09-07T12:01:40.725-03:00  INFO 21428 --- [ProjetoSpringBoot] [main] [traceId=sem-trace spanId=sem-span eventoId=sem-evento] .RepositoryConfigurationExtensionSupport : Spring Data Redis - Could not safely identify store assignment for repository candidate interface br.com.exemplo.projetospringboot.repository.RelatorioPedidoRepository; If you want this repository to be a Redis repository, consider annotating your entities with one of these annotations: org.springframework.data.redis.core.RedisHash (preferred), or consider extending one of the following types with your repository: org.springframework.data.keyvalue.repository.KeyValueRepository
2026-09-07T12:01:40.725-03:00  INFO 21428 --- [ProjetoSpringBoot] [main] [traceId=sem-trace spanId=sem-span eventoId=sem-evento] .RepositoryConfigurationExtensionSupport : Spring Data Redis - Could not safely identify store assignment for repository candidate interface br.com.exemplo.projetospringboot.repository.UsuarioRepository; If you want this repository to be a Redis repository, consider annotating your entities with one of these annotations: org.springframework.data.redis.core.RedisHash (preferred), or consider extending one of the following types with your repository: org.springframework.data.keyvalue.repository.KeyValueRepository
2026-09-07T12:01:40.725-03:00  INFO 21428 --- [ProjetoSpringBoot] [main] [traceId=sem-trace spanId=sem-span eventoId=sem-evento] .s.d.r.c.RepositoryConfigurationDelegate : Finished Spring Data repository scanning in 11 ms. Found 0 Redis repository interfaces.
2026-09-07T12:01:41.269-03:00  INFO 21428 --- [ProjetoSpringBoot] [main] [traceId=sem-trace spanId=sem-span eventoId=sem-evento] o.s.boot.tomcat.TomcatWebServer          : Tomcat initialized with port 8080 (http)
2026-09-07T12:01:41.280-03:00  INFO 21428 --- [ProjetoSpringBoot] [main] [traceId=sem-trace spanId=sem-span eventoId=sem-evento] o.apache.catalina.core.StandardService   : Starting service [Tomcat]
2026-09-07T12:01:41.281-03:00  INFO 21428 --- [ProjetoSpringBoot] [main] [traceId=sem-trace spanId=sem-span eventoId=sem-evento] o.apache.catalina.core.StandardEngine    : Starting Servlet engine: [Apache Tomcat/11.0.22]
2026-09-07T12:01:41.336-03:00  INFO 21428 --- [ProjetoSpringBoot] [main] [traceId=sem-trace spanId=sem-span eventoId=sem-evento] b.w.c.s.WebApplicationContextInitializer : Root WebApplicationContext: initialization completed in 1519 ms
2026-09-07T12:01:41.661-03:00  INFO 21428 --- [ProjetoSpringBoot] [main] [traceId=sem-trace spanId=sem-span eventoId=sem-evento] com.zaxxer.hikari.HikariDataSource       : HikariPool-1 - Starting...
2026-09-07T12:01:41.840-03:00  INFO 21428 --- [ProjetoSpringBoot] [main] [traceId=sem-trace spanId=sem-span eventoId=sem-evento] com.zaxxer.hikari.pool.HikariPool        : HikariPool-1 - Added connection conn0: url=jdbc:h2:file:./data/projetodb user=SA
2026-09-07T12:01:41.841-03:00  INFO 21428 --- [ProjetoSpringBoot] [main] [traceId=sem-trace spanId=sem-span eventoId=sem-evento] com.zaxxer.hikari.HikariDataSource       : HikariPool-1 - Start completed.
2026-09-07T12:01:41.920-03:00  INFO 21428 --- [ProjetoSpringBoot] [main] [traceId=sem-trace spanId=sem-span eventoId=sem-evento] org.hibernate.orm.jpa                    : HHH008540: Processing PersistenceUnitInfo [name: default]
2026-09-07T12:01:41.965-03:00  INFO 21428 --- [ProjetoSpringBoot] [main] [traceId=sem-trace spanId=sem-span eventoId=sem-evento] org.hibernate.orm.core                   : HHH000001: Hibernate ORM core version 7.4.1.Final
2026-09-07T12:01:42.299-03:00  INFO 21428 --- [ProjetoSpringBoot] [main] [traceId=sem-trace spanId=sem-span eventoId=sem-evento] o.s.o.j.p.SpringPersistenceUnitInfo      : No LoadTimeWeaver setup: ignoring JPA class transformer
2026-09-07T12:01:42.372-03:00  INFO 21428 --- [ProjetoSpringBoot] [main] [traceId=sem-trace spanId=sem-span eventoId=sem-evento] org.hibernate.orm.connections.pooling    : HHH10001005: Database info:
	Database JDBC URL [jdbc:h2:file:./data/projetodb]
	Database driver: H2 JDBC Driver
	Database dialect: H2Dialect
	Database version: 2.4.240
	Default catalog/schema: PROJETODB/PUBLIC
	Autocommit mode: undefined/unknown
	Isolation level: READ_COMMITTED [default READ_COMMITTED]
	JDBC fetch size: 100
	Pool: DataSourceConnectionProvider
	Minimum pool size: undefined/unknown
	Maximum pool size: undefined/unknown
2026-09-07T12:01:43.162-03:00  INFO 21428 --- [ProjetoSpringBoot] [main] [traceId=sem-trace spanId=sem-span eventoId=sem-evento] org.hibernate.orm.core                   : HHH000489: No JTA platform available (set 'hibernate.transaction.jta.platform' to enable JTA platform integration)
2026-09-07T12:01:43.238-03:00  INFO 21428 --- [ProjetoSpringBoot] [main] [traceId=sem-trace spanId=sem-span eventoId=sem-evento] j.LocalContainerEntityManagerFactoryBean : Initialized JPA EntityManagerFactory for persistence unit 'default'
2026-09-07T12:01:43.300-03:00  INFO 21428 --- [ProjetoSpringBoot] [main] [traceId=sem-trace spanId=sem-span eventoId=sem-evento] o.s.d.j.r.query.QueryEnhancerFactories   : Hibernate is in classpath; If applicable, HQL parser will be used.
2026-09-07T12:01:44.015-03:00  INFO 21428 --- [ProjetoSpringBoot] [main] [traceId=sem-trace spanId=sem-span eventoId=sem-evento] eAuthenticationProviderManagerConfigurer : Global AuthenticationManager configured with AuthenticationProvider bean with name authenticationProvider
2026-09-07T12:01:44.016-03:00  WARN 21428 --- [ProjetoSpringBoot] [main] [traceId=sem-trace spanId=sem-span eventoId=sem-evento] r$InitializeUserDetailsManagerConfigurer : Global AuthenticationManager configured with an AuthenticationProvider bean. UserDetailsService beans will not be used by Spring Security for automatically configuring username/password login. Consider removing the AuthenticationProvider bean. Alternatively, consider using the UserDetailsService in a manually instantiated DaoAuthenticationProvider. If the current configuration is intentional, to turn off this warning, increase the logging level of 'org.springframework.security.config.annotation.authentication.configuration.InitializeUserDetailsBeanManagerConfigurer' to ERROR
2026-09-07T12:01:45.039-03:00  WARN 21428 --- [ProjetoSpringBoot] [main] [traceId=sem-trace spanId=sem-span eventoId=sem-evento] JpaBaseConfiguration$JpaWebConfiguration : spring.jpa.open-in-view is enabled by default. Therefore, database queries may be performed during view rendering. Explicitly configure spring.jpa.open-in-view to disable this warning
2026-09-07T12:01:45.914-03:00  INFO 21428 --- [ProjetoSpringBoot] [main] [traceId=sem-trace spanId=sem-span eventoId=sem-evento] o.s.b.h.a.H2ConsoleAutoConfiguration     : H2 console available at '/h2-console'. Database available at 'jdbc:h2:file:./data/projetodb'
2026-09-07T12:01:46.016-03:00  INFO 21428 --- [ProjetoSpringBoot] [main] [traceId=sem-trace spanId=sem-span eventoId=sem-evento] o.s.b.a.e.web.EndpointLinksResolver      : Exposing 3 endpoints beneath base path '/actuator'
2026-09-07T12:01:46.107-03:00  INFO 21428 --- [ProjetoSpringBoot] [main] [traceId=sem-trace spanId=sem-span eventoId=sem-evento] o.s.boot.tomcat.TomcatWebServer          : Tomcat started on port 8080 (http) with context path '/ProjetoSpringBoot'
2026-09-07T12:01:46.283-03:00  INFO 21428 --- [ProjetoSpringBoot] [main] [traceId=sem-trace spanId=sem-span eventoId=sem-evento] b.c.e.p.ProjetoSpringBootApplication     : Started ProjetoSpringBootApplication in 6.95 seconds (process running for 7.558)
2026-09-07T12:01:46.482-03:00  INFO 21428 --- [ProjetoSpringBoot] [RMI TCP Connection(4)-172.24.128.1] [traceId=sem-trace spanId=sem-span eventoId=sem-evento] o.a.c.c.C.[.[.[/ProjetoSpringBoot]       : Initializing Spring DispatcherServlet 'dispatcherServlet'
2026-09-07T12:01:46.482-03:00  INFO 21428 --- [ProjetoSpringBoot] [RMI TCP Connection(4)-172.24.128.1] [traceId=sem-trace spanId=sem-span eventoId=sem-evento] o.s.web.servlet.DispatcherServlet        : Initializing Servlet 'dispatcherServlet'
2026-09-07T12:01:46.485-03:00  INFO 21428 --- [ProjetoSpringBoot] [RMI TCP Connection(4)-172.24.128.1] [traceId=sem-trace spanId=sem-span eventoId=sem-evento] o.s.web.servlet.DispatcherServlet        : Completed initialization in 2 ms
2026-09-07T12:01:47.074-03:00 ERROR 21428 --- [ProjetoSpringBoot] [sqs-relatorios-1] [traceId=69bddc8758ad992ac48268f0f262fcfe spanId=833f8afdbf8f2f84 eventoId=sem-evento] .c.e.p.m.c.AuditoriaRelatorioSqsConsumer : Falha ao processar mensagem da fila de auditoria: messageId=35237048-06dc-4dee-bded-f2847e4b86a7

tools.jackson.databind.exc.InvalidFormatException: Cannot deserialize value of type `java.util.UUID` from String "teste-lambda-s3-001": UUID has to be represented by standard 36-char representation
 at [Source: REDACTED (`StreamReadFeature.INCLUDE_SOURCE_IN_LOCATION` disabled); byte offset: #UNKNOWN] (through reference chain: br.com.exemplo.projetospringboot.dto.RelatorioPedidoDisponivelEvento["eventoId"])
	at tools.jackson.databind.exc.InvalidFormatException.from(InvalidFormatException.java:37) ~[jackson-databind-3.1.4.jar:3.1.4]
	at tools.jackson.databind.DeserializationContext.weirdStringException(DeserializationContext.java:2063) ~[jackson-databind-3.1.4.jar:3.1.4]
	at tools.jackson.databind.DeserializationContext.handleWeirdStringValue(DeserializationContext.java:1354) ~[jackson-databind-3.1.4.jar:3.1.4]
	at tools.jackson.databind.deser.jdk.UUIDDeserializer._badFormat(UUIDDeserializer.java:91) ~[jackson-databind-3.1.4.jar:3.1.4]
	at tools.jackson.databind.deser.jdk.UUIDDeserializer._deserialize(UUIDDeserializer.java:55) ~[jackson-databind-3.1.4.jar:3.1.4]
	at tools.jackson.databind.deser.jdk.UUIDDeserializer._deserialize(UUIDDeserializer.java:12) ~[jackson-databind-3.1.4.jar:3.1.4]
	at tools.jackson.databind.deser.std.FromStringDeserializer.deserialize(FromStringDeserializer.java:84) ~[jackson-databind-3.1.4.jar:3.1.4]
	at tools.jackson.databind.deser.SettableBeanProperty.deserialize(SettableBeanProperty.java:569) ~[jackson-databind-3.1.4.jar:3.1.4]
	at tools.jackson.databind.deser.bean.BeanDeserializer._deserializeWithErrorWrapping(BeanDeserializer.java:879) ~[jackson-databind-3.1.4.jar:3.1.4]
	at tools.jackson.databind.deser.bean.BeanDeserializer._deserializeUsingPropertyBased(BeanDeserializer.java:730) ~[jackson-databind-3.1.4.jar:3.1.4]
	at tools.jackson.databind.deser.bean.BeanDeserializerBase.deserializeFromObjectUsingNonDefault(BeanDeserializerBase.java:1509) ~[jackson-databind-3.1.4.jar:3.1.4]
	at tools.jackson.databind.deser.bean.BeanDeserializer.deserializeFromObject(BeanDeserializer.java:605) ~[jackson-databind-3.1.4.jar:3.1.4]
	at tools.jackson.databind.deser.bean.BeanDeserializer.deserialize(BeanDeserializer.java:200) ~[jackson-databind-3.1.4.jar:3.1.4]
	at tools.jackson.databind.deser.DeserializationContextExt.readRootValue(DeserializationContextExt.java:266) ~[jackson-databind-3.1.4.jar:3.1.4]
	at tools.jackson.databind.ObjectMapper._readMapAndClose(ObjectMapper.java:2639) ~[jackson-databind-3.1.4.jar:3.1.4]
	at tools.jackson.databind.ObjectMapper.readValue(ObjectMapper.java:1544) ~[jackson-databind-3.1.4.jar:3.1.4]
	at br.com.exemplo.projetospringboot.messaging.consumer.AuditoriaRelatorioSqsConsumer.processarMensagem(AuditoriaRelatorioSqsConsumer.java:82) ~[classes/:na]
	at br.com.exemplo.projetospringboot.messaging.consumer.AuditoriaRelatorioSqsConsumer.receberEProcessar(AuditoriaRelatorioSqsConsumer.java:70) ~[classes/:na]
	at br.com.exemplo.projetospringboot.messaging.job.AuditoriaRelatorioSqsJob.consultarFila(AuditoriaRelatorioSqsJob.java:34) ~[classes/:na]
	at java.base/jdk.internal.reflect.DirectMethodHandleAccessor.invoke(DirectMethodHandleAccessor.java:103) ~[na:na]
	at java.base/java.lang.reflect.Method.invoke(Method.java:580) ~[na:na]
	at org.springframework.scheduling.support.ScheduledMethodRunnable.runInternal(ScheduledMethodRunnable.java:128) ~[spring-context-7.0.8.jar:7.0.8]
	at org.springframework.scheduling.support.ScheduledMethodRunnable.lambda$run$1(ScheduledMethodRunnable.java:122) ~[spring-context-7.0.8.jar:7.0.8]
	at io.micrometer.observation.Observation.observe(Observation.java:569) ~[micrometer-observation-1.17.0.jar:1.17.0]
	at org.springframework.scheduling.support.ScheduledMethodRunnable.run(ScheduledMethodRunnable.java:122) ~[spring-context-7.0.8.jar:7.0.8]
	at org.springframework.scheduling.config.Task$OutcomeTrackingRunnable.run(Task.java:88) ~[spring-context-7.0.8.jar:7.0.8]
	at org.springframework.scheduling.support.DelegatingErrorHandlingRunnable.run(DelegatingErrorHandlingRunnable.java:54) ~[spring-context-7.0.8.jar:7.0.8]
	at java.base/java.util.concurrent.Executors$RunnableAdapter.call(Executors.java:572) ~[na:na]
	at java.base/java.util.concurrent.FutureTask.runAndReset(FutureTask.java:358) ~[na:na]
	at java.base/java.util.concurrent.ScheduledThreadPoolExecutor$ScheduledFutureTask.run(ScheduledThreadPoolExecutor.java:305) ~[na:na]
	at java.base/java.util.concurrent.ThreadPoolExecutor.runWorker(ThreadPoolExecutor.java:1144) ~[na:na]
	at java.base/java.util.concurrent.ThreadPoolExecutor$Worker.run(ThreadPoolExecutor.java:642) ~[na:na]
	at java.base/java.lang.Thread.run(Thread.java:1583) ~[na:na]

2026-09-07T12:01:52.108-03:00 ERROR 21428 --- [ProjetoSpringBoot] [sqs-relatorios-1] [traceId=81a6b8cdfa72ba34ad771b79a6eea204 spanId=ced0df7c864919cc eventoId=sem-evento] .c.e.p.m.c.AuditoriaRelatorioSqsConsumer : Falha ao processar mensagem da fila de auditoria: messageId=f09789c3-ba43-4939-9d1c-b61d08c16ccc

tools.jackson.databind.exc.InvalidFormatException: Cannot deserialize value of type `java.util.UUID` from String "teste-lambda-001": UUID has to be represented by standard 36-char representation
 at [Source: REDACTED (`StreamReadFeature.INCLUDE_SOURCE_IN_LOCATION` disabled); byte offset: #UNKNOWN] (through reference chain: br.com.exemplo.projetospringboot.dto.RelatorioPedidoDisponivelEvento["eventoId"])
	at tools.jackson.databind.exc.InvalidFormatException.from(InvalidFormatException.java:37) ~[jackson-databind-3.1.4.jar:3.1.4]
	at tools.jackson.databind.DeserializationContext.weirdStringException(DeserializationContext.java:2063) ~[jackson-databind-3.1.4.jar:3.1.4]
	at tools.jackson.databind.DeserializationContext.handleWeirdStringValue(DeserializationContext.java:1354) ~[jackson-databind-3.1.4.jar:3.1.4]
	at tools.jackson.databind.deser.jdk.UUIDDeserializer._badFormat(UUIDDeserializer.java:91) ~[jackson-databind-3.1.4.jar:3.1.4]
	at tools.jackson.databind.deser.jdk.UUIDDeserializer._deserialize(UUIDDeserializer.java:55) ~[jackson-databind-3.1.4.jar:3.1.4]
	at tools.jackson.databind.deser.jdk.UUIDDeserializer._deserialize(UUIDDeserializer.java:12) ~[jackson-databind-3.1.4.jar:3.1.4]
	at tools.jackson.databind.deser.std.FromStringDeserializer.deserialize(FromStringDeserializer.java:84) ~[jackson-databind-3.1.4.jar:3.1.4]
	at tools.jackson.databind.deser.SettableBeanProperty.deserialize(SettableBeanProperty.java:569) ~[jackson-databind-3.1.4.jar:3.1.4]
	at tools.jackson.databind.deser.bean.BeanDeserializer._deserializeWithErrorWrapping(BeanDeserializer.java:879) ~[jackson-databind-3.1.4.jar:3.1.4]
	at tools.jackson.databind.deser.bean.BeanDeserializer._deserializeUsingPropertyBased(BeanDeserializer.java:730) ~[jackson-databind-3.1.4.jar:3.1.4]
	at tools.jackson.databind.deser.bean.BeanDeserializerBase.deserializeFromObjectUsingNonDefault(BeanDeserializerBase.java:1509) ~[jackson-databind-3.1.4.jar:3.1.4]
	at tools.jackson.databind.deser.bean.BeanDeserializer.deserializeFromObject(BeanDeserializer.java:605) ~[jackson-databind-3.1.4.jar:3.1.4]
	at tools.jackson.databind.deser.bean.BeanDeserializer.deserialize(BeanDeserializer.java:200) ~[jackson-databind-3.1.4.jar:3.1.4]
	at tools.jackson.databind.deser.DeserializationContextExt.readRootValue(DeserializationContextExt.java:266) ~[jackson-databind-3.1.4.jar:3.1.4]
	at tools.jackson.databind.ObjectMapper._readMapAndClose(ObjectMapper.java:2639) ~[jackson-databind-3.1.4.jar:3.1.4]
	at tools.jackson.databind.ObjectMapper.readValue(ObjectMapper.java:1544) ~[jackson-databind-3.1.4.jar:3.1.4]
	at br.com.exemplo.projetospringboot.messaging.consumer.AuditoriaRelatorioSqsConsumer.processarMensagem(AuditoriaRelatorioSqsConsumer.java:82) ~[classes/:na]
	at br.com.exemplo.projetospringboot.messaging.consumer.AuditoriaRelatorioSqsConsumer.receberEProcessar(AuditoriaRelatorioSqsConsumer.java:70) ~[classes/:na]
	at br.com.exemplo.projetospringboot.messaging.job.AuditoriaRelatorioSqsJob.consultarFila(AuditoriaRelatorioSqsJob.java:34) ~[classes/:na]
	at java.base/jdk.internal.reflect.DirectMethodHandleAccessor.invoke(DirectMethodHandleAccessor.java:103) ~[na:na]
	at java.base/java.lang.reflect.Method.invoke(Method.java:580) ~[na:na]
	at org.springframework.scheduling.support.ScheduledMethodRunnable.runInternal(ScheduledMethodRunnable.java:128) ~[spring-context-7.0.8.jar:7.0.8]
	at org.springframework.scheduling.support.ScheduledMethodRunnable.lambda$run$1(ScheduledMethodRunnable.java:122) ~[spring-context-7.0.8.jar:7.0.8]
	at io.micrometer.observation.Observation.observe(Observation.java:569) ~[micrometer-observation-1.17.0.jar:1.17.0]
	at org.springframework.scheduling.support.ScheduledMethodRunnable.run(ScheduledMethodRunnable.java:122) ~[spring-context-7.0.8.jar:7.0.8]
	at org.springframework.scheduling.config.Task$OutcomeTrackingRunnable.run(Task.java:88) ~[spring-context-7.0.8.jar:7.0.8]
	at org.springframework.scheduling.support.DelegatingErrorHandlingRunnable.run(DelegatingErrorHandlingRunnable.java:54) ~[spring-context-7.0.8.jar:7.0.8]
	at java.base/java.util.concurrent.Executors$RunnableAdapter.call(Executors.java:572) ~[na:na]
	at java.base/java.util.concurrent.FutureTask.runAndReset(FutureTask.java:358) ~[na:na]
	at java.base/java.util.concurrent.ScheduledThreadPoolExecutor$ScheduledFutureTask.run(ScheduledThreadPoolExecutor.java:305) ~[na:na]
	at java.base/java.util.concurrent.ThreadPoolExecutor.runWorker(ThreadPoolExecutor.java:1144) ~[na:na]
	at java.base/java.util.concurrent.ThreadPoolExecutor$Worker.run(ThreadPoolExecutor.java:642) ~[na:na]
	at java.base/java.lang.Thread.run(Thread.java:1583) ~[na:na]

2026-09-07T12:02:17.047-03:00 ERROR 21428 --- [ProjetoSpringBoot] [sqs-relatorios-1] [traceId=dd9a6f64a65a1d04f8078b268abaae89 spanId=49c602bce2b42fd4 eventoId=sem-evento] .c.e.p.m.c.AuditoriaRelatorioSqsConsumer : Falha ao processar mensagem da fila de auditoria: messageId=35237048-06dc-4dee-bded-f2847e4b86a7

tools.jackson.databind.exc.InvalidFormatException: Cannot deserialize value of type `java.util.UUID` from String "teste-lambda-s3-001": UUID has to be represented by standard 36-char representation
 at [Source: REDACTED (`StreamReadFeature.INCLUDE_SOURCE_IN_LOCATION` disabled); byte offset: #UNKNOWN] (through reference chain: br.com.exemplo.projetospringboot.dto.RelatorioPedidoDisponivelEvento["eventoId"])
	at tools.jackson.databind.exc.InvalidFormatException.from(InvalidFormatException.java:37) ~[jackson-databind-3.1.4.jar:3.1.4]
	at tools.jackson.databind.DeserializationContext.weirdStringException(DeserializationContext.java:2063) ~[jackson-databind-3.1.4.jar:3.1.4]
	at tools.jackson.databind.DeserializationContext.handleWeirdStringValue(DeserializationContext.java:1354) ~[jackson-databind-3.1.4.jar:3.1.4]
	at tools.jackson.databind.deser.jdk.UUIDDeserializer._badFormat(UUIDDeserializer.java:91) ~[jackson-databind-3.1.4.jar:3.1.4]
	at tools.jackson.databind.deser.jdk.UUIDDeserializer._deserialize(UUIDDeserializer.java:55) ~[jackson-databind-3.1.4.jar:3.1.4]
	at tools.jackson.databind.deser.jdk.UUIDDeserializer._deserialize(UUIDDeserializer.java:12) ~[jackson-databind-3.1.4.jar:3.1.4]
	at tools.jackson.databind.deser.std.FromStringDeserializer.deserialize(FromStringDeserializer.java:84) ~[jackson-databind-3.1.4.jar:3.1.4]
	at tools.jackson.databind.deser.SettableBeanProperty.deserialize(SettableBeanProperty.java:569) ~[jackson-databind-3.1.4.jar:3.1.4]
	at tools.jackson.databind.deser.bean.BeanDeserializer._deserializeWithErrorWrapping(BeanDeserializer.java:879) ~[jackson-databind-3.1.4.jar:3.1.4]
	at tools.jackson.databind.deser.bean.BeanDeserializer._deserializeUsingPropertyBased(BeanDeserializer.java:730) ~[jackson-databind-3.1.4.jar:3.1.4]
	at tools.jackson.databind.deser.bean.BeanDeserializerBase.deserializeFromObjectUsingNonDefault(BeanDeserializerBase.java:1509) ~[jackson-databind-3.1.4.jar:3.1.4]
	at tools.jackson.databind.deser.bean.BeanDeserializer.deserializeFromObject(BeanDeserializer.java:605) ~[jackson-databind-3.1.4.jar:3.1.4]
	at tools.jackson.databind.deser.bean.BeanDeserializer.deserialize(BeanDeserializer.java:200) ~[jackson-databind-3.1.4.jar:3.1.4]
	at tools.jackson.databind.deser.DeserializationContextExt.readRootValue(DeserializationContextExt.java:266) ~[jackson-databind-3.1.4.jar:3.1.4]
	at tools.jackson.databind.ObjectMapper._readMapAndClose(ObjectMapper.java:2639) ~[jackson-databind-3.1.4.jar:3.1.4]
	at tools.jackson.databind.ObjectMapper.readValue(ObjectMapper.java:1544) ~[jackson-databind-3.1.4.jar:3.1.4]
	at br.com.exemplo.projetospringboot.messaging.consumer.AuditoriaRelatorioSqsConsumer.processarMensagem(AuditoriaRelatorioSqsConsumer.java:82) ~[classes/:na]
	at br.com.exemplo.projetospringboot.messaging.consumer.AuditoriaRelatorioSqsConsumer.receberEProcessar(AuditoriaRelatorioSqsConsumer.java:70) ~[classes/:na]
	at br.com.exemplo.projetospringboot.messaging.job.AuditoriaRelatorioSqsJob.consultarFila(AuditoriaRelatorioSqsJob.java:34) ~[classes/:na]
	at java.base/jdk.internal.reflect.DirectMethodHandleAccessor.invoke(DirectMethodHandleAccessor.java:103) ~[na:na]
	at java.base/java.lang.reflect.Method.invoke(Method.java:580) ~[na:na]
	at org.springframework.scheduling.support.ScheduledMethodRunnable.runInternal(ScheduledMethodRunnable.java:128) ~[spring-context-7.0.8.jar:7.0.8]
	at org.springframework.scheduling.support.ScheduledMethodRunnable.lambda$run$1(ScheduledMethodRunnable.java:122) ~[spring-context-7.0.8.jar:7.0.8]
	at io.micrometer.observation.Observation.observe(Observation.java:569) ~[micrometer-observation-1.17.0.jar:1.17.0]
	at org.springframework.scheduling.support.ScheduledMethodRunnable.run(ScheduledMethodRunnable.java:122) ~[spring-context-7.0.8.jar:7.0.8]
	at org.springframework.scheduling.config.Task$OutcomeTrackingRunnable.run(Task.java:88) ~[spring-context-7.0.8.jar:7.0.8]
	at org.springframework.scheduling.support.DelegatingErrorHandlingRunnable.run(DelegatingErrorHandlingRunnable.java:54) ~[spring-context-7.0.8.jar:7.0.8]
	at java.base/java.util.concurrent.Executors$RunnableAdapter.call(Executors.java:572) ~[na:na]
	at java.base/java.util.concurrent.FutureTask.runAndReset(FutureTask.java:358) ~[na:na]
	at java.base/java.util.concurrent.ScheduledThreadPoolExecutor$ScheduledFutureTask.run(ScheduledThreadPoolExecutor.java:305) ~[na:na]
	at java.base/java.util.concurrent.ThreadPoolExecutor.runWorker(ThreadPoolExecutor.java:1144) ~[na:na]
	at java.base/java.util.concurrent.ThreadPoolExecutor$Worker.run(ThreadPoolExecutor.java:642) ~[na:na]
	at java.base/java.lang.Thread.run(Thread.java:1583) ~[na:na]

2026-09-07T12:02:22.114-03:00 ERROR 21428 --- [ProjetoSpringBoot] [sqs-relatorios-1] [traceId=cc7490980c5b8e68e1cfc08c24b65f89 spanId=ad7e5754febea176 eventoId=sem-evento] .c.e.p.m.c.AuditoriaRelatorioSqsConsumer : Falha ao processar mensagem da fila de auditoria: messageId=f09789c3-ba43-4939-9d1c-b61d08c16ccc

tools.jackson.databind.exc.InvalidFormatException: Cannot deserialize value of type `java.util.UUID` from String "teste-lambda-001": UUID has to be represented by standard 36-char representation
 at [Source: REDACTED (`StreamReadFeature.INCLUDE_SOURCE_IN_LOCATION` disabled); byte offset: #UNKNOWN] (through reference chain: br.com.exemplo.projetospringboot.dto.RelatorioPedidoDisponivelEvento["eventoId"])
	at tools.jackson.databind.exc.InvalidFormatException.from(InvalidFormatException.java:37) ~[jackson-databind-3.1.4.jar:3.1.4]
	at tools.jackson.databind.DeserializationContext.weirdStringException(DeserializationContext.java:2063) ~[jackson-databind-3.1.4.jar:3.1.4]
	at tools.jackson.databind.DeserializationContext.handleWeirdStringValue(DeserializationContext.java:1354) ~[jackson-databind-3.1.4.jar:3.1.4]
	at tools.jackson.databind.deser.jdk.UUIDDeserializer._badFormat(UUIDDeserializer.java:91) ~[jackson-databind-3.1.4.jar:3.1.4]
	at tools.jackson.databind.deser.jdk.UUIDDeserializer._deserialize(UUIDDeserializer.java:55) ~[jackson-databind-3.1.4.jar:3.1.4]
	at tools.jackson.databind.deser.jdk.UUIDDeserializer._deserialize(UUIDDeserializer.java:12) ~[jackson-databind-3.1.4.jar:3.1.4]
	at tools.jackson.databind.deser.std.FromStringDeserializer.deserialize(FromStringDeserializer.java:84) ~[jackson-databind-3.1.4.jar:3.1.4]
	at tools.jackson.databind.deser.SettableBeanProperty.deserialize(SettableBeanProperty.java:569) ~[jackson-databind-3.1.4.jar:3.1.4]
	at tools.jackson.databind.deser.bean.BeanDeserializer._deserializeWithErrorWrapping(BeanDeserializer.java:879) ~[jackson-databind-3.1.4.jar:3.1.4]
	at tools.jackson.databind.deser.bean.BeanDeserializer._deserializeUsingPropertyBased(BeanDeserializer.java:730) ~[jackson-databind-3.1.4.jar:3.1.4]
	at tools.jackson.databind.deser.bean.BeanDeserializerBase.deserializeFromObjectUsingNonDefault(BeanDeserializerBase.java:1509) ~[jackson-databind-3.1.4.jar:3.1.4]
	at tools.jackson.databind.deser.bean.BeanDeserializer.deserializeFromObject(BeanDeserializer.java:605) ~[jackson-databind-3.1.4.jar:3.1.4]
	at tools.jackson.databind.deser.bean.BeanDeserializer.deserialize(BeanDeserializer.java:200) ~[jackson-databind-3.1.4.jar:3.1.4]
	at tools.jackson.databind.deser.DeserializationContextExt.readRootValue(DeserializationContextExt.java:266) ~[jackson-databind-3.1.4.jar:3.1.4]
	at tools.jackson.databind.ObjectMapper._readMapAndClose(ObjectMapper.java:2639) ~[jackson-databind-3.1.4.jar:3.1.4]
	at tools.jackson.databind.ObjectMapper.readValue(ObjectMapper.java:1544) ~[jackson-databind-3.1.4.jar:3.1.4]
	at br.com.exemplo.projetospringboot.messaging.consumer.AuditoriaRelatorioSqsConsumer.processarMensagem(AuditoriaRelatorioSqsConsumer.java:82) ~[classes/:na]
	at br.com.exemplo.projetospringboot.messaging.consumer.AuditoriaRelatorioSqsConsumer.receberEProcessar(AuditoriaRelatorioSqsConsumer.java:70) ~[classes/:na]
	at br.com.exemplo.projetospringboot.messaging.job.AuditoriaRelatorioSqsJob.consultarFila(AuditoriaRelatorioSqsJob.java:34) ~[classes/:na]
	at java.base/jdk.internal.reflect.DirectMethodHandleAccessor.invoke(DirectMethodHandleAccessor.java:103) ~[na:na]
	at java.base/java.lang.reflect.Method.invoke(Method.java:580) ~[na:na]
	at org.springframework.scheduling.support.ScheduledMethodRunnable.runInternal(ScheduledMethodRunnable.java:128) ~[spring-context-7.0.8.jar:7.0.8]
	at org.springframework.scheduling.support.ScheduledMethodRunnable.lambda$run$1(ScheduledMethodRunnable.java:122) ~[spring-context-7.0.8.jar:7.0.8]
	at io.micrometer.observation.Observation.observe(Observation.java:569) ~[micrometer-observation-1.17.0.jar:1.17.0]
	at org.springframework.scheduling.support.ScheduledMethodRunnable.run(ScheduledMethodRunnable.java:122) ~[spring-context-7.0.8.jar:7.0.8]
	at org.springframework.scheduling.config.Task$OutcomeTrackingRunnable.run(Task.java:88) ~[spring-context-7.0.8.jar:7.0.8]
	at org.springframework.scheduling.support.DelegatingErrorHandlingRunnable.run(DelegatingErrorHandlingRunnable.java:54) ~[spring-context-7.0.8.jar:7.0.8]
	at java.base/java.util.concurrent.Executors$RunnableAdapter.call(Executors.java:572) ~[na:na]
	at java.base/java.util.concurrent.FutureTask.runAndReset(FutureTask.java:358) ~[na:na]
	at java.base/java.util.concurrent.ScheduledThreadPoolExecutor$ScheduledFutureTask.run(ScheduledThreadPoolExecutor.java:305) ~[na:na]
	at java.base/java.util.concurrent.ThreadPoolExecutor.runWorker(ThreadPoolExecutor.java:1144) ~[na:na]
	at java.base/java.util.concurrent.ThreadPoolExecutor$Worker.run(ThreadPoolExecutor.java:642) ~[na:na]
	at java.base/java.lang.Thread.run(Thread.java:1583) ~[na:na]

2026-09-07T12:02:47.049-03:00 ERROR 21428 --- [ProjetoSpringBoot] [sqs-relatorios-1] [traceId=0e133aae5f87b2c56b13425c39fef92c spanId=6ca0b2cfa50fd645 eventoId=sem-evento] .c.e.p.m.c.AuditoriaRelatorioSqsConsumer : Falha ao processar mensagem da fila de auditoria: messageId=35237048-06dc-4dee-bded-f2847e4b86a7

tools.jackson.databind.exc.InvalidFormatException: Cannot deserialize value of type `java.util.UUID` from String "teste-lambda-s3-001": UUID has to be represented by standard 36-char representation
 at [Source: REDACTED (`StreamReadFeature.INCLUDE_SOURCE_IN_LOCATION` disabled); byte offset: #UNKNOWN] (through reference chain: br.com.exemplo.projetospringboot.dto.RelatorioPedidoDisponivelEvento["eventoId"])
	at tools.jackson.databind.exc.InvalidFormatException.from(InvalidFormatException.java:37) ~[jackson-databind-3.1.4.jar:3.1.4]
	at tools.jackson.databind.DeserializationContext.weirdStringException(DeserializationContext.java:2063) ~[jackson-databind-3.1.4.jar:3.1.4]
	at tools.jackson.databind.DeserializationContext.handleWeirdStringValue(DeserializationContext.java:1354) ~[jackson-databind-3.1.4.jar:3.1.4]
	at tools.jackson.databind.deser.jdk.UUIDDeserializer._badFormat(UUIDDeserializer.java:91) ~[jackson-databind-3.1.4.jar:3.1.4]
	at tools.jackson.databind.deser.jdk.UUIDDeserializer._deserialize(UUIDDeserializer.java:55) ~[jackson-databind-3.1.4.jar:3.1.4]
	at tools.jackson.databind.deser.jdk.UUIDDeserializer._deserialize(UUIDDeserializer.java:12) ~[jackson-databind-3.1.4.jar:3.1.4]
	at tools.jackson.databind.deser.std.FromStringDeserializer.deserialize(FromStringDeserializer.java:84) ~[jackson-databind-3.1.4.jar:3.1.4]
	at tools.jackson.databind.deser.SettableBeanProperty.deserialize(SettableBeanProperty.java:569) ~[jackson-databind-3.1.4.jar:3.1.4]
	at tools.jackson.databind.deser.bean.BeanDeserializer._deserializeWithErrorWrapping(BeanDeserializer.java:879) ~[jackson-databind-3.1.4.jar:3.1.4]
	at tools.jackson.databind.deser.bean.BeanDeserializer._deserializeUsingPropertyBased(BeanDeserializer.java:730) ~[jackson-databind-3.1.4.jar:3.1.4]
	at tools.jackson.databind.deser.bean.BeanDeserializerBase.deserializeFromObjectUsingNonDefault(BeanDeserializerBase.java:1509) ~[jackson-databind-3.1.4.jar:3.1.4]
	at tools.jackson.databind.deser.bean.BeanDeserializer.deserializeFromObject(BeanDeserializer.java:605) ~[jackson-databind-3.1.4.jar:3.1.4]
	at tools.jackson.databind.deser.bean.BeanDeserializer.deserialize(BeanDeserializer.java:200) ~[jackson-databind-3.1.4.jar:3.1.4]
	at tools.jackson.databind.deser.DeserializationContextExt.readRootValue(DeserializationContextExt.java:266) ~[jackson-databind-3.1.4.jar:3.1.4]
	at tools.jackson.databind.ObjectMapper._readMapAndClose(ObjectMapper.java:2639) ~[jackson-databind-3.1.4.jar:3.1.4]
	at tools.jackson.databind.ObjectMapper.readValue(ObjectMapper.java:1544) ~[jackson-databind-3.1.4.jar:3.1.4]
	at br.com.exemplo.projetospringboot.messaging.consumer.AuditoriaRelatorioSqsConsumer.processarMensagem(AuditoriaRelatorioSqsConsumer.java:82) ~[classes/:na]
	at br.com.exemplo.projetospringboot.messaging.consumer.AuditoriaRelatorioSqsConsumer.receberEProcessar(AuditoriaRelatorioSqsConsumer.java:70) ~[classes/:na]
	at br.com.exemplo.projetospringboot.messaging.job.AuditoriaRelatorioSqsJob.consultarFila(AuditoriaRelatorioSqsJob.java:34) ~[classes/:na]
	at java.base/jdk.internal.reflect.DirectMethodHandleAccessor.invoke(DirectMethodHandleAccessor.java:103) ~[na:na]
	at java.base/java.lang.reflect.Method.invoke(Method.java:580) ~[na:na]
	at org.springframework.scheduling.support.ScheduledMethodRunnable.runInternal(ScheduledMethodRunnable.java:128) ~[spring-context-7.0.8.jar:7.0.8]
	at org.springframework.scheduling.support.ScheduledMethodRunnable.lambda$run$1(ScheduledMethodRunnable.java:122) ~[spring-context-7.0.8.jar:7.0.8]
	at io.micrometer.observation.Observation.observe(Observation.java:569) ~[micrometer-observation-1.17.0.jar:1.17.0]
	at org.springframework.scheduling.support.ScheduledMethodRunnable.run(ScheduledMethodRunnable.java:122) ~[spring-context-7.0.8.jar:7.0.8]
	at org.springframework.scheduling.config.Task$OutcomeTrackingRunnable.run(Task.java:88) ~[spring-context-7.0.8.jar:7.0.8]
	at org.springframework.scheduling.support.DelegatingErrorHandlingRunnable.run(DelegatingErrorHandlingRunnable.java:54) ~[spring-context-7.0.8.jar:7.0.8]
	at java.base/java.util.concurrent.Executors$RunnableAdapter.call(Executors.java:572) ~[na:na]
	at java.base/java.util.concurrent.FutureTask.runAndReset(FutureTask.java:358) ~[na:na]
	at java.base/java.util.concurrent.ScheduledThreadPoolExecutor$ScheduledFutureTask.run(ScheduledThreadPoolExecutor.java:305) ~[na:na]
	at java.base/java.util.concurrent.ThreadPoolExecutor.runWorker(ThreadPoolExecutor.java:1144) ~[na:na]
	at java.base/java.util.concurrent.ThreadPoolExecutor$Worker.run(ThreadPoolExecutor.java:642) ~[na:na]
	at java.base/java.lang.Thread.run(Thread.java:1583) ~[na:na]

2026-09-07T12:02:52.119-03:00 ERROR 21428 --- [ProjetoSpringBoot] [sqs-relatorios-1] [traceId=c4c6e828514cd627ad9c6f49ca0cdd17 spanId=2781d499c1ad648c eventoId=sem-evento] .c.e.p.m.c.AuditoriaRelatorioSqsConsumer : Falha ao processar mensagem da fila de auditoria: messageId=f09789c3-ba43-4939-9d1c-b61d08c16ccc

tools.jackson.databind.exc.InvalidFormatException: Cannot deserialize value of type `java.util.UUID` from String "teste-lambda-001": UUID has to be represented by standard 36-char representation
 at [Source: REDACTED (`StreamReadFeature.INCLUDE_SOURCE_IN_LOCATION` disabled); byte offset: #UNKNOWN] (through reference chain: br.com.exemplo.projetospringboot.dto.RelatorioPedidoDisponivelEvento["eventoId"])
	at tools.jackson.databind.exc.InvalidFormatException.from(InvalidFormatException.java:37) ~[jackson-databind-3.1.4.jar:3.1.4]
	at tools.jackson.databind.DeserializationContext.weirdStringException(DeserializationContext.java:2063) ~[jackson-databind-3.1.4.jar:3.1.4]
	at tools.jackson.databind.DeserializationContext.handleWeirdStringValue(DeserializationContext.java:1354) ~[jackson-databind-3.1.4.jar:3.1.4]
	at tools.jackson.databind.deser.jdk.UUIDDeserializer._badFormat(UUIDDeserializer.java:91) ~[jackson-databind-3.1.4.jar:3.1.4]
	at tools.jackson.databind.deser.jdk.UUIDDeserializer._deserialize(UUIDDeserializer.java:55) ~[jackson-databind-3.1.4.jar:3.1.4]
	at tools.jackson.databind.deser.jdk.UUIDDeserializer._deserialize(UUIDDeserializer.java:12) ~[jackson-databind-3.1.4.jar:3.1.4]
	at tools.jackson.databind.deser.std.FromStringDeserializer.deserialize(FromStringDeserializer.java:84) ~[jackson-databind-3.1.4.jar:3.1.4]
	at tools.jackson.databind.deser.SettableBeanProperty.deserialize(SettableBeanProperty.java:569) ~[jackson-databind-3.1.4.jar:3.1.4]
	at tools.jackson.databind.deser.bean.BeanDeserializer._deserializeWithErrorWrapping(BeanDeserializer.java:879) ~[jackson-databind-3.1.4.jar:3.1.4]
	at tools.jackson.databind.deser.bean.BeanDeserializer._deserializeUsingPropertyBased(BeanDeserializer.java:730) ~[jackson-databind-3.1.4.jar:3.1.4]
	at tools.jackson.databind.deser.bean.BeanDeserializerBase.deserializeFromObjectUsingNonDefault(BeanDeserializerBase.java:1509) ~[jackson-databind-3.1.4.jar:3.1.4]
	at tools.jackson.databind.deser.bean.BeanDeserializer.deserializeFromObject(BeanDeserializer.java:605) ~[jackson-databind-3.1.4.jar:3.1.4]
	at tools.jackson.databind.deser.bean.BeanDeserializer.deserialize(BeanDeserializer.java:200) ~[jackson-databind-3.1.4.jar:3.1.4]
	at tools.jackson.databind.deser.DeserializationContextExt.readRootValue(DeserializationContextExt.java:266) ~[jackson-databind-3.1.4.jar:3.1.4]
	at tools.jackson.databind.ObjectMapper._readMapAndClose(ObjectMapper.java:2639) ~[jackson-databind-3.1.4.jar:3.1.4]
	at tools.jackson.databind.ObjectMapper.readValue(ObjectMapper.java:1544) ~[jackson-databind-3.1.4.jar:3.1.4]
	at br.com.exemplo.projetospringboot.messaging.consumer.AuditoriaRelatorioSqsConsumer.processarMensagem(AuditoriaRelatorioSqsConsumer.java:82) ~[classes/:na]
	at br.com.exemplo.projetospringboot.messaging.consumer.AuditoriaRelatorioSqsConsumer.receberEProcessar(AuditoriaRelatorioSqsConsumer.java:70) ~[classes/:na]
	at br.com.exemplo.projetospringboot.messaging.job.AuditoriaRelatorioSqsJob.consultarFila(AuditoriaRelatorioSqsJob.java:34) ~[classes/:na]
	at java.base/jdk.internal.reflect.DirectMethodHandleAccessor.invoke(DirectMethodHandleAccessor.java:103) ~[na:na]
	at java.base/java.lang.reflect.Method.invoke(Method.java:580) ~[na:na]
	at org.springframework.scheduling.support.ScheduledMethodRunnable.runInternal(ScheduledMethodRunnable.java:128) ~[spring-context-7.0.8.jar:7.0.8]
	at org.springframework.scheduling.support.ScheduledMethodRunnable.lambda$run$1(ScheduledMethodRunnable.java:122) ~[spring-context-7.0.8.jar:7.0.8]
	at io.micrometer.observation.Observation.observe(Observation.java:569) ~[micrometer-observation-1.17.0.jar:1.17.0]
	at org.springframework.scheduling.support.ScheduledMethodRunnable.run(ScheduledMethodRunnable.java:122) ~[spring-context-7.0.8.jar:7.0.8]
	at org.springframework.scheduling.config.Task$OutcomeTrackingRunnable.run(Task.java:88) ~[spring-context-7.0.8.jar:7.0.8]
	at org.springframework.scheduling.support.DelegatingErrorHandlingRunnable.run(DelegatingErrorHandlingRunnable.java:54) ~[spring-context-7.0.8.jar:7.0.8]
	at java.base/java.util.concurrent.Executors$RunnableAdapter.call(Executors.java:572) ~[na:na]
	at java.base/java.util.concurrent.FutureTask.runAndReset(FutureTask.java:358) ~[na:na]
	at java.base/java.util.concurrent.ScheduledThreadPoolExecutor$ScheduledFutureTask.run(ScheduledThreadPoolExecutor.java:305) ~[na:na]
	at java.base/java.util.concurrent.ThreadPoolExecutor.runWorker(ThreadPoolExecutor.java:1144) ~[na:na]
	at java.base/java.util.concurrent.ThreadPoolExecutor$Worker.run(ThreadPoolExecutor.java:642) ~[na:na]
	at java.base/java.lang.Thread.run(Thread.java:1583) ~[na:na]

2026-09-07T12:03:17.051-03:00 ERROR 21428 --- [ProjetoSpringBoot] [sqs-relatorios-1] [traceId=58734163d7a069a916a948151b0f954e spanId=469886fcb369c67a eventoId=sem-evento] .c.e.p.m.c.AuditoriaRelatorioSqsConsumer : Falha ao processar mensagem da fila de auditoria: messageId=35237048-06dc-4dee-bded-f2847e4b86a7

tools.jackson.databind.exc.InvalidFormatException: Cannot deserialize value of type `java.util.UUID` from String "teste-lambda-s3-001": UUID has to be represented by standard 36-char representation
 at [Source: REDACTED (`StreamReadFeature.INCLUDE_SOURCE_IN_LOCATION` disabled); byte offset: #UNKNOWN] (through reference chain: br.com.exemplo.projetospringboot.dto.RelatorioPedidoDisponivelEvento["eventoId"])
	at tools.jackson.databind.exc.InvalidFormatException.from(InvalidFormatException.java:37) ~[jackson-databind-3.1.4.jar:3.1.4]
	at tools.jackson.databind.DeserializationContext.weirdStringException(DeserializationContext.java:2063) ~[jackson-databind-3.1.4.jar:3.1.4]
	at tools.jackson.databind.DeserializationContext.handleWeirdStringValue(DeserializationContext.java:1354) ~[jackson-databind-3.1.4.jar:3.1.4]
	at tools.jackson.databind.deser.jdk.UUIDDeserializer._badFormat(UUIDDeserializer.java:91) ~[jackson-databind-3.1.4.jar:3.1.4]
	at tools.jackson.databind.deser.jdk.UUIDDeserializer._deserialize(UUIDDeserializer.java:55) ~[jackson-databind-3.1.4.jar:3.1.4]
	at tools.jackson.databind.deser.jdk.UUIDDeserializer._deserialize(UUIDDeserializer.java:12) ~[jackson-databind-3.1.4.jar:3.1.4]
	at tools.jackson.databind.deser.std.FromStringDeserializer.deserialize(FromStringDeserializer.java:84) ~[jackson-databind-3.1.4.jar:3.1.4]
	at tools.jackson.databind.deser.SettableBeanProperty.deserialize(SettableBeanProperty.java:569) ~[jackson-databind-3.1.4.jar:3.1.4]
	at tools.jackson.databind.deser.bean.BeanDeserializer._deserializeWithErrorWrapping(BeanDeserializer.java:879) ~[jackson-databind-3.1.4.jar:3.1.4]
	at tools.jackson.databind.deser.bean.BeanDeserializer._deserializeUsingPropertyBased(BeanDeserializer.java:730) ~[jackson-databind-3.1.4.jar:3.1.4]
	at tools.jackson.databind.deser.bean.BeanDeserializerBase.deserializeFromObjectUsingNonDefault(BeanDeserializerBase.java:1509) ~[jackson-databind-3.1.4.jar:3.1.4]
	at tools.jackson.databind.deser.bean.BeanDeserializer.deserializeFromObject(BeanDeserializer.java:605) ~[jackson-databind-3.1.4.jar:3.1.4]
	at tools.jackson.databind.deser.bean.BeanDeserializer.deserialize(BeanDeserializer.java:200) ~[jackson-databind-3.1.4.jar:3.1.4]
	at tools.jackson.databind.deser.DeserializationContextExt.readRootValue(DeserializationContextExt.java:266) ~[jackson-databind-3.1.4.jar:3.1.4]
	at tools.jackson.databind.ObjectMapper._readMapAndClose(ObjectMapper.java:2639) ~[jackson-databind-3.1.4.jar:3.1.4]
	at tools.jackson.databind.ObjectMapper.readValue(ObjectMapper.java:1544) ~[jackson-databind-3.1.4.jar:3.1.4]
	at br.com.exemplo.projetospringboot.messaging.consumer.AuditoriaRelatorioSqsConsumer.processarMensagem(AuditoriaRelatorioSqsConsumer.java:82) ~[classes/:na]
	at br.com.exemplo.projetospringboot.messaging.consumer.AuditoriaRelatorioSqsConsumer.receberEProcessar(AuditoriaRelatorioSqsConsumer.java:70) ~[classes/:na]
	at br.com.exemplo.projetospringboot.messaging.job.AuditoriaRelatorioSqsJob.consultarFila(AuditoriaRelatorioSqsJob.java:34) ~[classes/:na]
	at java.base/jdk.internal.reflect.DirectMethodHandleAccessor.invoke(DirectMethodHandleAccessor.java:103) ~[na:na]
	at java.base/java.lang.reflect.Method.invoke(Method.java:580) ~[na:na]
	at org.springframework.scheduling.support.ScheduledMethodRunnable.runInternal(ScheduledMethodRunnable.java:128) ~[spring-context-7.0.8.jar:7.0.8]
	at org.springframework.scheduling.support.ScheduledMethodRunnable.lambda$run$1(ScheduledMethodRunnable.java:122) ~[spring-context-7.0.8.jar:7.0.8]
	at io.micrometer.observation.Observation.observe(Observation.java:569) ~[micrometer-observation-1.17.0.jar:1.17.0]
	at org.springframework.scheduling.support.ScheduledMethodRunnable.run(ScheduledMethodRunnable.java:122) ~[spring-context-7.0.8.jar:7.0.8]
	at org.springframework.scheduling.config.Task$OutcomeTrackingRunnable.run(Task.java:88) ~[spring-context-7.0.8.jar:7.0.8]
	at org.springframework.scheduling.support.DelegatingErrorHandlingRunnable.run(DelegatingErrorHandlingRunnable.java:54) ~[spring-context-7.0.8.jar:7.0.8]
	at java.base/java.util.concurrent.Executors$RunnableAdapter.call(Executors.java:572) ~[na:na]
	at java.base/java.util.concurrent.FutureTask.runAndReset(FutureTask.java:358) ~[na:na]
	at java.base/java.util.concurrent.ScheduledThreadPoolExecutor$ScheduledFutureTask.run(ScheduledThreadPoolExecutor.java:305) ~[na:na]
	at java.base/java.util.concurrent.ThreadPoolExecutor.runWorker(ThreadPoolExecutor.java:1144) ~[na:na]
	at java.base/java.util.concurrent.ThreadPoolExecutor$Worker.run(ThreadPoolExecutor.java:642) ~[na:na]
	at java.base/java.lang.Thread.run(Thread.java:1583) ~[na:na]

2026-09-07T12:03:22.122-03:00 ERROR 21428 --- [ProjetoSpringBoot] [sqs-relatorios-1] [traceId=6e6bfd2c3b0d652a02162d86dfa9982f spanId=91794fa53d6cd79a eventoId=sem-evento] .c.e.p.m.c.AuditoriaRelatorioSqsConsumer : Falha ao processar mensagem da fila de auditoria: messageId=f09789c3-ba43-4939-9d1c-b61d08c16ccc

tools.jackson.databind.exc.InvalidFormatException: Cannot deserialize value of type `java.util.UUID` from String "teste-lambda-001": UUID has to be represented by standard 36-char representation
 at [Source: REDACTED (`StreamReadFeature.INCLUDE_SOURCE_IN_LOCATION` disabled); byte offset: #UNKNOWN] (through reference chain: br.com.exemplo.projetospringboot.dto.RelatorioPedidoDisponivelEvento["eventoId"])
	at tools.jackson.databind.exc.InvalidFormatException.from(InvalidFormatException.java:37) ~[jackson-databind-3.1.4.jar:3.1.4]
	at tools.jackson.databind.DeserializationContext.weirdStringException(DeserializationContext.java:2063) ~[jackson-databind-3.1.4.jar:3.1.4]
	at tools.jackson.databind.DeserializationContext.handleWeirdStringValue(DeserializationContext.java:1354) ~[jackson-databind-3.1.4.jar:3.1.4]
	at tools.jackson.databind.deser.jdk.UUIDDeserializer._badFormat(UUIDDeserializer.java:91) ~[jackson-databind-3.1.4.jar:3.1.4]
	at tools.jackson.databind.deser.jdk.UUIDDeserializer._deserialize(UUIDDeserializer.java:55) ~[jackson-databind-3.1.4.jar:3.1.4]
	at tools.jackson.databind.deser.jdk.UUIDDeserializer._deserialize(UUIDDeserializer.java:12) ~[jackson-databind-3.1.4.jar:3.1.4]
	at tools.jackson.databind.deser.std.FromStringDeserializer.deserialize(FromStringDeserializer.java:84) ~[jackson-databind-3.1.4.jar:3.1.4]
	at tools.jackson.databind.deser.SettableBeanProperty.deserialize(SettableBeanProperty.java:569) ~[jackson-databind-3.1.4.jar:3.1.4]
	at tools.jackson.databind.deser.bean.BeanDeserializer._deserializeWithErrorWrapping(BeanDeserializer.java:879) ~[jackson-databind-3.1.4.jar:3.1.4]
	at tools.jackson.databind.deser.bean.BeanDeserializer._deserializeUsingPropertyBased(BeanDeserializer.java:730) ~[jackson-databind-3.1.4.jar:3.1.4]
	at tools.jackson.databind.deser.bean.BeanDeserializerBase.deserializeFromObjectUsingNonDefault(BeanDeserializerBase.java:1509) ~[jackson-databind-3.1.4.jar:3.1.4]
	at tools.jackson.databind.deser.bean.BeanDeserializer.deserializeFromObject(BeanDeserializer.java:605) ~[jackson-databind-3.1.4.jar:3.1.4]
	at tools.jackson.databind.deser.bean.BeanDeserializer.deserialize(BeanDeserializer.java:200) ~[jackson-databind-3.1.4.jar:3.1.4]
	at tools.jackson.databind.deser.DeserializationContextExt.readRootValue(DeserializationContextExt.java:266) ~[jackson-databind-3.1.4.jar:3.1.4]
	at tools.jackson.databind.ObjectMapper._readMapAndClose(ObjectMapper.java:2639) ~[jackson-databind-3.1.4.jar:3.1.4]
	at tools.jackson.databind.ObjectMapper.readValue(ObjectMapper.java:1544) ~[jackson-databind-3.1.4.jar:3.1.4]
	at br.com.exemplo.projetospringboot.messaging.consumer.AuditoriaRelatorioSqsConsumer.processarMensagem(AuditoriaRelatorioSqsConsumer.java:82) ~[classes/:na]
	at br.com.exemplo.projetospringboot.messaging.consumer.AuditoriaRelatorioSqsConsumer.receberEProcessar(AuditoriaRelatorioSqsConsumer.java:70) ~[classes/:na]
	at br.com.exemplo.projetospringboot.messaging.job.AuditoriaRelatorioSqsJob.consultarFila(AuditoriaRelatorioSqsJob.java:34) ~[classes/:na]
	at java.base/jdk.internal.reflect.DirectMethodHandleAccessor.invoke(DirectMethodHandleAccessor.java:103) ~[na:na]
	at java.base/java.lang.reflect.Method.invoke(Method.java:580) ~[na:na]
	at org.springframework.scheduling.support.ScheduledMethodRunnable.runInternal(ScheduledMethodRunnable.java:128) ~[spring-context-7.0.8.jar:7.0.8]
	at org.springframework.scheduling.support.ScheduledMethodRunnable.lambda$run$1(ScheduledMethodRunnable.java:122) ~[spring-context-7.0.8.jar:7.0.8]
	at io.micrometer.observation.Observation.observe(Observation.java:569) ~[micrometer-observation-1.17.0.jar:1.17.0]
	at org.springframework.scheduling.support.ScheduledMethodRunnable.run(ScheduledMethodRunnable.java:122) ~[spring-context-7.0.8.jar:7.0.8]
	at org.springframework.scheduling.config.Task$OutcomeTrackingRunnable.run(Task.java:88) ~[spring-context-7.0.8.jar:7.0.8]
	at org.springframework.scheduling.support.DelegatingErrorHandlingRunnable.run(DelegatingErrorHandlingRunnable.java:54) ~[spring-context-7.0.8.jar:7.0.8]
	at java.base/java.util.concurrent.Executors$RunnableAdapter.call(Executors.java:572) ~[na:na]
	at java.base/java.util.concurrent.FutureTask.runAndReset(FutureTask.java:358) ~[na:na]
	at java.base/java.util.concurrent.ScheduledThreadPoolExecutor$ScheduledFutureTask.run(ScheduledThreadPoolExecutor.java:305) ~[na:na]
	at java.base/java.util.concurrent.ThreadPoolExecutor.runWorker(ThreadPoolExecutor.java:1144) ~[na:na]
	at java.base/java.util.concurrent.ThreadPoolExecutor$Worker.run(ThreadPoolExecutor.java:642) ~[na:na]
	at java.base/java.lang.Thread.run(Thread.java:1583) ~[na:na]

2026-09-07T12:03:47.054-03:00 ERROR 21428 --- [ProjetoSpringBoot] [sqs-relatorios-1] [traceId=33652f95aae2d33072beeb864843dd2d spanId=c09a41c487669d1c eventoId=sem-evento] .c.e.p.m.c.AuditoriaRelatorioSqsConsumer : Falha ao processar mensagem da fila de auditoria: messageId=35237048-06dc-4dee-bded-f2847e4b86a7

tools.jackson.databind.exc.InvalidFormatException: Cannot deserialize value of type `java.util.UUID` from String "teste-lambda-s3-001": UUID has to be represented by standard 36-char representation
 at [Source: REDACTED (`StreamReadFeature.INCLUDE_SOURCE_IN_LOCATION` disabled); byte offset: #UNKNOWN] (through reference chain: br.com.exemplo.projetospringboot.dto.RelatorioPedidoDisponivelEvento["eventoId"])
	at tools.jackson.databind.exc.InvalidFormatException.from(InvalidFormatException.java:37) ~[jackson-databind-3.1.4.jar:3.1.4]
	at tools.jackson.databind.DeserializationContext.weirdStringException(DeserializationContext.java:2063) ~[jackson-databind-3.1.4.jar:3.1.4]
	at tools.jackson.databind.DeserializationContext.handleWeirdStringValue(DeserializationContext.java:1354) ~[jackson-databind-3.1.4.jar:3.1.4]
	at tools.jackson.databind.deser.jdk.UUIDDeserializer._badFormat(UUIDDeserializer.java:91) ~[jackson-databind-3.1.4.jar:3.1.4]
	at tools.jackson.databind.deser.jdk.UUIDDeserializer._deserialize(UUIDDeserializer.java:55) ~[jackson-databind-3.1.4.jar:3.1.4]
	at tools.jackson.databind.deser.jdk.UUIDDeserializer._deserialize(UUIDDeserializer.java:12) ~[jackson-databind-3.1.4.jar:3.1.4]
	at tools.jackson.databind.deser.std.FromStringDeserializer.deserialize(FromStringDeserializer.java:84) ~[jackson-databind-3.1.4.jar:3.1.4]
	at tools.jackson.databind.deser.SettableBeanProperty.deserialize(SettableBeanProperty.java:569) ~[jackson-databind-3.1.4.jar:3.1.4]
	at tools.jackson.databind.deser.bean.BeanDeserializer._deserializeWithErrorWrapping(BeanDeserializer.java:879) ~[jackson-databind-3.1.4.jar:3.1.4]
	at tools.jackson.databind.deser.bean.BeanDeserializer._deserializeUsingPropertyBased(BeanDeserializer.java:730) ~[jackson-databind-3.1.4.jar:3.1.4]
	at tools.jackson.databind.deser.bean.BeanDeserializerBase.deserializeFromObjectUsingNonDefault(BeanDeserializerBase.java:1509) ~[jackson-databind-3.1.4.jar:3.1.4]
	at tools.jackson.databind.deser.bean.BeanDeserializer.deserializeFromObject(BeanDeserializer.java:605) ~[jackson-databind-3.1.4.jar:3.1.4]
	at tools.jackson.databind.deser.bean.BeanDeserializer.deserialize(BeanDeserializer.java:200) ~[jackson-databind-3.1.4.jar:3.1.4]
	at tools.jackson.databind.deser.DeserializationContextExt.readRootValue(DeserializationContextExt.java:266) ~[jackson-databind-3.1.4.jar:3.1.4]
	at tools.jackson.databind.ObjectMapper._readMapAndClose(ObjectMapper.java:2639) ~[jackson-databind-3.1.4.jar:3.1.4]
	at tools.jackson.databind.ObjectMapper.readValue(ObjectMapper.java:1544) ~[jackson-databind-3.1.4.jar:3.1.4]
	at br.com.exemplo.projetospringboot.messaging.consumer.AuditoriaRelatorioSqsConsumer.processarMensagem(AuditoriaRelatorioSqsConsumer.java:82) ~[classes/:na]
	at br.com.exemplo.projetospringboot.messaging.consumer.AuditoriaRelatorioSqsConsumer.receberEProcessar(AuditoriaRelatorioSqsConsumer.java:70) ~[classes/:na]
	at br.com.exemplo.projetospringboot.messaging.job.AuditoriaRelatorioSqsJob.consultarFila(AuditoriaRelatorioSqsJob.java:34) ~[classes/:na]
	at java.base/jdk.internal.reflect.DirectMethodHandleAccessor.invoke(DirectMethodHandleAccessor.java:103) ~[na:na]
	at java.base/java.lang.reflect.Method.invoke(Method.java:580) ~[na:na]
	at org.springframework.scheduling.support.ScheduledMethodRunnable.runInternal(ScheduledMethodRunnable.java:128) ~[spring-context-7.0.8.jar:7.0.8]
	at org.springframework.scheduling.support.ScheduledMethodRunnable.lambda$run$1(ScheduledMethodRunnable.java:122) ~[spring-context-7.0.8.jar:7.0.8]
	at io.micrometer.observation.Observation.observe(Observation.java:569) ~[micrometer-observation-1.17.0.jar:1.17.0]
	at org.springframework.scheduling.support.ScheduledMethodRunnable.run(ScheduledMethodRunnable.java:122) ~[spring-context-7.0.8.jar:7.0.8]
	at org.springframework.scheduling.config.Task$OutcomeTrackingRunnable.run(Task.java:88) ~[spring-context-7.0.8.jar:7.0.8]
	at org.springframework.scheduling.support.DelegatingErrorHandlingRunnable.run(DelegatingErrorHandlingRunnable.java:54) ~[spring-context-7.0.8.jar:7.0.8]
	at java.base/java.util.concurrent.Executors$RunnableAdapter.call(Executors.java:572) ~[na:na]
	at java.base/java.util.concurrent.FutureTask.runAndReset(FutureTask.java:358) ~[na:na]
	at java.base/java.util.concurrent.ScheduledThreadPoolExecutor$ScheduledFutureTask.run(ScheduledThreadPoolExecutor.java:305) ~[na:na]
	at java.base/java.util.concurrent.ThreadPoolExecutor.runWorker(ThreadPoolExecutor.java:1144) ~[na:na]
	at java.base/java.util.concurrent.ThreadPoolExecutor$Worker.run(ThreadPoolExecutor.java:642) ~[na:na]
	at java.base/java.lang.Thread.run(Thread.java:1583) ~[na:na]

2026-09-07T12:03:52.127-03:00 ERROR 21428 --- [ProjetoSpringBoot] [sqs-relatorios-1] [traceId=793835445a2aee8f1acabb958d7942d0 spanId=021e5ca2f3cf25c0 eventoId=sem-evento] .c.e.p.m.c.AuditoriaRelatorioSqsConsumer : Falha ao processar mensagem da fila de auditoria: messageId=f09789c3-ba43-4939-9d1c-b61d08c16ccc

tools.jackson.databind.exc.InvalidFormatException: Cannot deserialize value of type `java.util.UUID` from String "teste-lambda-001": UUID has to be represented by standard 36-char representation
 at [Source: REDACTED (`StreamReadFeature.INCLUDE_SOURCE_IN_LOCATION` disabled); byte offset: #UNKNOWN] (through reference chain: br.com.exemplo.projetospringboot.dto.RelatorioPedidoDisponivelEvento["eventoId"])
	at tools.jackson.databind.exc.InvalidFormatException.from(InvalidFormatException.java:37) ~[jackson-databind-3.1.4.jar:3.1.4]
	at tools.jackson.databind.DeserializationContext.weirdStringException(DeserializationContext.java:2063) ~[jackson-databind-3.1.4.jar:3.1.4]
	at tools.jackson.databind.DeserializationContext.handleWeirdStringValue(DeserializationContext.java:1354) ~[jackson-databind-3.1.4.jar:3.1.4]
	at tools.jackson.databind.deser.jdk.UUIDDeserializer._badFormat(UUIDDeserializer.java:91) ~[jackson-databind-3.1.4.jar:3.1.4]
	at tools.jackson.databind.deser.jdk.UUIDDeserializer._deserialize(UUIDDeserializer.java:55) ~[jackson-databind-3.1.4.jar:3.1.4]
	at tools.jackson.databind.deser.jdk.UUIDDeserializer._deserialize(UUIDDeserializer.java:12) ~[jackson-databind-3.1.4.jar:3.1.4]
	at tools.jackson.databind.deser.std.FromStringDeserializer.deserialize(FromStringDeserializer.java:84) ~[jackson-databind-3.1.4.jar:3.1.4]
	at tools.jackson.databind.deser.SettableBeanProperty.deserialize(SettableBeanProperty.java:569) ~[jackson-databind-3.1.4.jar:3.1.4]
	at tools.jackson.databind.deser.bean.BeanDeserializer._deserializeWithErrorWrapping(BeanDeserializer.java:879) ~[jackson-databind-3.1.4.jar:3.1.4]
	at tools.jackson.databind.deser.bean.BeanDeserializer._deserializeUsingPropertyBased(BeanDeserializer.java:730) ~[jackson-databind-3.1.4.jar:3.1.4]
	at tools.jackson.databind.deser.bean.BeanDeserializerBase.deserializeFromObjectUsingNonDefault(BeanDeserializerBase.java:1509) ~[jackson-databind-3.1.4.jar:3.1.4]
	at tools.jackson.databind.deser.bean.BeanDeserializer.deserializeFromObject(BeanDeserializer.java:605) ~[jackson-databind-3.1.4.jar:3.1.4]
	at tools.jackson.databind.deser.bean.BeanDeserializer.deserialize(BeanDeserializer.java:200) ~[jackson-databind-3.1.4.jar:3.1.4]
	at tools.jackson.databind.deser.DeserializationContextExt.readRootValue(DeserializationContextExt.java:266) ~[jackson-databind-3.1.4.jar:3.1.4]
	at tools.jackson.databind.ObjectMapper._readMapAndClose(ObjectMapper.java:2639) ~[jackson-databind-3.1.4.jar:3.1.4]
	at tools.jackson.databind.ObjectMapper.readValue(ObjectMapper.java:1544) ~[jackson-databind-3.1.4.jar:3.1.4]
	at br.com.exemplo.projetospringboot.messaging.consumer.AuditoriaRelatorioSqsConsumer.processarMensagem(AuditoriaRelatorioSqsConsumer.java:82) ~[classes/:na]
	at br.com.exemplo.projetospringboot.messaging.consumer.AuditoriaRelatorioSqsConsumer.receberEProcessar(AuditoriaRelatorioSqsConsumer.java:70) ~[classes/:na]
	at br.com.exemplo.projetospringboot.messaging.job.AuditoriaRelatorioSqsJob.consultarFila(AuditoriaRelatorioSqsJob.java:34) ~[classes/:na]
	at java.base/jdk.internal.reflect.DirectMethodHandleAccessor.invoke(DirectMethodHandleAccessor.java:103) ~[na:na]
	at java.base/java.lang.reflect.Method.invoke(Method.java:580) ~[na:na]
	at org.springframework.scheduling.support.ScheduledMethodRunnable.runInternal(ScheduledMethodRunnable.java:128) ~[spring-context-7.0.8.jar:7.0.8]
	at org.springframework.scheduling.support.ScheduledMethodRunnable.lambda$run$1(ScheduledMethodRunnable.java:122) ~[spring-context-7.0.8.jar:7.0.8]
	at io.micrometer.observation.Observation.observe(Observation.java:569) ~[micrometer-observation-1.17.0.jar:1.17.0]
	at org.springframework.scheduling.support.ScheduledMethodRunnable.run(ScheduledMethodRunnable.java:122) ~[spring-context-7.0.8.jar:7.0.8]
	at org.springframework.scheduling.config.Task$OutcomeTrackingRunnable.run(Task.java:88) ~[spring-context-7.0.8.jar:7.0.8]
	at org.springframework.scheduling.support.DelegatingErrorHandlingRunnable.run(DelegatingErrorHandlingRunnable.java:54) ~[spring-context-7.0.8.jar:7.0.8]
	at java.base/java.util.concurrent.Executors$RunnableAdapter.call(Executors.java:572) ~[na:na]
	at java.base/java.util.concurrent.FutureTask.runAndReset(FutureTask.java:358) ~[na:na]
	at java.base/java.util.concurrent.ScheduledThreadPoolExecutor$ScheduledFutureTask.run(ScheduledThreadPoolExecutor.java:305) ~[na:na]
	at java.base/java.util.concurrent.ThreadPoolExecutor.runWorker(ThreadPoolExecutor.java:1144) ~[na:na]
	at java.base/java.util.concurrent.ThreadPoolExecutor$Worker.run(ThreadPoolExecutor.java:642) ~[na:na]
	at java.base/java.lang.Thread.run(Thread.java:1583) ~[na:na]

2026-09-07T12:04:06.883-03:00  INFO 21428 --- [ProjetoSpringBoot] [SpringApplicationShutdownHook] [traceId=sem-trace spanId=sem-span eventoId=sem-evento] o.s.boot.tomcat.GracefulShutdown         : Commencing graceful shutdown. Waiting for active requests to complete
2026-09-07T12:04:06.887-03:00  INFO 21428 --- [ProjetoSpringBoot] [tomcat-shutdown] [traceId=sem-trace spanId=sem-span eventoId=sem-evento] o.s.boot.tomcat.GracefulShutdown         : Graceful shutdown complete
2026-09-07T12:04:17.059-03:00 ERROR 21428 --- [ProjetoSpringBoot] [sqs-relatorios-1] [traceId=3de923ed8675268fb6210b3414951bcf spanId=80ca69a43275622e eventoId=sem-evento] .c.e.p.m.c.AuditoriaRelatorioSqsConsumer : Falha ao processar mensagem da fila de auditoria: messageId=35237048-06dc-4dee-bded-f2847e4b86a7

tools.jackson.databind.exc.InvalidFormatException: Cannot deserialize value of type `java.util.UUID` from String "teste-lambda-s3-001": UUID has to be represented by standard 36-char representation
 at [Source: REDACTED (`StreamReadFeature.INCLUDE_SOURCE_IN_LOCATION` disabled); byte offset: #UNKNOWN] (through reference chain: br.com.exemplo.projetospringboot.dto.RelatorioPedidoDisponivelEvento["eventoId"])
	at tools.jackson.databind.exc.InvalidFormatException.from(InvalidFormatException.java:37) ~[jackson-databind-3.1.4.jar:3.1.4]
	at tools.jackson.databind.DeserializationContext.weirdStringException(DeserializationContext.java:2063) ~[jackson-databind-3.1.4.jar:3.1.4]
	at tools.jackson.databind.DeserializationContext.handleWeirdStringValue(DeserializationContext.java:1354) ~[jackson-databind-3.1.4.jar:3.1.4]
	at tools.jackson.databind.deser.jdk.UUIDDeserializer._badFormat(UUIDDeserializer.java:91) ~[jackson-databind-3.1.4.jar:3.1.4]
	at tools.jackson.databind.deser.jdk.UUIDDeserializer._deserialize(UUIDDeserializer.java:55) ~[jackson-databind-3.1.4.jar:3.1.4]
	at tools.jackson.databind.deser.jdk.UUIDDeserializer._deserialize(UUIDDeserializer.java:12) ~[jackson-databind-3.1.4.jar:3.1.4]
	at tools.jackson.databind.deser.std.FromStringDeserializer.deserialize(FromStringDeserializer.java:84) ~[jackson-databind-3.1.4.jar:3.1.4]
	at tools.jackson.databind.deser.SettableBeanProperty.deserialize(SettableBeanProperty.java:569) ~[jackson-databind-3.1.4.jar:3.1.4]
	at tools.jackson.databind.deser.bean.BeanDeserializer._deserializeWithErrorWrapping(BeanDeserializer.java:879) ~[jackson-databind-3.1.4.jar:3.1.4]
	at tools.jackson.databind.deser.bean.BeanDeserializer._deserializeUsingPropertyBased(BeanDeserializer.java:730) ~[jackson-databind-3.1.4.jar:3.1.4]
	at tools.jackson.databind.deser.bean.BeanDeserializerBase.deserializeFromObjectUsingNonDefault(BeanDeserializerBase.java:1509) ~[jackson-databind-3.1.4.jar:3.1.4]
	at tools.jackson.databind.deser.bean.BeanDeserializer.deserializeFromObject(BeanDeserializer.java:605) ~[jackson-databind-3.1.4.jar:3.1.4]
	at tools.jackson.databind.deser.bean.BeanDeserializer.deserialize(BeanDeserializer.java:200) ~[jackson-databind-3.1.4.jar:3.1.4]
	at tools.jackson.databind.deser.DeserializationContextExt.readRootValue(DeserializationContextExt.java:266) ~[jackson-databind-3.1.4.jar:3.1.4]
	at tools.jackson.databind.ObjectMapper._readMapAndClose(ObjectMapper.java:2639) ~[jackson-databind-3.1.4.jar:3.1.4]
	at tools.jackson.databind.ObjectMapper.readValue(ObjectMapper.java:1544) ~[jackson-databind-3.1.4.jar:3.1.4]
	at br.com.exemplo.projetospringboot.messaging.consumer.AuditoriaRelatorioSqsConsumer.processarMensagem(AuditoriaRelatorioSqsConsumer.java:82) ~[classes/:na]
	at br.com.exemplo.projetospringboot.messaging.consumer.AuditoriaRelatorioSqsConsumer.receberEProcessar(AuditoriaRelatorioSqsConsumer.java:70) ~[classes/:na]
	at br.com.exemplo.projetospringboot.messaging.job.AuditoriaRelatorioSqsJob.consultarFila(AuditoriaRelatorioSqsJob.java:34) ~[classes/:na]
	at java.base/jdk.internal.reflect.DirectMethodHandleAccessor.invoke(DirectMethodHandleAccessor.java:103) ~[na:na]
	at java.base/java.lang.reflect.Method.invoke(Method.java:580) ~[na:na]
	at org.springframework.scheduling.support.ScheduledMethodRunnable.runInternal(ScheduledMethodRunnable.java:128) ~[spring-context-7.0.8.jar:7.0.8]
	at org.springframework.scheduling.support.ScheduledMethodRunnable.lambda$run$1(ScheduledMethodRunnable.java:122) ~[spring-context-7.0.8.jar:7.0.8]
	at io.micrometer.observation.Observation.observe(Observation.java:569) ~[micrometer-observation-1.17.0.jar:1.17.0]
	at org.springframework.scheduling.support.ScheduledMethodRunnable.run(ScheduledMethodRunnable.java:122) ~[spring-context-7.0.8.jar:7.0.8]
	at org.springframework.scheduling.config.Task$OutcomeTrackingRunnable.run(Task.java:88) ~[spring-context-7.0.8.jar:7.0.8]
	at org.springframework.scheduling.support.DelegatingErrorHandlingRunnable.run(DelegatingErrorHandlingRunnable.java:54) ~[spring-context-7.0.8.jar:7.0.8]
	at java.base/java.util.concurrent.Executors$RunnableAdapter.call(Executors.java:572) ~[na:na]
	at java.base/java.util.concurrent.FutureTask.runAndReset(FutureTask.java:358) ~[na:na]
	at java.base/java.util.concurrent.ScheduledThreadPoolExecutor$ScheduledFutureTask.run(ScheduledThreadPoolExecutor.java:305) ~[na:na]
	at java.base/java.util.concurrent.ThreadPoolExecutor.runWorker(ThreadPoolExecutor.java:1144) ~[na:na]
	at java.base/java.util.concurrent.ThreadPoolExecutor$Worker.run(ThreadPoolExecutor.java:642) ~[na:na]
	at java.base/java.lang.Thread.run(Thread.java:1583) ~[na:na]

2026-09-07T12:04:17.066-03:00  INFO 21428 --- [ProjetoSpringBoot] [SpringApplicationShutdownHook] [traceId=sem-trace spanId=sem-span eventoId=sem-evento] j.LocalContainerEntityManagerFactoryBean : Closing JPA EntityManagerFactory for persistence unit 'default'
2026-09-07T12:04:17.068-03:00  INFO 21428 --- [ProjetoSpringBoot] [SpringApplicationShutdownHook] [traceId=sem-trace spanId=sem-span eventoId=sem-evento] com.zaxxer.hikari.HikariDataSource       : HikariPool-1 - Shutdown initiated...
2026-09-07T12:04:17.097-03:00  INFO 21428 --- [ProjetoSpringBoot] [SpringApplicationShutdownHook] [traceId=sem-trace spanId=sem-span eventoId=sem-evento] com.zaxxer.hikari.HikariDataSource       : HikariPool-1 - Shutdown completed.
2026-09-07T12:08:51.212-03:00  INFO 17192 --- [ProjetoSpringBoot] [main] [traceId=sem-trace spanId=sem-span eventoId=sem-evento] b.c.e.p.ProjetoSpringBootApplication     : Starting ProjetoSpringBootApplication using Java 21.0.11 with PID 17192 (C:\Recomeco\projetos\ProjetoSpringBoot\target\classes started by Ricardo in C:\Recomeco\projetos\ProjetoSpringBoot)
2026-09-07T12:08:51.215-03:00  INFO 17192 --- [ProjetoSpringBoot] [main] [traceId=sem-trace spanId=sem-span eventoId=sem-evento] b.c.e.p.ProjetoSpringBootApplication     : No active profile set, falling back to 1 default profile: "default"
2026-09-07T12:08:51.960-03:00  INFO 17192 --- [ProjetoSpringBoot] [main] [traceId=sem-trace spanId=sem-span eventoId=sem-evento] .s.d.r.c.RepositoryConfigurationDelegate : Multiple Spring Data modules found, entering strict repository configuration mode
2026-09-07T12:08:51.962-03:00  INFO 17192 --- [ProjetoSpringBoot] [main] [traceId=sem-trace spanId=sem-span eventoId=sem-evento] .s.d.r.c.RepositoryConfigurationDelegate : Bootstrapping Spring Data JPA repositories in DEFAULT mode.
2026-09-07T12:08:52.085-03:00  INFO 17192 --- [ProjetoSpringBoot] [main] [traceId=sem-trace spanId=sem-span eventoId=sem-evento] .s.d.r.c.RepositoryConfigurationDelegate : Finished Spring Data repository scanning in 116 ms. Found 8 JPA repository interfaces.
2026-09-07T12:08:52.097-03:00  INFO 17192 --- [ProjetoSpringBoot] [main] [traceId=sem-trace spanId=sem-span eventoId=sem-evento] .s.d.r.c.RepositoryConfigurationDelegate : Multiple Spring Data modules found, entering strict repository configuration mode
2026-09-07T12:08:52.098-03:00  INFO 17192 --- [ProjetoSpringBoot] [main] [traceId=sem-trace spanId=sem-span eventoId=sem-evento] .s.d.r.c.RepositoryConfigurationDelegate : Bootstrapping Spring Data Redis repositories in DEFAULT mode.
2026-09-07T12:08:52.113-03:00  INFO 17192 --- [ProjetoSpringBoot] [main] [traceId=sem-trace spanId=sem-span eventoId=sem-evento] .RepositoryConfigurationExtensionSupport : Spring Data Redis - Could not safely identify store assignment for repository candidate interface br.com.exemplo.projetospringboot.repository.AnexoPedidoRepository; If you want this repository to be a Redis repository, consider annotating your entities with one of these annotations: org.springframework.data.redis.core.RedisHash (preferred), or consider extending one of the following types with your repository: org.springframework.data.keyvalue.repository.KeyValueRepository
2026-09-07T12:08:52.113-03:00  INFO 17192 --- [ProjetoSpringBoot] [main] [traceId=sem-trace spanId=sem-span eventoId=sem-evento] .RepositoryConfigurationExtensionSupport : Spring Data Redis - Could not safely identify store assignment for repository candidate interface br.com.exemplo.projetospringboot.repository.AuditoriaRelatorioRepository; If you want this repository to be a Redis repository, consider annotating your entities with one of these annotations: org.springframework.data.redis.core.RedisHash (preferred), or consider extending one of the following types with your repository: org.springframework.data.keyvalue.repository.KeyValueRepository
2026-09-07T12:08:52.113-03:00  INFO 17192 --- [ProjetoSpringBoot] [main] [traceId=sem-trace spanId=sem-span eventoId=sem-evento] .RepositoryConfigurationExtensionSupport : Spring Data Redis - Could not safely identify store assignment for repository candidate interface br.com.exemplo.projetospringboot.repository.ClienteRepository; If you want this repository to be a Redis repository, consider annotating your entities with one of these annotations: org.springframework.data.redis.core.RedisHash (preferred), or consider extending one of the following types with your repository: org.springframework.data.keyvalue.repository.KeyValueRepository
2026-09-07T12:08:52.113-03:00  INFO 17192 --- [ProjetoSpringBoot] [main] [traceId=sem-trace spanId=sem-span eventoId=sem-evento] .RepositoryConfigurationExtensionSupport : Spring Data Redis - Could not safely identify store assignment for repository candidate interface br.com.exemplo.projetospringboot.repository.EventoOutboxRepository; If you want this repository to be a Redis repository, consider annotating your entities with one of these annotations: org.springframework.data.redis.core.RedisHash (preferred), or consider extending one of the following types with your repository: org.springframework.data.keyvalue.repository.KeyValueRepository
2026-09-07T12:08:52.113-03:00  INFO 17192 --- [ProjetoSpringBoot] [main] [traceId=sem-trace spanId=sem-span eventoId=sem-evento] .RepositoryConfigurationExtensionSupport : Spring Data Redis - Could not safely identify store assignment for repository candidate interface br.com.exemplo.projetospringboot.repository.EventoProcessadoRepository; If you want this repository to be a Redis repository, consider annotating your entities with one of these annotations: org.springframework.data.redis.core.RedisHash (preferred), or consider extending one of the following types with your repository: org.springframework.data.keyvalue.repository.KeyValueRepository
2026-09-07T12:08:52.114-03:00  INFO 17192 --- [ProjetoSpringBoot] [main] [traceId=sem-trace spanId=sem-span eventoId=sem-evento] .RepositoryConfigurationExtensionSupport : Spring Data Redis - Could not safely identify store assignment for repository candidate interface br.com.exemplo.projetospringboot.repository.PedidoRepository; If you want this repository to be a Redis repository, consider annotating your entities with one of these annotations: org.springframework.data.redis.core.RedisHash (preferred), or consider extending one of the following types with your repository: org.springframework.data.keyvalue.repository.KeyValueRepository
2026-09-07T12:08:52.114-03:00  INFO 17192 --- [ProjetoSpringBoot] [main] [traceId=sem-trace spanId=sem-span eventoId=sem-evento] .RepositoryConfigurationExtensionSupport : Spring Data Redis - Could not safely identify store assignment for repository candidate interface br.com.exemplo.projetospringboot.repository.RelatorioPedidoRepository; If you want this repository to be a Redis repository, consider annotating your entities with one of these annotations: org.springframework.data.redis.core.RedisHash (preferred), or consider extending one of the following types with your repository: org.springframework.data.keyvalue.repository.KeyValueRepository
2026-09-07T12:08:52.114-03:00  INFO 17192 --- [ProjetoSpringBoot] [main] [traceId=sem-trace spanId=sem-span eventoId=sem-evento] .RepositoryConfigurationExtensionSupport : Spring Data Redis - Could not safely identify store assignment for repository candidate interface br.com.exemplo.projetospringboot.repository.UsuarioRepository; If you want this repository to be a Redis repository, consider annotating your entities with one of these annotations: org.springframework.data.redis.core.RedisHash (preferred), or consider extending one of the following types with your repository: org.springframework.data.keyvalue.repository.KeyValueRepository
2026-09-07T12:08:52.114-03:00  INFO 17192 --- [ProjetoSpringBoot] [main] [traceId=sem-trace spanId=sem-span eventoId=sem-evento] .s.d.r.c.RepositoryConfigurationDelegate : Finished Spring Data repository scanning in 9 ms. Found 0 Redis repository interfaces.
2026-09-07T12:08:52.643-03:00  INFO 17192 --- [ProjetoSpringBoot] [main] [traceId=sem-trace spanId=sem-span eventoId=sem-evento] o.s.boot.tomcat.TomcatWebServer          : Tomcat initialized with port 8080 (http)
2026-09-07T12:08:52.654-03:00  INFO 17192 --- [ProjetoSpringBoot] [main] [traceId=sem-trace spanId=sem-span eventoId=sem-evento] o.apache.catalina.core.StandardService   : Starting service [Tomcat]
2026-09-07T12:08:52.654-03:00  INFO 17192 --- [ProjetoSpringBoot] [main] [traceId=sem-trace spanId=sem-span eventoId=sem-evento] o.apache.catalina.core.StandardEngine    : Starting Servlet engine: [Apache Tomcat/11.0.22]
2026-09-07T12:08:52.707-03:00  INFO 17192 --- [ProjetoSpringBoot] [main] [traceId=sem-trace spanId=sem-span eventoId=sem-evento] b.w.c.s.WebApplicationContextInitializer : Root WebApplicationContext: initialization completed in 1459 ms
2026-09-07T12:08:53.027-03:00  INFO 17192 --- [ProjetoSpringBoot] [main] [traceId=sem-trace spanId=sem-span eventoId=sem-evento] com.zaxxer.hikari.HikariDataSource       : HikariPool-1 - Starting...
2026-09-07T12:08:53.199-03:00  INFO 17192 --- [ProjetoSpringBoot] [main] [traceId=sem-trace spanId=sem-span eventoId=sem-evento] com.zaxxer.hikari.pool.HikariPool        : HikariPool-1 - Added connection conn0: url=jdbc:h2:file:./data/projetodb user=SA
2026-09-07T12:08:53.201-03:00  INFO 17192 --- [ProjetoSpringBoot] [main] [traceId=sem-trace spanId=sem-span eventoId=sem-evento] com.zaxxer.hikari.HikariDataSource       : HikariPool-1 - Start completed.
2026-09-07T12:08:53.285-03:00  INFO 17192 --- [ProjetoSpringBoot] [main] [traceId=sem-trace spanId=sem-span eventoId=sem-evento] org.hibernate.orm.jpa                    : HHH008540: Processing PersistenceUnitInfo [name: default]
2026-09-07T12:08:53.334-03:00  INFO 17192 --- [ProjetoSpringBoot] [main] [traceId=sem-trace spanId=sem-span eventoId=sem-evento] org.hibernate.orm.core                   : HHH000001: Hibernate ORM core version 7.4.1.Final
2026-09-07T12:08:53.664-03:00  INFO 17192 --- [ProjetoSpringBoot] [main] [traceId=sem-trace spanId=sem-span eventoId=sem-evento] o.s.o.j.p.SpringPersistenceUnitInfo      : No LoadTimeWeaver setup: ignoring JPA class transformer
2026-09-07T12:08:53.737-03:00  INFO 17192 --- [ProjetoSpringBoot] [main] [traceId=sem-trace spanId=sem-span eventoId=sem-evento] org.hibernate.orm.connections.pooling    : HHH10001005: Database info:
	Database JDBC URL [jdbc:h2:file:./data/projetodb]
	Database driver: H2 JDBC Driver
	Database dialect: H2Dialect
	Database version: 2.4.240
	Default catalog/schema: PROJETODB/PUBLIC
	Autocommit mode: undefined/unknown
	Isolation level: READ_COMMITTED [default READ_COMMITTED]
	JDBC fetch size: 100
	Pool: DataSourceConnectionProvider
	Minimum pool size: undefined/unknown
	Maximum pool size: undefined/unknown
2026-09-07T12:08:54.506-03:00  INFO 17192 --- [ProjetoSpringBoot] [main] [traceId=sem-trace spanId=sem-span eventoId=sem-evento] org.hibernate.orm.core                   : HHH000489: No JTA platform available (set 'hibernate.transaction.jta.platform' to enable JTA platform integration)
2026-09-07T12:08:54.577-03:00  INFO 17192 --- [ProjetoSpringBoot] [main] [traceId=sem-trace spanId=sem-span eventoId=sem-evento] j.LocalContainerEntityManagerFactoryBean : Initialized JPA EntityManagerFactory for persistence unit 'default'
2026-09-07T12:08:54.637-03:00  INFO 17192 --- [ProjetoSpringBoot] [main] [traceId=sem-trace spanId=sem-span eventoId=sem-evento] o.s.d.j.r.query.QueryEnhancerFactories   : Hibernate is in classpath; If applicable, HQL parser will be used.
2026-09-07T12:08:55.239-03:00  INFO 17192 --- [ProjetoSpringBoot] [main] [traceId=sem-trace spanId=sem-span eventoId=sem-evento] eAuthenticationProviderManagerConfigurer : Global AuthenticationManager configured with AuthenticationProvider bean with name authenticationProvider
2026-09-07T12:08:55.240-03:00  WARN 17192 --- [ProjetoSpringBoot] [main] [traceId=sem-trace spanId=sem-span eventoId=sem-evento] r$InitializeUserDetailsManagerConfigurer : Global AuthenticationManager configured with an AuthenticationProvider bean. UserDetailsService beans will not be used by Spring Security for automatically configuring username/password login. Consider removing the AuthenticationProvider bean. Alternatively, consider using the UserDetailsService in a manually instantiated DaoAuthenticationProvider. If the current configuration is intentional, to turn off this warning, increase the logging level of 'org.springframework.security.config.annotation.authentication.configuration.InitializeUserDetailsBeanManagerConfigurer' to ERROR
2026-09-07T12:08:56.198-03:00  WARN 17192 --- [ProjetoSpringBoot] [main] [traceId=sem-trace spanId=sem-span eventoId=sem-evento] JpaBaseConfiguration$JpaWebConfiguration : spring.jpa.open-in-view is enabled by default. Therefore, database queries may be performed during view rendering. Explicitly configure spring.jpa.open-in-view to disable this warning
2026-09-07T12:08:56.978-03:00  INFO 17192 --- [ProjetoSpringBoot] [main] [traceId=sem-trace spanId=sem-span eventoId=sem-evento] o.s.b.h.a.H2ConsoleAutoConfiguration     : H2 console available at '/h2-console'. Database available at 'jdbc:h2:file:./data/projetodb'
2026-09-07T12:08:57.075-03:00  INFO 17192 --- [ProjetoSpringBoot] [main] [traceId=sem-trace spanId=sem-span eventoId=sem-evento] o.s.b.a.e.web.EndpointLinksResolver      : Exposing 3 endpoints beneath base path '/actuator'
2026-09-07T12:08:57.163-03:00  INFO 17192 --- [ProjetoSpringBoot] [main] [traceId=sem-trace spanId=sem-span eventoId=sem-evento] o.s.boot.tomcat.TomcatWebServer          : Tomcat started on port 8080 (http) with context path '/ProjetoSpringBoot'
2026-09-07T12:08:57.337-03:00  INFO 17192 --- [ProjetoSpringBoot] [main] [traceId=sem-trace spanId=sem-span eventoId=sem-evento] b.c.e.p.ProjetoSpringBootApplication     : Started ProjetoSpringBootApplication in 6.575 seconds (process running for 7.152)
2026-09-07T12:08:57.895-03:00  INFO 17192 --- [ProjetoSpringBoot] [RMI TCP Connection(2)-172.24.128.1] [traceId=sem-trace spanId=sem-span eventoId=sem-evento] o.a.c.c.C.[.[.[/ProjetoSpringBoot]       : Initializing Spring DispatcherServlet 'dispatcherServlet'
2026-09-07T12:08:57.896-03:00  INFO 17192 --- [ProjetoSpringBoot] [RMI TCP Connection(2)-172.24.128.1] [traceId=sem-trace spanId=sem-span eventoId=sem-evento] o.s.web.servlet.DispatcherServlet        : Initializing Servlet 'dispatcherServlet'
2026-09-07T12:08:57.899-03:00  INFO 17192 --- [ProjetoSpringBoot] [RMI TCP Connection(2)-172.24.128.1] [traceId=sem-trace spanId=sem-span eventoId=sem-evento] o.s.web.servlet.DispatcherServlet        : Completed initialization in 2 ms
2026-09-07T12:09:55.616-03:00  INFO 17192 --- [ProjetoSpringBoot] [http-nio-8080-exec-2] [traceId=dd261fe7832db2a42134284254421bed spanId=c139979867ae89d1 eventoId=sem-evento] b.c.e.p.service.EventoOutboxService      : Evento registrado na Outbox: eventoId=2a74f6b1-c494-4331-916a-b1e17b968b6b, pedidoId=811
2026-09-07T12:09:55.617-03:00  INFO 17192 --- [ProjetoSpringBoot] [http-nio-8080-exec-2] [traceId=dd261fe7832db2a42134284254421bed spanId=81a0050f52bf08e9 eventoId=sem-evento] b.c.e.p.service.PedidoService            : Pedido persistido com evento na Outbox: pedidoId=811
2026-09-07T12:09:55.626-03:00  INFO 17192 --- [ProjetoSpringBoot] [http-nio-8080-exec-2] [traceId=dd261fe7832db2a42134284254421bed spanId=b551b63e2c0e1b09 eventoId=sem-evento] b.c.e.p.controller.PedidoController      : Pedido criado: pedidoId=811
2026-09-07T12:09:57.529-03:00  INFO 17192 --- [ProjetoSpringBoot] [jobs-aplicacao-1] [traceId=d636ca436e6cb477da512cc73f6a6d4b spanId=7513a5b39a117577 eventoId=sem-evento] b.c.e.p.messaging.job.EventoOutboxJob    : Outbox: encontrados 1 evento(s) pendente(s)
2026-09-07T12:09:57.742-03:00  INFO 17192 --- [ProjetoSpringBoot] [jobs-aplicacao-1] [traceId=dd261fe7832db2a42134284254421bed spanId=87dccc653a8e73f4 eventoId=2a74f6b1-c494-4331-916a-b1e17b968b6b] b.c.e.p.s.PublicadorEventoOutboxService  : Evento Outbox publicado: outboxId=811
2026-09-07T12:09:57.753-03:00  INFO 17192 --- [ProjetoSpringBoot] [org.springframework.kafka.KafkaListenerEndpointContainer#1-0-C-1] [traceId=dd261fe7832db2a42134284254421bed spanId=46ba6f0efe18966b eventoId=2a74f6b1-c494-4331-916a-b1e17b968b6b] b.c.e.p.m.c.NotificacaoPedidoConsumer    : Notificacao Processada: topico=pedidos-criados, particao=0, offset=403, chave=811, pedidoId=811, clienteId=5, valor=1001.00
2026-09-07T12:09:57.767-03:00  INFO 17192 --- [ProjetoSpringBoot] [org.springframework.kafka.KafkaListenerEndpointContainer#0-0-C-1] [traceId=dd261fe7832db2a42134284254421bed spanId=360e8c32dc637f02 eventoId=2a74f6b1-c494-4331-916a-b1e17b968b6b] b.c.e.p.service.EstoqueService           : SIMULAÇÃO: efeito de estoque executado para eventoId=2a74f6b1-c494-4331-916a-b1e17b968b6b, pedidoId=811
2026-09-07T12:09:57.770-03:00  INFO 17192 --- [ProjetoSpringBoot] [org.springframework.kafka.KafkaListenerEndpointContainer#0-0-C-1] [traceId=dd261fe7832db2a42134284254421bed spanId=360e8c32dc637f02 eventoId=2a74f6b1-c494-4331-916a-b1e17b968b6b] b.c.e.p.m.c.EstoquePedidoConsumer        : Estoque concluído: topico=pedidos-criados, particao=0, offset=403, pedidoId=811, processadoAgora=true
2026-09-07T12:10:15.809-03:00  INFO 17192 --- [ProjetoSpringBoot] [http-nio-8080-exec-4] [traceId=75f2086889031c80d1ad2c66399f3c63 spanId=0d16cc8db42b3be4 eventoId=sem-evento] b.c.e.p.c.RelatorioPedidoController      : Geração de relatório solicitada: pedidoId=811
2026-09-07T12:10:15.958-03:00  INFO 17192 --- [ProjetoSpringBoot] [http-nio-8080-exec-4] [traceId=75f2086889031c80d1ad2c66399f3c63 spanId=0d16cc8db42b3be4 eventoId=sem-evento] b.c.e.p.m.p.RelatorioPedidoSqsProducer   : Solicitação de relatório enviada ao SQS: solicitacaoId=a0340fef-6da6-4ff0-bdac-1a124e7afd7c, pedidoId=811, messageId=e58a2ebd-23f4-4fbf-a05a-f505a6e7fe04
2026-09-07T12:10:15.958-03:00  INFO 17192 --- [ProjetoSpringBoot] [http-nio-8080-exec-4] [traceId=75f2086889031c80d1ad2c66399f3c63 spanId=0d16cc8db42b3be4 eventoId=sem-evento] b.c.e.p.service.RelatorioPedidoService   : Relatório solicitado: relatorioId=17, pedidoId=811, solicitacaoId=a0340fef-6da6-4ff0-bdac-1a124e7afd7c, messageId=e58a2ebd-23f4-4fbf-a05a-f505a6e7fe04
2026-09-07T12:10:15.961-03:00  INFO 17192 --- [ProjetoSpringBoot] [sqs-relatorios-2] [traceId=3d2647e3c157e06c22c5e18e01ff891d spanId=de4cbc9ba16f96e6 eventoId=sem-evento] b.c.e.p.m.c.RelatorioPedidoSqsConsumer   : Mensagem SQS recebida: messageId=e58a2ebd-23f4-4fbf-a05a-f505a6e7fe04, solicitacaoId=a0340fef-6da6-4ff0-bdac-1a124e7afd7c, recebimento=1
2026-09-07T12:10:16.539-03:00  INFO 17192 --- [ProjetoSpringBoot] [sqs-relatorios-2] [traceId=3d2647e3c157e06c22c5e18e01ff891d spanId=de4cbc9ba16f96e6 eventoId=sem-evento] b.c.e.p.m.p.RelatorioPedidoSnsPublisher  : Evento publicado no SNS: eventoId=e524460a-7b71-4b67-a95c-e89ce4292983, pedidoId=811, messageId=bb1d3b98-8a25-5b41-9bcd-58805c3dc2a6
2026-09-07T12:10:16.539-03:00  INFO 17192 --- [ProjetoSpringBoot] [sqs-relatorios-2] [traceId=3d2647e3c157e06c22c5e18e01ff891d spanId=de4cbc9ba16f96e6 eventoId=sem-evento] .e.p.s.ProcessadorRelatorioPedidoService : Relatório concluído: relatorioId=17, pedidoId=811, objectKey=pedidos/811/relatorios/a0340fef-6da6-4ff0-bdac-1a124e7afd7c.pdf, tamanhoBytes=1416
2026-09-07T12:10:16.600-03:00  INFO 17192 --- [ProjetoSpringBoot] [sqs-relatorios-1] [traceId=9dff704c5c67b09bbef9026c842cf9d7 spanId=9f7fcc828875f2fc eventoId=sem-evento] b.c.e.p.s.AuditoriaRelatorioService      : Auditoria de relatório registrada: eventoId=e524460a-7b71-4b67-a95c-e89ce4292983, relatorioId=17, pedidoId=811
2026-09-07T12:10:16.619-03:00  INFO 17192 --- [ProjetoSpringBoot] [sqs-relatorios-1] [traceId=9dff704c5c67b09bbef9026c842cf9d7 spanId=9f7fcc828875f2fc eventoId=sem-evento] .c.e.p.m.c.AuditoriaRelatorioSqsConsumer : Evento removido da fila de auditoria: messageId=13e277f8-198c-4487-936a-4846e48172d5, eventoId=e524460a-7b71-4b67-a95c-e89ce4292983
2026-09-07T12:11:07.904-03:00  INFO 17192 --- [ProjetoSpringBoot] [http-nio-8080-exec-6] [traceId=aa8a3d993f7c7467f7e05d8115c4f8c1 spanId=4966d6ddc9959d91 eventoId=sem-evento] b.c.e.p.service.RelatorioPedidoService   : URL temporária de relatório gerada: pedidoId=811, relatorioId=17, expiraEm=2026-09-07T15:16:07.888244300Z
2026-09-07T12:28:47.873-03:00  INFO 17192 --- [ProjetoSpringBoot] [SpringApplicationShutdownHook] [traceId=sem-trace spanId=sem-span eventoId=sem-evento] o.s.boot.tomcat.GracefulShutdown         : Commencing graceful shutdown. Waiting for active requests to complete
2026-09-07T12:28:47.877-03:00  INFO 17192 --- [ProjetoSpringBoot] [tomcat-shutdown] [traceId=sem-trace spanId=sem-span eventoId=sem-evento] o.s.boot.tomcat.GracefulShutdown         : Graceful shutdown complete
2026-09-07T12:29:02.917-03:00  INFO 17192 --- [ProjetoSpringBoot] [SpringApplicationShutdownHook] [traceId=sem-trace spanId=sem-span eventoId=sem-evento] j.LocalContainerEntityManagerFactoryBean : Closing JPA EntityManagerFactory for persistence unit 'default'
2026-09-07T12:29:02.920-03:00  INFO 17192 --- [ProjetoSpringBoot] [SpringApplicationShutdownHook] [traceId=sem-trace spanId=sem-span eventoId=sem-evento] com.zaxxer.hikari.HikariDataSource       : HikariPool-1 - Shutdown initiated...
2026-09-07T12:29:02.941-03:00  INFO 17192 --- [ProjetoSpringBoot] [SpringApplicationShutdownHook] [traceId=sem-trace spanId=sem-span eventoId=sem-evento] com.zaxxer.hikari.HikariDataSource       : HikariPool-1 - Shutdown completed.
2026-09-07T15:19:25.413-03:00  INFO 13644 --- [ProjetoSpringBoot] [main] [traceId=sem-trace spanId=sem-span eventoId=sem-evento] b.c.e.p.ProjetoSpringBootApplication     : Starting ProjetoSpringBootApplication using Java 21.0.11 with PID 13644 (C:\Recomeco\projetos\ProjetoSpringBoot\target\classes started by Ricardo in C:\Recomeco\projetos\ProjetoSpringBoot)
2026-09-07T15:19:25.416-03:00  INFO 13644 --- [ProjetoSpringBoot] [main] [traceId=sem-trace spanId=sem-span eventoId=sem-evento] b.c.e.p.ProjetoSpringBootApplication     : No active profile set, falling back to 1 default profile: "default"
2026-09-07T15:19:26.169-03:00  INFO 13644 --- [ProjetoSpringBoot] [main] [traceId=sem-trace spanId=sem-span eventoId=sem-evento] .s.d.r.c.RepositoryConfigurationDelegate : Multiple Spring Data modules found, entering strict repository configuration mode
2026-09-07T15:19:26.170-03:00  INFO 13644 --- [ProjetoSpringBoot] [main] [traceId=sem-trace spanId=sem-span eventoId=sem-evento] .s.d.r.c.RepositoryConfigurationDelegate : Bootstrapping Spring Data JPA repositories in DEFAULT mode.
2026-09-07T15:19:26.285-03:00  INFO 13644 --- [ProjetoSpringBoot] [main] [traceId=sem-trace spanId=sem-span eventoId=sem-evento] .s.d.r.c.RepositoryConfigurationDelegate : Finished Spring Data repository scanning in 108 ms. Found 8 JPA repository interfaces.
2026-09-07T15:19:26.298-03:00  INFO 13644 --- [ProjetoSpringBoot] [main] [traceId=sem-trace spanId=sem-span eventoId=sem-evento] .s.d.r.c.RepositoryConfigurationDelegate : Multiple Spring Data modules found, entering strict repository configuration mode
2026-09-07T15:19:26.299-03:00  INFO 13644 --- [ProjetoSpringBoot] [main] [traceId=sem-trace spanId=sem-span eventoId=sem-evento] .s.d.r.c.RepositoryConfigurationDelegate : Bootstrapping Spring Data Redis repositories in DEFAULT mode.
2026-09-07T15:19:26.313-03:00  INFO 13644 --- [ProjetoSpringBoot] [main] [traceId=sem-trace spanId=sem-span eventoId=sem-evento] .RepositoryConfigurationExtensionSupport : Spring Data Redis - Could not safely identify store assignment for repository candidate interface br.com.exemplo.projetospringboot.repository.AnexoPedidoRepository; If you want this repository to be a Redis repository, consider annotating your entities with one of these annotations: org.springframework.data.redis.core.RedisHash (preferred), or consider extending one of the following types with your repository: org.springframework.data.keyvalue.repository.KeyValueRepository
2026-09-07T15:19:26.314-03:00  INFO 13644 --- [ProjetoSpringBoot] [main] [traceId=sem-trace spanId=sem-span eventoId=sem-evento] .RepositoryConfigurationExtensionSupport : Spring Data Redis - Could not safely identify store assignment for repository candidate interface br.com.exemplo.projetospringboot.repository.AuditoriaRelatorioRepository; If you want this repository to be a Redis repository, consider annotating your entities with one of these annotations: org.springframework.data.redis.core.RedisHash (preferred), or consider extending one of the following types with your repository: org.springframework.data.keyvalue.repository.KeyValueRepository
2026-09-07T15:19:26.314-03:00  INFO 13644 --- [ProjetoSpringBoot] [main] [traceId=sem-trace spanId=sem-span eventoId=sem-evento] .RepositoryConfigurationExtensionSupport : Spring Data Redis - Could not safely identify store assignment for repository candidate interface br.com.exemplo.projetospringboot.repository.ClienteRepository; If you want this repository to be a Redis repository, consider annotating your entities with one of these annotations: org.springframework.data.redis.core.RedisHash (preferred), or consider extending one of the following types with your repository: org.springframework.data.keyvalue.repository.KeyValueRepository
2026-09-07T15:19:26.314-03:00  INFO 13644 --- [ProjetoSpringBoot] [main] [traceId=sem-trace spanId=sem-span eventoId=sem-evento] .RepositoryConfigurationExtensionSupport : Spring Data Redis - Could not safely identify store assignment for repository candidate interface br.com.exemplo.projetospringboot.repository.EventoOutboxRepository; If you want this repository to be a Redis repository, consider annotating your entities with one of these annotations: org.springframework.data.redis.core.RedisHash (preferred), or consider extending one of the following types with your repository: org.springframework.data.keyvalue.repository.KeyValueRepository
2026-09-07T15:19:26.314-03:00  INFO 13644 --- [ProjetoSpringBoot] [main] [traceId=sem-trace spanId=sem-span eventoId=sem-evento] .RepositoryConfigurationExtensionSupport : Spring Data Redis - Could not safely identify store assignment for repository candidate interface br.com.exemplo.projetospringboot.repository.EventoProcessadoRepository; If you want this repository to be a Redis repository, consider annotating your entities with one of these annotations: org.springframework.data.redis.core.RedisHash (preferred), or consider extending one of the following types with your repository: org.springframework.data.keyvalue.repository.KeyValueRepository
2026-09-07T15:19:26.315-03:00  INFO 13644 --- [ProjetoSpringBoot] [main] [traceId=sem-trace spanId=sem-span eventoId=sem-evento] .RepositoryConfigurationExtensionSupport : Spring Data Redis - Could not safely identify store assignment for repository candidate interface br.com.exemplo.projetospringboot.repository.PedidoRepository; If you want this repository to be a Redis repository, consider annotating your entities with one of these annotations: org.springframework.data.redis.core.RedisHash (preferred), or consider extending one of the following types with your repository: org.springframework.data.keyvalue.repository.KeyValueRepository
2026-09-07T15:19:26.315-03:00  INFO 13644 --- [ProjetoSpringBoot] [main] [traceId=sem-trace spanId=sem-span eventoId=sem-evento] .RepositoryConfigurationExtensionSupport : Spring Data Redis - Could not safely identify store assignment for repository candidate interface br.com.exemplo.projetospringboot.repository.RelatorioPedidoRepository; If you want this repository to be a Redis repository, consider annotating your entities with one of these annotations: org.springframework.data.redis.core.RedisHash (preferred), or consider extending one of the following types with your repository: org.springframework.data.keyvalue.repository.KeyValueRepository
2026-09-07T15:19:26.315-03:00  INFO 13644 --- [ProjetoSpringBoot] [main] [traceId=sem-trace spanId=sem-span eventoId=sem-evento] .RepositoryConfigurationExtensionSupport : Spring Data Redis - Could not safely identify store assignment for repository candidate interface br.com.exemplo.projetospringboot.repository.UsuarioRepository; If you want this repository to be a Redis repository, consider annotating your entities with one of these annotations: org.springframework.data.redis.core.RedisHash (preferred), or consider extending one of the following types with your repository: org.springframework.data.keyvalue.repository.KeyValueRepository
2026-09-07T15:19:26.315-03:00  INFO 13644 --- [ProjetoSpringBoot] [main] [traceId=sem-trace spanId=sem-span eventoId=sem-evento] .s.d.r.c.RepositoryConfigurationDelegate : Finished Spring Data repository scanning in 9 ms. Found 0 Redis repository interfaces.
2026-09-07T15:19:26.856-03:00  INFO 13644 --- [ProjetoSpringBoot] [main] [traceId=sem-trace spanId=sem-span eventoId=sem-evento] o.s.boot.tomcat.TomcatWebServer          : Tomcat initialized with port 8080 (http)
2026-09-07T15:19:26.868-03:00  INFO 13644 --- [ProjetoSpringBoot] [main] [traceId=sem-trace spanId=sem-span eventoId=sem-evento] o.apache.catalina.core.StandardService   : Starting service [Tomcat]
2026-09-07T15:19:26.868-03:00  INFO 13644 --- [ProjetoSpringBoot] [main] [traceId=sem-trace spanId=sem-span eventoId=sem-evento] o.apache.catalina.core.StandardEngine    : Starting Servlet engine: [Apache Tomcat/11.0.22]
2026-09-07T15:19:26.924-03:00  INFO 13644 --- [ProjetoSpringBoot] [main] [traceId=sem-trace spanId=sem-span eventoId=sem-evento] b.w.c.s.WebApplicationContextInitializer : Root WebApplicationContext: initialization completed in 1478 ms
2026-09-07T15:19:27.277-03:00  INFO 13644 --- [ProjetoSpringBoot] [main] [traceId=sem-trace spanId=sem-span eventoId=sem-evento] com.zaxxer.hikari.HikariDataSource       : HikariPool-1 - Starting...
2026-09-07T15:19:27.408-03:00  INFO 13644 --- [ProjetoSpringBoot] [main] [traceId=sem-trace spanId=sem-span eventoId=sem-evento] com.zaxxer.hikari.pool.HikariPool        : HikariPool-1 - Added connection org.postgresql.jdbc.PgConnection@764db16c
2026-09-07T15:19:27.410-03:00  INFO 13644 --- [ProjetoSpringBoot] [main] [traceId=sem-trace spanId=sem-span eventoId=sem-evento] com.zaxxer.hikari.HikariDataSource       : HikariPool-1 - Start completed.
2026-09-07T15:19:27.485-03:00  INFO 13644 --- [ProjetoSpringBoot] [main] [traceId=sem-trace spanId=sem-span eventoId=sem-evento] org.hibernate.orm.jpa                    : HHH008540: Processing PersistenceUnitInfo [name: default]
2026-09-07T15:19:27.532-03:00  INFO 13644 --- [ProjetoSpringBoot] [main] [traceId=sem-trace spanId=sem-span eventoId=sem-evento] org.hibernate.orm.core                   : HHH000001: Hibernate ORM core version 7.4.1.Final
2026-09-07T15:19:27.869-03:00  INFO 13644 --- [ProjetoSpringBoot] [main] [traceId=sem-trace spanId=sem-span eventoId=sem-evento] o.s.o.j.p.SpringPersistenceUnitInfo      : No LoadTimeWeaver setup: ignoring JPA class transformer
2026-09-07T15:19:27.950-03:00  INFO 13644 --- [ProjetoSpringBoot] [main] [traceId=sem-trace spanId=sem-span eventoId=sem-evento] org.hibernate.orm.connections.pooling    : HHH10001005: Database info:
	Database JDBC URL [jdbc:postgresql://localhost:5432/projetodb]
	Database driver: PostgreSQL JDBC Driver
	Database dialect: PostgreSQLDialect
	Database version: 17.11
	Default catalog/schema: projetodb/public
	Autocommit mode: undefined/unknown
	Isolation level: READ_COMMITTED [default READ_COMMITTED]
	JDBC fetch size: none
	Pool: DataSourceConnectionProvider
	Minimum pool size: undefined/unknown
	Maximum pool size: undefined/unknown
2026-09-07T15:19:28.708-03:00  INFO 13644 --- [ProjetoSpringBoot] [main] [traceId=sem-trace spanId=sem-span eventoId=sem-evento] org.hibernate.orm.core                   : HHH000489: No JTA platform available (set 'hibernate.transaction.jta.platform' to enable JTA platform integration)
2026-09-07T15:19:28.801-03:00  WARN 13644 --- [ProjetoSpringBoot] [main] [traceId=sem-trace spanId=sem-span eventoId=sem-evento] org.hibernate.orm.jdbc.warn              : HHH000247: ErrorCode: 0, SQLState: 00000
2026-09-07T15:19:28.802-03:00  WARN 13644 --- [ProjetoSpringBoot] [main] [traceId=sem-trace spanId=sem-span eventoId=sem-evento] org.hibernate.orm.jdbc.warn              : constraint "uk_anexos_pedido_object_key" of relation "anexos_pedido" does not exist, skipping
2026-09-07T15:19:28.806-03:00  WARN 13644 --- [ProjetoSpringBoot] [main] [traceId=sem-trace spanId=sem-span eventoId=sem-evento] org.hibernate.orm.jdbc.warn              : HHH000247: ErrorCode: 0, SQLState: 00000
2026-09-07T15:19:28.806-03:00  WARN 13644 --- [ProjetoSpringBoot] [main] [traceId=sem-trace spanId=sem-span eventoId=sem-evento] org.hibernate.orm.jdbc.warn              : constraint "uk_auditoria_relatorio_evento" of relation "auditorias_relatorio" does not exist, skipping
2026-09-07T15:19:28.828-03:00  WARN 13644 --- [ProjetoSpringBoot] [main] [traceId=sem-trace spanId=sem-span eventoId=sem-evento] org.hibernate.orm.jdbc.warn              : HHH000247: ErrorCode: 0, SQLState: 00000
2026-09-07T15:19:28.828-03:00  WARN 13644 --- [ProjetoSpringBoot] [main] [traceId=sem-trace spanId=sem-span eventoId=sem-evento] org.hibernate.orm.jdbc.warn              : constraint "uk_relatorios_pedido_solicitacao_id" of relation "relatorios_pedido" does not exist, skipping
2026-09-07T15:19:28.833-03:00  WARN 13644 --- [ProjetoSpringBoot] [main] [traceId=sem-trace spanId=sem-span eventoId=sem-evento] org.hibernate.orm.jdbc.warn              : HHH000247: ErrorCode: 0, SQLState: 00000
2026-09-07T15:19:28.833-03:00  WARN 13644 --- [ProjetoSpringBoot] [main] [traceId=sem-trace spanId=sem-span eventoId=sem-evento] org.hibernate.orm.jdbc.warn              : constraint "uk_relatorios_pedido_object_key" of relation "relatorios_pedido" does not exist, skipping
2026-09-07T15:19:28.855-03:00  INFO 13644 --- [ProjetoSpringBoot] [main] [traceId=sem-trace spanId=sem-span eventoId=sem-evento] j.LocalContainerEntityManagerFactoryBean : Initialized JPA EntityManagerFactory for persistence unit 'default'
2026-09-07T15:19:28.916-03:00  INFO 13644 --- [ProjetoSpringBoot] [main] [traceId=sem-trace spanId=sem-span eventoId=sem-evento] o.s.d.j.r.query.QueryEnhancerFactories   : Hibernate is in classpath; If applicable, HQL parser will be used.
2026-09-07T15:19:29.530-03:00  INFO 13644 --- [ProjetoSpringBoot] [main] [traceId=sem-trace spanId=sem-span eventoId=sem-evento] eAuthenticationProviderManagerConfigurer : Global AuthenticationManager configured with AuthenticationProvider bean with name authenticationProvider
2026-09-07T15:19:29.531-03:00  WARN 13644 --- [ProjetoSpringBoot] [main] [traceId=sem-trace spanId=sem-span eventoId=sem-evento] r$InitializeUserDetailsManagerConfigurer : Global AuthenticationManager configured with an AuthenticationProvider bean. UserDetailsService beans will not be used by Spring Security for automatically configuring username/password login. Consider removing the AuthenticationProvider bean. Alternatively, consider using the UserDetailsService in a manually instantiated DaoAuthenticationProvider. If the current configuration is intentional, to turn off this warning, increase the logging level of 'org.springframework.security.config.annotation.authentication.configuration.InitializeUserDetailsBeanManagerConfigurer' to ERROR
2026-09-07T15:19:30.466-03:00  WARN 13644 --- [ProjetoSpringBoot] [main] [traceId=sem-trace spanId=sem-span eventoId=sem-evento] JpaBaseConfiguration$JpaWebConfiguration : spring.jpa.open-in-view is enabled by default. Therefore, database queries may be performed during view rendering. Explicitly configure spring.jpa.open-in-view to disable this warning
2026-09-07T15:19:31.351-03:00  INFO 13644 --- [ProjetoSpringBoot] [main] [traceId=sem-trace spanId=sem-span eventoId=sem-evento] o.s.b.a.e.web.EndpointLinksResolver      : Exposing 3 endpoints beneath base path '/actuator'
2026-09-07T15:19:31.438-03:00  INFO 13644 --- [ProjetoSpringBoot] [main] [traceId=sem-trace spanId=sem-span eventoId=sem-evento] o.s.boot.tomcat.TomcatWebServer          : Tomcat started on port 8080 (http) with context path '/ProjetoSpringBoot'
2026-09-07T15:19:31.610-03:00  INFO 13644 --- [ProjetoSpringBoot] [main] [traceId=sem-trace spanId=sem-span eventoId=sem-evento] b.c.e.p.ProjetoSpringBootApplication     : Started ProjetoSpringBootApplication in 6.632 seconds (process running for 7.22)
2026-09-07T15:19:31.785-03:00  INFO 13644 --- [ProjetoSpringBoot] [RMI TCP Connection(1)-172.26.240.1] [traceId=sem-trace spanId=sem-span eventoId=sem-evento] o.a.c.c.C.[.[.[/ProjetoSpringBoot]       : Initializing Spring DispatcherServlet 'dispatcherServlet'
2026-09-07T15:19:31.786-03:00  INFO 13644 --- [ProjetoSpringBoot] [RMI TCP Connection(1)-172.26.240.1] [traceId=sem-trace spanId=sem-span eventoId=sem-evento] o.s.web.servlet.DispatcherServlet        : Initializing Servlet 'dispatcherServlet'
2026-09-07T15:19:31.788-03:00  INFO 13644 --- [ProjetoSpringBoot] [RMI TCP Connection(1)-172.26.240.1] [traceId=sem-trace spanId=sem-span eventoId=sem-evento] o.s.web.servlet.DispatcherServlet        : Completed initialization in 1 ms
2026-09-07T15:20:59.732-03:00 ERROR 13644 --- [ProjetoSpringBoot] [http-nio-8080-exec-1] [traceId=34c311f21bdaa3a701c4f64317355a59 spanId=05fa0140f2deab22 eventoId=sem-evento] b.c.e.p.e.GlobalExceptionHandler         : Erro não tratado ao processar /ProjetoSpringBoot/auth/cadastrar

java.lang.IllegalArgumentException: Usuário já cadastrado
	at br.com.exemplo.projetospringboot.service.AuthService.cadastrar(AuthService.java:134) ~[classes/:na]
	at br.com.exemplo.projetospringboot.controller.AuthController.cadastrar(AuthController.java:84) ~[classes/:na]
	at java.base/jdk.internal.reflect.DirectMethodHandleAccessor.invoke(DirectMethodHandleAccessor.java:103) ~[na:na]
	at java.base/java.lang.reflect.Method.invoke(Method.java:580) ~[na:na]
	at org.springframework.web.method.support.InvocableHandlerMethod.doInvoke(InvocableHandlerMethod.java:252) ~[spring-web-7.0.8.jar:7.0.8]
	at org.springframework.web.method.support.InvocableHandlerMethod.invokeForRequest(InvocableHandlerMethod.java:184) ~[spring-web-7.0.8.jar:7.0.8]
	at org.springframework.web.servlet.mvc.method.annotation.ServletInvocableHandlerMethod.invokeAndHandle(ServletInvocableHandlerMethod.java:117) ~[spring-webmvc-7.0.8.jar:7.0.8]
	at org.springframework.web.servlet.mvc.method.annotation.RequestMappingHandlerAdapter.invokeHandlerMethod(RequestMappingHandlerAdapter.java:934) ~[spring-webmvc-7.0.8.jar:7.0.8]
	at org.springframework.web.servlet.mvc.method.annotation.RequestMappingHandlerAdapter.handleInternal(RequestMappingHandlerAdapter.java:853) ~[spring-webmvc-7.0.8.jar:7.0.8]
	at org.springframework.web.servlet.mvc.method.AbstractHandlerMethodAdapter.handle(AbstractHandlerMethodAdapter.java:86) ~[spring-webmvc-7.0.8.jar:7.0.8]
	at org.springframework.web.servlet.DispatcherServlet.doDispatch(DispatcherServlet.java:963) ~[spring-webmvc-7.0.8.jar:7.0.8]
	at org.springframework.web.servlet.DispatcherServlet.doService(DispatcherServlet.java:866) ~[spring-webmvc-7.0.8.jar:7.0.8]
	at org.springframework.web.servlet.FrameworkServlet.processRequest(FrameworkServlet.java:1000) ~[spring-webmvc-7.0.8.jar:7.0.8]
	at org.springframework.web.servlet.FrameworkServlet.doPost(FrameworkServlet.java:903) ~[spring-webmvc-7.0.8.jar:7.0.8]
	at jakarta.servlet.http.HttpServlet.service(HttpServlet.java:649) ~[tomcat-embed-core-11.0.22.jar:6.1]
	at org.springframework.web.servlet.FrameworkServlet.service(FrameworkServlet.java:874) ~[spring-webmvc-7.0.8.jar:7.0.8]
	at jakarta.servlet.http.HttpServlet.service(HttpServlet.java:710) ~[tomcat-embed-core-11.0.22.jar:6.1]
	at org.apache.catalina.core.ApplicationFilterChain.doFilter(ApplicationFilterChain.java:128) ~[tomcat-embed-core-11.0.22.jar:11.0.22]
	at org.apache.tomcat.websocket.server.WsFilter.doFilter(WsFilter.java:53) ~[tomcat-embed-websocket-11.0.22.jar:11.0.22]
	at org.apache.catalina.core.ApplicationFilterChain.doFilter(ApplicationFilterChain.java:107) ~[tomcat-embed-core-11.0.22.jar:11.0.22]
	at org.springframework.web.filter.CompositeFilter$VirtualFilterChain.doFilter(CompositeFilter.java:108) ~[spring-web-7.0.8.jar:7.0.8]
	at org.springframework.security.web.FilterChainProxy.lambda$doFilterInternal$2(FilterChainProxy.java:235) ~[spring-security-web-7.1.0.jar:7.1.0]
	at org.springframework.security.web.ObservationFilterChainDecorator$FilterObservation$SimpleFilterObservation.lambda$wrap$1(ObservationFilterChainDecorator.java:491) ~[spring-security-web-7.1.0.jar:7.1.0]
	at org.springframework.security.web.ObservationFilterChainDecorator$AroundFilterObservation$SimpleAroundFilterObservation.lambda$wrap$1(ObservationFilterChainDecorator.java:353) ~[spring-security-web-7.1.0.jar:7.1.0]
	at org.springframework.security.web.ObservationFilterChainDecorator.lambda$wrapSecured$0(ObservationFilterChainDecorator.java:84) ~[spring-security-web-7.1.0.jar:7.1.0]
	at org.springframework.security.web.ObservationFilterChainDecorator$VirtualFilterChain.doFilter(ObservationFilterChainDecorator.java:131) ~[spring-security-web-7.1.0.jar:7.1.0]
	at org.springframework.security.web.access.intercept.AuthorizationFilter.doFilter(AuthorizationFilter.java:101) ~[spring-security-web-7.1.0.jar:7.1.0]
	at org.springframework.security.web.ObservationFilterChainDecorator$ObservationFilter.wrapFilter(ObservationFilterChainDecorator.java:243) ~[spring-security-web-7.1.0.jar:7.1.0]
	at org.springframework.security.web.ObservationFilterChainDecorator$ObservationFilter.doFilter(ObservationFilterChainDecorator.java:230) ~[spring-security-web-7.1.0.jar:7.1.0]
	at org.springframework.security.web.ObservationFilterChainDecorator$VirtualFilterChain.doFilter(ObservationFilterChainDecorator.java:140) ~[spring-security-web-7.1.0.jar:7.1.0]
	at org.springframework.security.web.access.ExceptionTranslationFilter.doFilter(ExceptionTranslationFilter.java:126) ~[spring-security-web-7.1.0.jar:7.1.0]
	at org.springframework.security.web.access.ExceptionTranslationFilter.doFilter(ExceptionTranslationFilter.java:120) ~[spring-security-web-7.1.0.jar:7.1.0]
	at org.springframework.security.web.ObservationFilterChainDecorator$ObservationFilter.wrapFilter(ObservationFilterChainDecorator.java:243) ~[spring-security-web-7.1.0.jar:7.1.0]
	at org.springframework.security.web.ObservationFilterChainDecorator$ObservationFilter.doFilter(ObservationFilterChainDecorator.java:230) ~[spring-security-web-7.1.0.jar:7.1.0]
	at org.springframework.security.web.ObservationFilterChainDecorator$VirtualFilterChain.doFilter(ObservationFilterChainDecorator.java:140) ~[spring-security-web-7.1.0.jar:7.1.0]
	at org.springframework.security.web.session.SessionManagementFilter.doFilter(SessionManagementFilter.java:132) ~[spring-security-web-7.1.0.jar:7.1.0]
	at org.springframework.security.web.session.SessionManagementFilter.doFilter(SessionManagementFilter.java:86) ~[spring-security-web-7.1.0.jar:7.1.0]
	at org.springframework.security.web.ObservationFilterChainDecorator$ObservationFilter.wrapFilter(ObservationFilterChainDecorator.java:243) ~[spring-security-web-7.1.0.jar:7.1.0]
	at org.springframework.security.web.ObservationFilterChainDecorator$ObservationFilter.doFilter(ObservationFilterChainDecorator.java:230) ~[spring-security-web-7.1.0.jar:7.1.0]
	at org.springframework.security.web.ObservationFilterChainDecorator$VirtualFilterChain.doFilter(ObservationFilterChainDecorator.java:140) ~[spring-security-web-7.1.0.jar:7.1.0]
	at org.springframework.security.web.authentication.AnonymousAuthenticationFilter.doFilter(AnonymousAuthenticationFilter.java:100) ~[spring-security-web-7.1.0.jar:7.1.0]
	at org.springframework.security.web.ObservationFilterChainDecorator$ObservationFilter.wrapFilter(ObservationFilterChainDecorator.java:243) ~[spring-security-web-7.1.0.jar:7.1.0]
	at org.springframework.security.web.ObservationFilterChainDecorator$ObservationFilter.doFilter(ObservationFilterChainDecorator.java:230) ~[spring-security-web-7.1.0.jar:7.1.0]
	at org.springframework.security.web.ObservationFilterChainDecorator$VirtualFilterChain.doFilter(ObservationFilterChainDecorator.java:140) ~[spring-security-web-7.1.0.jar:7.1.0]
	at org.springframework.security.web.servletapi.SecurityContextHolderAwareRequestFilter.doFilter(SecurityContextHolderAwareRequestFilter.java:181) ~[spring-security-web-7.1.0.jar:7.1.0]
	at org.springframework.security.web.ObservationFilterChainDecorator$ObservationFilter.wrapFilter(ObservationFilterChainDecorator.java:243) ~[spring-security-web-7.1.0.jar:7.1.0]
	at org.springframework.security.web.ObservationFilterChainDecorator$ObservationFilter.doFilter(ObservationFilterChainDecorator.java:230) ~[spring-security-web-7.1.0.jar:7.1.0]
	at org.springframework.security.web.ObservationFilterChainDecorator$VirtualFilterChain.doFilter(ObservationFilterChainDecorator.java:140) ~[spring-security-web-7.1.0.jar:7.1.0]
	at org.springframework.security.web.savedrequest.RequestCacheAwareFilter.doFilter(RequestCacheAwareFilter.java:63) ~[spring-security-web-7.1.0.jar:7.1.0]
	at org.springframework.security.web.ObservationFilterChainDecorator$ObservationFilter.wrapFilter(ObservationFilterChainDecorator.java:243) ~[spring-security-web-7.1.0.jar:7.1.0]
	at org.springframework.security.web.ObservationFilterChainDecorator$ObservationFilter.doFilter(ObservationFilterChainDecorator.java:230) ~[spring-security-web-7.1.0.jar:7.1.0]
	at org.springframework.security.web.ObservationFilterChainDecorator$VirtualFilterChain.doFilter(ObservationFilterChainDecorator.java:140) ~[spring-security-web-7.1.0.jar:7.1.0]
	at org.springframework.security.oauth2.server.resource.web.authentication.BearerTokenAuthenticationFilter.doFilterInternal(BearerTokenAuthenticationFilter.java:174) ~[spring-security-oauth2-resource-server-7.1.0.jar:7.1.0]
	at org.springframework.web.filter.OncePerRequestFilter.doFilter(OncePerRequestFilter.java:116) ~[spring-web-7.0.8.jar:7.0.8]
	at org.springframework.security.web.ObservationFilterChainDecorator$ObservationFilter.wrapFilter(ObservationFilterChainDecorator.java:243) ~[spring-security-web-7.1.0.jar:7.1.0]
	at org.springframework.security.web.ObservationFilterChainDecorator$ObservationFilter.doFilter(ObservationFilterChainDecorator.java:230) ~[spring-security-web-7.1.0.jar:7.1.0]
	at org.springframework.security.web.ObservationFilterChainDecorator$VirtualFilterChain.doFilter(ObservationFilterChainDecorator.java:140) ~[spring-security-web-7.1.0.jar:7.1.0]
	at org.springframework.security.oauth2.server.resource.web.OAuth2ProtectedResourceMetadataFilter.doFilterInternal(OAuth2ProtectedResourceMetadataFilter.java:98) ~[spring-security-oauth2-resource-server-7.1.0.jar:7.1.0]
	at org.springframework.web.filter.OncePerRequestFilter.doFilter(OncePerRequestFilter.java:116) ~[spring-web-7.0.8.jar:7.0.8]
	at org.springframework.security.web.ObservationFilterChainDecorator$ObservationFilter.wrapFilter(ObservationFilterChainDecorator.java:243) ~[spring-security-web-7.1.0.jar:7.1.0]
	at org.springframework.security.web.ObservationFilterChainDecorator$ObservationFilter.doFilter(ObservationFilterChainDecorator.java:230) ~[spring-security-web-7.1.0.jar:7.1.0]
	at org.springframework.security.web.ObservationFilterChainDecorator$VirtualFilterChain.doFilter(ObservationFilterChainDecorator.java:140) ~[spring-security-web-7.1.0.jar:7.1.0]
	at org.springframework.security.web.authentication.logout.LogoutFilter.doFilter(LogoutFilter.java:110) ~[spring-security-web-7.1.0.jar:7.1.0]
	at org.springframework.security.web.authentication.logout.LogoutFilter.doFilter(LogoutFilter.java:96) ~[spring-security-web-7.1.0.jar:7.1.0]
	at org.springframework.security.web.ObservationFilterChainDecorator$ObservationFilter.wrapFilter(ObservationFilterChainDecorator.java:243) ~[spring-security-web-7.1.0.jar:7.1.0]
	at org.springframework.security.web.ObservationFilterChainDecorator$ObservationFilter.doFilter(ObservationFilterChainDecorator.java:230) ~[spring-security-web-7.1.0.jar:7.1.0]
	at org.springframework.security.web.ObservationFilterChainDecorator$VirtualFilterChain.doFilter(ObservationFilterChainDecorator.java:140) ~[spring-security-web-7.1.0.jar:7.1.0]
	at org.springframework.security.web.header.HeaderWriterFilter.doHeadersAfter(HeaderWriterFilter.java:90) ~[spring-security-web-7.1.0.jar:7.1.0]
	at org.springframework.security.web.header.HeaderWriterFilter.doFilterInternal(HeaderWriterFilter.java:75) ~[spring-security-web-7.1.0.jar:7.1.0]
	at org.springframework.web.filter.OncePerRequestFilter.doFilter(OncePerRequestFilter.java:116) ~[spring-web-7.0.8.jar:7.0.8]
	at org.springframework.security.web.ObservationFilterChainDecorator$ObservationFilter.wrapFilter(ObservationFilterChainDecorator.java:243) ~[spring-security-web-7.1.0.jar:7.1.0]
	at org.springframework.security.web.ObservationFilterChainDecorator$ObservationFilter.doFilter(ObservationFilterChainDecorator.java:230) ~[spring-security-web-7.1.0.jar:7.1.0]
	at org.springframework.security.web.ObservationFilterChainDecorator$VirtualFilterChain.doFilter(ObservationFilterChainDecorator.java:140) ~[spring-security-web-7.1.0.jar:7.1.0]
	at org.springframework.security.web.context.SecurityContextHolderFilter.doFilter(SecurityContextHolderFilter.java:82) ~[spring-security-web-7.1.0.jar:7.1.0]
	at org.springframework.security.web.context.SecurityContextHolderFilter.doFilter(SecurityContextHolderFilter.java:69) ~[spring-security-web-7.1.0.jar:7.1.0]
	at org.springframework.security.web.ObservationFilterChainDecorator$ObservationFilter.wrapFilter(ObservationFilterChainDecorator.java:243) ~[spring-security-web-7.1.0.jar:7.1.0]
	at org.springframework.security.web.ObservationFilterChainDecorator$ObservationFilter.doFilter(ObservationFilterChainDecorator.java:230) ~[spring-security-web-7.1.0.jar:7.1.0]
	at org.springframework.security.web.ObservationFilterChainDecorator$VirtualFilterChain.doFilter(ObservationFilterChainDecorator.java:140) ~[spring-security-web-7.1.0.jar:7.1.0]
	at org.springframework.security.web.context.request.async.WebAsyncManagerIntegrationFilter.doFilterInternal(WebAsyncManagerIntegrationFilter.java:62) ~[spring-security-web-7.1.0.jar:7.1.0]
	at org.springframework.web.filter.OncePerRequestFilter.doFilter(OncePerRequestFilter.java:116) ~[spring-web-7.0.8.jar:7.0.8]
	at org.springframework.security.web.ObservationFilterChainDecorator$ObservationFilter.wrapFilter(ObservationFilterChainDecorator.java:243) ~[spring-security-web-7.1.0.jar:7.1.0]
	at org.springframework.security.web.ObservationFilterChainDecorator$ObservationFilter.doFilter(ObservationFilterChainDecorator.java:230) ~[spring-security-web-7.1.0.jar:7.1.0]
	at org.springframework.security.web.ObservationFilterChainDecorator$VirtualFilterChain.doFilter(ObservationFilterChainDecorator.java:140) ~[spring-security-web-7.1.0.jar:7.1.0]
	at org.springframework.security.web.session.DisableEncodeUrlFilter.doFilterInternal(DisableEncodeUrlFilter.java:42) ~[spring-security-web-7.1.0.jar:7.1.0]
	at org.springframework.web.filter.OncePerRequestFilter.doFilter(OncePerRequestFilter.java:116) ~[spring-web-7.0.8.jar:7.0.8]
	at org.springframework.security.web.ObservationFilterChainDecorator$ObservationFilter.wrapFilter(ObservationFilterChainDecorator.java:243) ~[spring-security-web-7.1.0.jar:7.1.0]
	at org.springframework.security.web.ObservationFilterChainDecorator$AroundFilterObservation$SimpleAroundFilterObservation.lambda$wrap$0(ObservationFilterChainDecorator.java:336) ~[spring-security-web-7.1.0.jar:7.1.0]
	at org.springframework.security.web.ObservationFilterChainDecorator$ObservationFilter.doFilter(ObservationFilterChainDecorator.java:227) ~[spring-security-web-7.1.0.jar:7.1.0]
	at org.springframework.security.web.ObservationFilterChainDecorator$VirtualFilterChain.doFilter(ObservationFilterChainDecorator.java:140) ~[spring-security-web-7.1.0.jar:7.1.0]
	at org.springframework.security.web.FilterChainProxy.doFilterInternal(FilterChainProxy.java:237) ~[spring-security-web-7.1.0.jar:7.1.0]
	at org.springframework.security.web.FilterChainProxy.doFilter(FilterChainProxy.java:195) ~[spring-security-web-7.1.0.jar:7.1.0]
	at org.springframework.web.filter.CompositeFilter$VirtualFilterChain.doFilter(CompositeFilter.java:113) ~[spring-web-7.0.8.jar:7.0.8]
	at org.springframework.web.filter.ServletRequestPathFilter.doFilter(ServletRequestPathFilter.java:52) ~[spring-web-7.0.8.jar:7.0.8]
	at org.springframework.web.filter.CompositeFilter$VirtualFilterChain.doFilter(CompositeFilter.java:113) ~[spring-web-7.0.8.jar:7.0.8]
	at org.springframework.web.filter.CompositeFilter.doFilter(CompositeFilter.java:74) ~[spring-web-7.0.8.jar:7.0.8]
	at org.springframework.security.config.annotation.web.configuration.WebSecurityConfiguration$CompositeFilterChainProxy.doFilter(WebSecurityConfiguration.java:317) ~[spring-security-config-7.1.0.jar:7.1.0]
	at org.springframework.web.filter.DelegatingFilterProxy.invokeDelegate(DelegatingFilterProxy.java:355) ~[spring-web-7.0.8.jar:7.0.8]
	at org.springframework.web.filter.DelegatingFilterProxy.doFilter(DelegatingFilterProxy.java:272) ~[spring-web-7.0.8.jar:7.0.8]
	at org.apache.catalina.core.ApplicationFilterChain.doFilter(ApplicationFilterChain.java:107) ~[tomcat-embed-core-11.0.22.jar:11.0.22]
	at org.springframework.web.filter.RequestContextFilter.doFilterInternal(RequestContextFilter.java:100) ~[spring-web-7.0.8.jar:7.0.8]
	at org.springframework.web.filter.OncePerRequestFilter.doFilter(OncePerRequestFilter.java:116) ~[spring-web-7.0.8.jar:7.0.8]
	at org.apache.catalina.core.ApplicationFilterChain.doFilter(ApplicationFilterChain.java:107) ~[tomcat-embed-core-11.0.22.jar:11.0.22]
	at org.springframework.web.filter.FormContentFilter.doFilterInternal(FormContentFilter.java:93) ~[spring-web-7.0.8.jar:7.0.8]
	at org.springframework.web.filter.OncePerRequestFilter.doFilter(OncePerRequestFilter.java:116) ~[spring-web-7.0.8.jar:7.0.8]
	at org.apache.catalina.core.ApplicationFilterChain.doFilter(ApplicationFilterChain.java:107) ~[tomcat-embed-core-11.0.22.jar:11.0.22]
	at org.springframework.web.filter.ServerHttpObservationFilter.doFilterInternal(ServerHttpObservationFilter.java:110) ~[spring-web-7.0.8.jar:7.0.8]
	at org.springframework.web.filter.OncePerRequestFilter.doFilter(OncePerRequestFilter.java:116) ~[spring-web-7.0.8.jar:7.0.8]
	at org.apache.catalina.core.ApplicationFilterChain.doFilter(ApplicationFilterChain.java:107) ~[tomcat-embed-core-11.0.22.jar:11.0.22]
	at org.springframework.web.filter.CharacterEncodingFilter.doFilterInternal(CharacterEncodingFilter.java:199) ~[spring-web-7.0.8.jar:7.0.8]
	at org.springframework.web.filter.OncePerRequestFilter.doFilter(OncePerRequestFilter.java:116) ~[spring-web-7.0.8.jar:7.0.8]
	at org.apache.catalina.core.ApplicationFilterChain.doFilter(ApplicationFilterChain.java:107) ~[tomcat-embed-core-11.0.22.jar:11.0.22]
	at org.apache.catalina.core.StandardWrapperValve.invoke(StandardWrapperValve.java:165) ~[tomcat-embed-core-11.0.22.jar:11.0.22]
	at org.apache.catalina.core.StandardContextValve.invoke(StandardContextValve.java:77) ~[tomcat-embed-core-11.0.22.jar:11.0.22]
	at org.apache.catalina.authenticator.AuthenticatorBase.invoke(AuthenticatorBase.java:492) ~[tomcat-embed-core-11.0.22.jar:11.0.22]
	at org.apache.catalina.core.StandardHostValve.invoke(StandardHostValve.java:113) ~[tomcat-embed-core-11.0.22.jar:11.0.22]
	at org.apache.catalina.valves.ErrorReportValve.invoke(ErrorReportValve.java:83) ~[tomcat-embed-core-11.0.22.jar:11.0.22]
	at org.apache.catalina.core.StandardEngineValve.invoke(StandardEngineValve.java:72) ~[tomcat-embed-core-11.0.22.jar:11.0.22]
	at org.apache.catalina.connector.CoyoteAdapter.service(CoyoteAdapter.java:341) ~[tomcat-embed-core-11.0.22.jar:11.0.22]
	at org.apache.coyote.http11.Http11Processor.service(Http11Processor.java:397) ~[tomcat-embed-core-11.0.22.jar:11.0.22]
	at org.apache.coyote.AbstractProcessorLight.process(AbstractProcessorLight.java:63) ~[tomcat-embed-core-11.0.22.jar:11.0.22]
	at org.apache.coyote.AbstractProtocol$ConnectionHandler.process(AbstractProtocol.java:1272) ~[tomcat-embed-core-11.0.22.jar:11.0.22]
	at org.apache.tomcat.util.net.NioEndpoint$SocketProcessor.doRun(NioEndpoint.java:1801) ~[tomcat-embed-core-11.0.22.jar:11.0.22]
	at org.apache.tomcat.util.net.SocketProcessorBase.run(SocketProcessorBase.java:52) ~[tomcat-embed-core-11.0.22.jar:11.0.22]
	at org.apache.tomcat.util.threads.ThreadPoolExecutor.runWorker(ThreadPoolExecutor.java:946) ~[tomcat-embed-core-11.0.22.jar:11.0.22]
	at org.apache.tomcat.util.threads.ThreadPoolExecutor$Worker.run(ThreadPoolExecutor.java:480) ~[tomcat-embed-core-11.0.22.jar:11.0.22]
	at org.apache.tomcat.util.threads.TaskThread$WrappingRunnable.run(TaskThread.java:57) ~[tomcat-embed-core-11.0.22.jar:11.0.22]
	at java.base/java.lang.Thread.run(Thread.java:1583) ~[na:na]

2026-09-07T15:28:23.022-03:00  INFO 13644 --- [ProjetoSpringBoot] [http-nio-8080-exec-8] [traceId=eda5405f2f34dc0ba7425205f3a24e29 spanId=41a28d12295d019b eventoId=sem-evento] b.c.e.p.service.EventoOutboxService      : Evento registrado na Outbox: eventoId=921bab0f-9ffa-4515-95b1-df1e849ee5b7, pedidoId=181
2026-09-07T15:28:23.022-03:00  INFO 13644 --- [ProjetoSpringBoot] [http-nio-8080-exec-8] [traceId=eda5405f2f34dc0ba7425205f3a24e29 spanId=f79257491513d443 eventoId=sem-evento] b.c.e.p.service.PedidoService            : Pedido persistido com evento na Outbox: pedidoId=181
2026-09-07T15:28:23.026-03:00  INFO 13644 --- [ProjetoSpringBoot] [http-nio-8080-exec-8] [traceId=eda5405f2f34dc0ba7425205f3a24e29 spanId=667f7654ef5c2ede eventoId=sem-evento] b.c.e.p.controller.PedidoController      : Pedido criado: pedidoId=181
2026-09-07T15:28:23.101-03:00  INFO 13644 --- [ProjetoSpringBoot] [jobs-aplicacao-1] [traceId=4a07fa232b48cd65f5d570d544c8f50e spanId=a0ae02a05e00f5a2 eventoId=sem-evento] b.c.e.p.messaging.job.EventoOutboxJob    : Outbox: encontrados 1 evento(s) pendente(s)
2026-09-07T15:28:23.241-03:00  INFO 13644 --- [ProjetoSpringBoot] [jobs-aplicacao-1] [traceId=eda5405f2f34dc0ba7425205f3a24e29 spanId=c1ffd93a6553f23e eventoId=921bab0f-9ffa-4515-95b1-df1e849ee5b7] b.c.e.p.s.PublicadorEventoOutboxService  : Evento Outbox publicado: outboxId=180
2026-09-07T15:28:23.246-03:00  INFO 13644 --- [ProjetoSpringBoot] [org.springframework.kafka.KafkaListenerEndpointContainer#1-0-C-1] [traceId=eda5405f2f34dc0ba7425205f3a24e29 spanId=7db65e6f59b158f3 eventoId=921bab0f-9ffa-4515-95b1-df1e849ee5b7] b.c.e.p.m.c.NotificacaoPedidoConsumer    : Notificacao Processada: topico=pedidos-criados, particao=1, offset=336, chave=181, pedidoId=181, clienteId=7, valor=555.55
2026-09-07T15:28:23.259-03:00  INFO 13644 --- [ProjetoSpringBoot] [org.springframework.kafka.KafkaListenerEndpointContainer#0-0-C-1] [traceId=eda5405f2f34dc0ba7425205f3a24e29 spanId=13ae01bf7af223f9 eventoId=921bab0f-9ffa-4515-95b1-df1e849ee5b7] b.c.e.p.service.EstoqueService           : SIMULAÇÃO: efeito de estoque executado para eventoId=921bab0f-9ffa-4515-95b1-df1e849ee5b7, pedidoId=181
2026-09-07T15:28:23.267-03:00  INFO 13644 --- [ProjetoSpringBoot] [org.springframework.kafka.KafkaListenerEndpointContainer#0-0-C-1] [traceId=eda5405f2f34dc0ba7425205f3a24e29 spanId=13ae01bf7af223f9 eventoId=921bab0f-9ffa-4515-95b1-df1e849ee5b7] b.c.e.p.m.c.EstoquePedidoConsumer        : Estoque concluído: topico=pedidos-criados, particao=1, offset=336, pedidoId=181, processadoAgora=true
2026-09-07T15:28:32.553-03:00  INFO 13644 --- [ProjetoSpringBoot] [http-nio-8080-exec-5] [traceId=c5393939f44eda9a816dbdf4daf0a975 spanId=5d905572cbd3280d eventoId=sem-evento] b.c.e.p.controller.PedidoController      : Listagem de pedidos solicitada
2026-09-07T15:28:32.592-03:00  INFO 13644 --- [ProjetoSpringBoot] [http-nio-8080-exec-5] [traceId=c5393939f44eda9a816dbdf4daf0a975 spanId=eedbd9440615f68b eventoId=sem-evento] b.c.e.p.service.PedidoService            : Pedidos consultados: quantidade=180
2026-09-07T15:29:51.626-03:00  INFO 13644 --- [ProjetoSpringBoot] [http-nio-8080-exec-4] [traceId=f859d25830f64dc371104959fd55e45b spanId=0b5ec9cb45ea4805 eventoId=sem-evento] b.c.e.p.c.AnexoPedidoController          : Upload de anexo solicitado: pedidoId=181, nome=anexo-s3-teste.txt, tamanhoBytes=53
2026-09-07T15:29:52.445-03:00  INFO 13644 --- [ProjetoSpringBoot] [http-nio-8080-exec-4] [traceId=f859d25830f64dc371104959fd55e45b spanId=887ba180fbef441c eventoId=sem-evento] b.c.e.p.service.AnexoPedidoService       : Anexo armazenado: pedidoId=181, anexoId=1, objectKey=pedidos/181/anexos/ffde7e5f-373e-4055-9f87-3616d7e784e3, tamanhoBytes=53
2026-09-07T15:31:09.512-03:00  INFO 13644 --- [ProjetoSpringBoot] [http-nio-8080-exec-1] [traceId=c05646cfa1ba7e600bbf1806c339edb3 spanId=29d48712143afef5 eventoId=sem-evento] b.c.e.p.c.RelatorioPedidoController      : Geração de relatório solicitada: pedidoId=181
2026-09-07T15:31:09.595-03:00  INFO 13644 --- [ProjetoSpringBoot] [http-nio-8080-exec-1] [traceId=c05646cfa1ba7e600bbf1806c339edb3 spanId=29d48712143afef5 eventoId=sem-evento] b.c.e.p.m.p.RelatorioPedidoSqsProducer   : Solicitação de relatório enviada ao SQS: solicitacaoId=ff7f34c7-0429-4546-96ee-b25ebf31c95d, pedidoId=181, messageId=b7062222-61a2-43e9-a9c5-6e6292a26051
2026-09-07T15:31:09.596-03:00  INFO 13644 --- [ProjetoSpringBoot] [http-nio-8080-exec-1] [traceId=c05646cfa1ba7e600bbf1806c339edb3 spanId=29d48712143afef5 eventoId=sem-evento] b.c.e.p.service.RelatorioPedidoService   : Relatório solicitado: relatorioId=1, pedidoId=181, solicitacaoId=ff7f34c7-0429-4546-96ee-b25ebf31c95d, messageId=b7062222-61a2-43e9-a9c5-6e6292a26051
2026-09-07T15:31:14.025-03:00  INFO 13644 --- [ProjetoSpringBoot] [sqs-relatorios-2] [traceId=406a04f64511a46a5707d33406d37c4a spanId=c8ae6f3c736c95a7 eventoId=sem-evento] b.c.e.p.m.c.RelatorioPedidoSqsConsumer   : Mensagem SQS recebida: messageId=b7062222-61a2-43e9-a9c5-6e6292a26051, solicitacaoId=ff7f34c7-0429-4546-96ee-b25ebf31c95d, recebimento=1
2026-09-07T15:31:14.440-03:00  INFO 13644 --- [ProjetoSpringBoot] [sqs-relatorios-2] [traceId=406a04f64511a46a5707d33406d37c4a spanId=c8ae6f3c736c95a7 eventoId=sem-evento] b.c.e.p.m.p.RelatorioPedidoSnsPublisher  : Evento publicado no SNS: eventoId=5c04a35d-20fa-4266-9b23-696a04b721b4, pedidoId=181, messageId=23e77fe8-0a86-5afa-bc7a-1cf10fb49dd0
2026-09-07T15:31:14.440-03:00  INFO 13644 --- [ProjetoSpringBoot] [sqs-relatorios-2] [traceId=406a04f64511a46a5707d33406d37c4a spanId=c8ae6f3c736c95a7 eventoId=sem-evento] .e.p.s.ProcessadorRelatorioPedidoService : Relatório concluído: relatorioId=1, pedidoId=181, objectKey=pedidos/181/relatorios/ff7f34c7-0429-4546-96ee-b25ebf31c95d.pdf, tamanhoBytes=1417
2026-09-07T15:31:14.480-03:00  INFO 13644 --- [ProjetoSpringBoot] [sqs-relatorios-1] [traceId=93080fe0ab41fae3e3d7ab9b98aa47b4 spanId=379bfa6e6fdfcd82 eventoId=sem-evento] b.c.e.p.s.AuditoriaRelatorioService      : Auditoria de relatório registrada: eventoId=5c04a35d-20fa-4266-9b23-696a04b721b4, relatorioId=1, pedidoId=181
2026-09-07T15:31:14.499-03:00  INFO 13644 --- [ProjetoSpringBoot] [sqs-relatorios-1] [traceId=93080fe0ab41fae3e3d7ab9b98aa47b4 spanId=379bfa6e6fdfcd82 eventoId=sem-evento] .c.e.p.m.c.AuditoriaRelatorioSqsConsumer : Evento removido da fila de auditoria: messageId=00e59680-0877-4ed0-a68c-9ba02f801eb6, eventoId=5c04a35d-20fa-4266-9b23-696a04b721b4
2026-09-07T15:32:03.317-03:00  INFO 13644 --- [ProjetoSpringBoot] [http-nio-8080-exec-8] [traceId=49bf257a8f02e5e05292189a27641845 spanId=a38b9a266b7bcfe4 eventoId=sem-evento] b.c.e.p.service.RelatorioPedidoService   : URL temporária de relatório gerada: pedidoId=181, relatorioId=1, expiraEm=2026-09-07T18:37:03.302921600Z
2026-09-07T15:52:18.521-03:00 ERROR 13644 --- [ProjetoSpringBoot] [http-nio-8080-exec-7] [traceId=2af6449026a3378082efc04ff52ad941 spanId=52db7d0e08ff9190 eventoId=sem-evento] b.c.e.p.e.GlobalExceptionHandler         : Erro não tratado ao processar /ProjetoSpringBoot/actuator/metrics/

org.springframework.web.servlet.resource.NoResourceFoundException: No static resource actuator/metrics for request '/ProjetoSpringBoot/actuator/metrics/'.
	at org.springframework.web.servlet.resource.ResourceHttpRequestHandler.handleRequest(ResourceHttpRequestHandler.java:527) ~[spring-webmvc-7.0.8.jar:7.0.8]
	at org.springframework.web.servlet.mvc.HttpRequestHandlerAdapter.handle(HttpRequestHandlerAdapter.java:50) ~[spring-webmvc-7.0.8.jar:7.0.8]
	at org.springframework.web.servlet.DispatcherServlet.doDispatch(DispatcherServlet.java:963) ~[spring-webmvc-7.0.8.jar:7.0.8]
	at org.springframework.web.servlet.DispatcherServlet.doService(DispatcherServlet.java:866) ~[spring-webmvc-7.0.8.jar:7.0.8]
	at org.springframework.web.servlet.FrameworkServlet.processRequest(FrameworkServlet.java:1000) ~[spring-webmvc-7.0.8.jar:7.0.8]
	at org.springframework.web.servlet.FrameworkServlet.doGet(FrameworkServlet.java:892) ~[spring-webmvc-7.0.8.jar:7.0.8]
	at jakarta.servlet.http.HttpServlet.service(HttpServlet.java:622) ~[tomcat-embed-core-11.0.22.jar:6.1]
	at org.springframework.web.servlet.FrameworkServlet.service(FrameworkServlet.java:874) ~[spring-webmvc-7.0.8.jar:7.0.8]
	at jakarta.servlet.http.HttpServlet.service(HttpServlet.java:710) ~[tomcat-embed-core-11.0.22.jar:6.1]
	at org.apache.catalina.core.ApplicationFilterChain.doFilter(ApplicationFilterChain.java:128) ~[tomcat-embed-core-11.0.22.jar:11.0.22]
	at org.apache.tomcat.websocket.server.WsFilter.doFilter(WsFilter.java:53) ~[tomcat-embed-websocket-11.0.22.jar:11.0.22]
	at org.apache.catalina.core.ApplicationFilterChain.doFilter(ApplicationFilterChain.java:107) ~[tomcat-embed-core-11.0.22.jar:11.0.22]
	at org.springframework.web.filter.CompositeFilter$VirtualFilterChain.doFilter(CompositeFilter.java:108) ~[spring-web-7.0.8.jar:7.0.8]
	at org.springframework.security.web.FilterChainProxy.lambda$doFilterInternal$2(FilterChainProxy.java:235) ~[spring-security-web-7.1.0.jar:7.1.0]
	at org.springframework.security.web.ObservationFilterChainDecorator$FilterObservation$SimpleFilterObservation.lambda$wrap$1(ObservationFilterChainDecorator.java:491) ~[spring-security-web-7.1.0.jar:7.1.0]
	at org.springframework.security.web.ObservationFilterChainDecorator$AroundFilterObservation$SimpleAroundFilterObservation.lambda$wrap$1(ObservationFilterChainDecorator.java:353) ~[spring-security-web-7.1.0.jar:7.1.0]
	at org.springframework.security.web.ObservationFilterChainDecorator.lambda$wrapSecured$0(ObservationFilterChainDecorator.java:84) ~[spring-security-web-7.1.0.jar:7.1.0]
	at org.springframework.security.web.ObservationFilterChainDecorator$VirtualFilterChain.doFilter(ObservationFilterChainDecorator.java:131) ~[spring-security-web-7.1.0.jar:7.1.0]
	at org.springframework.security.web.access.intercept.AuthorizationFilter.doFilter(AuthorizationFilter.java:101) ~[spring-security-web-7.1.0.jar:7.1.0]
	at org.springframework.security.web.ObservationFilterChainDecorator$ObservationFilter.wrapFilter(ObservationFilterChainDecorator.java:243) ~[spring-security-web-7.1.0.jar:7.1.0]
	at org.springframework.security.web.ObservationFilterChainDecorator$ObservationFilter.doFilter(ObservationFilterChainDecorator.java:230) ~[spring-security-web-7.1.0.jar:7.1.0]
	at org.springframework.security.web.ObservationFilterChainDecorator$VirtualFilterChain.doFilter(ObservationFilterChainDecorator.java:140) ~[spring-security-web-7.1.0.jar:7.1.0]
	at org.springframework.security.web.access.ExceptionTranslationFilter.doFilter(ExceptionTranslationFilter.java:126) ~[spring-security-web-7.1.0.jar:7.1.0]
	at org.springframework.security.web.access.ExceptionTranslationFilter.doFilter(ExceptionTranslationFilter.java:120) ~[spring-security-web-7.1.0.jar:7.1.0]
	at org.springframework.security.web.ObservationFilterChainDecorator$ObservationFilter.wrapFilter(ObservationFilterChainDecorator.java:243) ~[spring-security-web-7.1.0.jar:7.1.0]
	at org.springframework.security.web.ObservationFilterChainDecorator$ObservationFilter.doFilter(ObservationFilterChainDecorator.java:230) ~[spring-security-web-7.1.0.jar:7.1.0]
	at org.springframework.security.web.ObservationFilterChainDecorator$VirtualFilterChain.doFilter(ObservationFilterChainDecorator.java:140) ~[spring-security-web-7.1.0.jar:7.1.0]
	at org.springframework.security.web.session.SessionManagementFilter.doFilter(SessionManagementFilter.java:132) ~[spring-security-web-7.1.0.jar:7.1.0]
	at org.springframework.security.web.session.SessionManagementFilter.doFilter(SessionManagementFilter.java:86) ~[spring-security-web-7.1.0.jar:7.1.0]
	at org.springframework.security.web.ObservationFilterChainDecorator$ObservationFilter.wrapFilter(ObservationFilterChainDecorator.java:243) ~[spring-security-web-7.1.0.jar:7.1.0]
	at org.springframework.security.web.ObservationFilterChainDecorator$ObservationFilter.doFilter(ObservationFilterChainDecorator.java:230) ~[spring-security-web-7.1.0.jar:7.1.0]
	at org.springframework.security.web.ObservationFilterChainDecorator$VirtualFilterChain.doFilter(ObservationFilterChainDecorator.java:140) ~[spring-security-web-7.1.0.jar:7.1.0]
	at org.springframework.security.web.authentication.AnonymousAuthenticationFilter.doFilter(AnonymousAuthenticationFilter.java:100) ~[spring-security-web-7.1.0.jar:7.1.0]
	at org.springframework.security.web.ObservationFilterChainDecorator$ObservationFilter.wrapFilter(ObservationFilterChainDecorator.java:243) ~[spring-security-web-7.1.0.jar:7.1.0]
	at org.springframework.security.web.ObservationFilterChainDecorator$ObservationFilter.doFilter(ObservationFilterChainDecorator.java:230) ~[spring-security-web-7.1.0.jar:7.1.0]
	at org.springframework.security.web.ObservationFilterChainDecorator$VirtualFilterChain.doFilter(ObservationFilterChainDecorator.java:140) ~[spring-security-web-7.1.0.jar:7.1.0]
	at org.springframework.security.web.servletapi.SecurityContextHolderAwareRequestFilter.doFilter(SecurityContextHolderAwareRequestFilter.java:181) ~[spring-security-web-7.1.0.jar:7.1.0]
	at org.springframework.security.web.ObservationFilterChainDecorator$ObservationFilter.wrapFilter(ObservationFilterChainDecorator.java:243) ~[spring-security-web-7.1.0.jar:7.1.0]
	at org.springframework.security.web.ObservationFilterChainDecorator$ObservationFilter.doFilter(ObservationFilterChainDecorator.java:230) ~[spring-security-web-7.1.0.jar:7.1.0]
	at org.springframework.security.web.ObservationFilterChainDecorator$VirtualFilterChain.doFilter(ObservationFilterChainDecorator.java:140) ~[spring-security-web-7.1.0.jar:7.1.0]
	at org.springframework.security.web.savedrequest.RequestCacheAwareFilter.doFilter(RequestCacheAwareFilter.java:63) ~[spring-security-web-7.1.0.jar:7.1.0]
	at org.springframework.security.web.ObservationFilterChainDecorator$ObservationFilter.wrapFilter(ObservationFilterChainDecorator.java:243) ~[spring-security-web-7.1.0.jar:7.1.0]
	at org.springframework.security.web.ObservationFilterChainDecorator$ObservationFilter.doFilter(ObservationFilterChainDecorator.java:230) ~[spring-security-web-7.1.0.jar:7.1.0]
	at org.springframework.security.web.ObservationFilterChainDecorator$VirtualFilterChain.doFilter(ObservationFilterChainDecorator.java:140) ~[spring-security-web-7.1.0.jar:7.1.0]
	at org.springframework.security.oauth2.server.resource.web.authentication.BearerTokenAuthenticationFilter.doFilterInternal(BearerTokenAuthenticationFilter.java:207) ~[spring-security-oauth2-resource-server-7.1.0.jar:7.1.0]
	at org.springframework.web.filter.OncePerRequestFilter.doFilter(OncePerRequestFilter.java:116) ~[spring-web-7.0.8.jar:7.0.8]
	at org.springframework.security.web.ObservationFilterChainDecorator$ObservationFilter.wrapFilter(ObservationFilterChainDecorator.java:243) ~[spring-security-web-7.1.0.jar:7.1.0]
	at org.springframework.security.web.ObservationFilterChainDecorator$ObservationFilter.doFilter(ObservationFilterChainDecorator.java:230) ~[spring-security-web-7.1.0.jar:7.1.0]
	at org.springframework.security.web.ObservationFilterChainDecorator$VirtualFilterChain.doFilter(ObservationFilterChainDecorator.java:140) ~[spring-security-web-7.1.0.jar:7.1.0]
	at org.springframework.security.oauth2.server.resource.web.OAuth2ProtectedResourceMetadataFilter.doFilterInternal(OAuth2ProtectedResourceMetadataFilter.java:98) ~[spring-security-oauth2-resource-server-7.1.0.jar:7.1.0]
	at org.springframework.web.filter.OncePerRequestFilter.doFilter(OncePerRequestFilter.java:116) ~[spring-web-7.0.8.jar:7.0.8]
	at org.springframework.security.web.ObservationFilterChainDecorator$ObservationFilter.wrapFilter(ObservationFilterChainDecorator.java:243) ~[spring-security-web-7.1.0.jar:7.1.0]
	at org.springframework.security.web.ObservationFilterChainDecorator$ObservationFilter.doFilter(ObservationFilterChainDecorator.java:230) ~[spring-security-web-7.1.0.jar:7.1.0]
	at org.springframework.security.web.ObservationFilterChainDecorator$VirtualFilterChain.doFilter(ObservationFilterChainDecorator.java:140) ~[spring-security-web-7.1.0.jar:7.1.0]
	at org.springframework.security.web.authentication.logout.LogoutFilter.doFilter(LogoutFilter.java:110) ~[spring-security-web-7.1.0.jar:7.1.0]
	at org.springframework.security.web.authentication.logout.LogoutFilter.doFilter(LogoutFilter.java:96) ~[spring-security-web-7.1.0.jar:7.1.0]
	at org.springframework.security.web.ObservationFilterChainDecorator$ObservationFilter.wrapFilter(ObservationFilterChainDecorator.java:243) ~[spring-security-web-7.1.0.jar:7.1.0]
	at org.springframework.security.web.ObservationFilterChainDecorator$ObservationFilter.doFilter(ObservationFilterChainDecorator.java:230) ~[spring-security-web-7.1.0.jar:7.1.0]
	at org.springframework.security.web.ObservationFilterChainDecorator$VirtualFilterChain.doFilter(ObservationFilterChainDecorator.java:140) ~[spring-security-web-7.1.0.jar:7.1.0]
	at org.springframework.security.web.header.HeaderWriterFilter.doHeadersAfter(HeaderWriterFilter.java:90) ~[spring-security-web-7.1.0.jar:7.1.0]
	at org.springframework.security.web.header.HeaderWriterFilter.doFilterInternal(HeaderWriterFilter.java:75) ~[spring-security-web-7.1.0.jar:7.1.0]
	at org.springframework.web.filter.OncePerRequestFilter.doFilter(OncePerRequestFilter.java:116) ~[spring-web-7.0.8.jar:7.0.8]
	at org.springframework.security.web.ObservationFilterChainDecorator$ObservationFilter.wrapFilter(ObservationFilterChainDecorator.java:243) ~[spring-security-web-7.1.0.jar:7.1.0]
	at org.springframework.security.web.ObservationFilterChainDecorator$ObservationFilter.doFilter(ObservationFilterChainDecorator.java:230) ~[spring-security-web-7.1.0.jar:7.1.0]
	at org.springframework.security.web.ObservationFilterChainDecorator$VirtualFilterChain.doFilter(ObservationFilterChainDecorator.java:140) ~[spring-security-web-7.1.0.jar:7.1.0]
	at org.springframework.security.web.context.SecurityContextHolderFilter.doFilter(SecurityContextHolderFilter.java:82) ~[spring-security-web-7.1.0.jar:7.1.0]
	at org.springframework.security.web.context.SecurityContextHolderFilter.doFilter(SecurityContextHolderFilter.java:69) ~[spring-security-web-7.1.0.jar:7.1.0]
	at org.springframework.security.web.ObservationFilterChainDecorator$ObservationFilter.wrapFilter(ObservationFilterChainDecorator.java:243) ~[spring-security-web-7.1.0.jar:7.1.0]
	at org.springframework.security.web.ObservationFilterChainDecorator$ObservationFilter.doFilter(ObservationFilterChainDecorator.java:230) ~[spring-security-web-7.1.0.jar:7.1.0]
	at org.springframework.security.web.ObservationFilterChainDecorator$VirtualFilterChain.doFilter(ObservationFilterChainDecorator.java:140) ~[spring-security-web-7.1.0.jar:7.1.0]
	at org.springframework.security.web.context.request.async.WebAsyncManagerIntegrationFilter.doFilterInternal(WebAsyncManagerIntegrationFilter.java:62) ~[spring-security-web-7.1.0.jar:7.1.0]
	at org.springframework.web.filter.OncePerRequestFilter.doFilter(OncePerRequestFilter.java:116) ~[spring-web-7.0.8.jar:7.0.8]
	at org.springframework.security.web.ObservationFilterChainDecorator$ObservationFilter.wrapFilter(ObservationFilterChainDecorator.java:243) ~[spring-security-web-7.1.0.jar:7.1.0]
	at org.springframework.security.web.ObservationFilterChainDecorator$ObservationFilter.doFilter(ObservationFilterChainDecorator.java:230) ~[spring-security-web-7.1.0.jar:7.1.0]
	at org.springframework.security.web.ObservationFilterChainDecorator$VirtualFilterChain.doFilter(ObservationFilterChainDecorator.java:140) ~[spring-security-web-7.1.0.jar:7.1.0]
	at org.springframework.security.web.session.DisableEncodeUrlFilter.doFilterInternal(DisableEncodeUrlFilter.java:42) ~[spring-security-web-7.1.0.jar:7.1.0]
	at org.springframework.web.filter.OncePerRequestFilter.doFilter(OncePerRequestFilter.java:116) ~[spring-web-7.0.8.jar:7.0.8]
	at org.springframework.security.web.ObservationFilterChainDecorator$ObservationFilter.wrapFilter(ObservationFilterChainDecorator.java:243) ~[spring-security-web-7.1.0.jar:7.1.0]
	at org.springframework.security.web.ObservationFilterChainDecorator$AroundFilterObservation$SimpleAroundFilterObservation.lambda$wrap$0(ObservationFilterChainDecorator.java:336) ~[spring-security-web-7.1.0.jar:7.1.0]
	at org.springframework.security.web.ObservationFilterChainDecorator$ObservationFilter.doFilter(ObservationFilterChainDecorator.java:227) ~[spring-security-web-7.1.0.jar:7.1.0]
	at org.springframework.security.web.ObservationFilterChainDecorator$VirtualFilterChain.doFilter(ObservationFilterChainDecorator.java:140) ~[spring-security-web-7.1.0.jar:7.1.0]
	at org.springframework.security.web.FilterChainProxy.doFilterInternal(FilterChainProxy.java:237) ~[spring-security-web-7.1.0.jar:7.1.0]
	at org.springframework.security.web.FilterChainProxy.doFilter(FilterChainProxy.java:195) ~[spring-security-web-7.1.0.jar:7.1.0]
	at org.springframework.web.filter.CompositeFilter$VirtualFilterChain.doFilter(CompositeFilter.java:113) ~[spring-web-7.0.8.jar:7.0.8]
	at org.springframework.web.filter.ServletRequestPathFilter.doFilter(ServletRequestPathFilter.java:52) ~[spring-web-7.0.8.jar:7.0.8]
	at org.springframework.web.filter.CompositeFilter$VirtualFilterChain.doFilter(CompositeFilter.java:113) ~[spring-web-7.0.8.jar:7.0.8]
	at org.springframework.web.filter.CompositeFilter.doFilter(CompositeFilter.java:74) ~[spring-web-7.0.8.jar:7.0.8]
	at org.springframework.security.config.annotation.web.configuration.WebSecurityConfiguration$CompositeFilterChainProxy.doFilter(WebSecurityConfiguration.java:317) ~[spring-security-config-7.1.0.jar:7.1.0]
	at org.springframework.web.filter.DelegatingFilterProxy.invokeDelegate(DelegatingFilterProxy.java:355) ~[spring-web-7.0.8.jar:7.0.8]
	at org.springframework.web.filter.DelegatingFilterProxy.doFilter(DelegatingFilterProxy.java:272) ~[spring-web-7.0.8.jar:7.0.8]
	at org.apache.catalina.core.ApplicationFilterChain.doFilter(ApplicationFilterChain.java:107) ~[tomcat-embed-core-11.0.22.jar:11.0.22]
	at org.springframework.web.filter.RequestContextFilter.doFilterInternal(RequestContextFilter.java:100) ~[spring-web-7.0.8.jar:7.0.8]
	at org.springframework.web.filter.OncePerRequestFilter.doFilter(OncePerRequestFilter.java:116) ~[spring-web-7.0.8.jar:7.0.8]
	at org.apache.catalina.core.ApplicationFilterChain.doFilter(ApplicationFilterChain.java:107) ~[tomcat-embed-core-11.0.22.jar:11.0.22]
	at org.springframework.web.filter.FormContentFilter.doFilterInternal(FormContentFilter.java:93) ~[spring-web-7.0.8.jar:7.0.8]
	at org.springframework.web.filter.OncePerRequestFilter.doFilter(OncePerRequestFilter.java:116) ~[spring-web-7.0.8.jar:7.0.8]
	at org.apache.catalina.core.ApplicationFilterChain.doFilter(ApplicationFilterChain.java:107) ~[tomcat-embed-core-11.0.22.jar:11.0.22]
	at org.springframework.web.filter.ServerHttpObservationFilter.doFilterInternal(ServerHttpObservationFilter.java:110) ~[spring-web-7.0.8.jar:7.0.8]
	at org.springframework.web.filter.OncePerRequestFilter.doFilter(OncePerRequestFilter.java:116) ~[spring-web-7.0.8.jar:7.0.8]
	at org.apache.catalina.core.ApplicationFilterChain.doFilter(ApplicationFilterChain.java:107) ~[tomcat-embed-core-11.0.22.jar:11.0.22]
	at org.springframework.web.filter.CharacterEncodingFilter.doFilterInternal(CharacterEncodingFilter.java:199) ~[spring-web-7.0.8.jar:7.0.8]
	at org.springframework.web.filter.OncePerRequestFilter.doFilter(OncePerRequestFilter.java:116) ~[spring-web-7.0.8.jar:7.0.8]
	at org.apache.catalina.core.ApplicationFilterChain.doFilter(ApplicationFilterChain.java:107) ~[tomcat-embed-core-11.0.22.jar:11.0.22]
	at org.apache.catalina.core.StandardWrapperValve.invoke(StandardWrapperValve.java:165) ~[tomcat-embed-core-11.0.22.jar:11.0.22]
	at org.apache.catalina.core.StandardContextValve.invoke(StandardContextValve.java:77) ~[tomcat-embed-core-11.0.22.jar:11.0.22]
	at org.apache.catalina.authenticator.AuthenticatorBase.invoke(AuthenticatorBase.java:492) ~[tomcat-embed-core-11.0.22.jar:11.0.22]
	at org.apache.catalina.core.StandardHostValve.invoke(StandardHostValve.java:113) ~[tomcat-embed-core-11.0.22.jar:11.0.22]
	at org.apache.catalina.valves.ErrorReportValve.invoke(ErrorReportValve.java:83) ~[tomcat-embed-core-11.0.22.jar:11.0.22]
	at org.apache.catalina.core.StandardEngineValve.invoke(StandardEngineValve.java:72) ~[tomcat-embed-core-11.0.22.jar:11.0.22]
	at org.apache.catalina.connector.CoyoteAdapter.service(CoyoteAdapter.java:341) ~[tomcat-embed-core-11.0.22.jar:11.0.22]
	at org.apache.coyote.http11.Http11Processor.service(Http11Processor.java:397) ~[tomcat-embed-core-11.0.22.jar:11.0.22]
	at org.apache.coyote.AbstractProcessorLight.process(AbstractProcessorLight.java:63) ~[tomcat-embed-core-11.0.22.jar:11.0.22]
	at org.apache.coyote.AbstractProtocol$ConnectionHandler.process(AbstractProtocol.java:1272) ~[tomcat-embed-core-11.0.22.jar:11.0.22]
	at org.apache.tomcat.util.net.NioEndpoint$SocketProcessor.doRun(NioEndpoint.java:1801) ~[tomcat-embed-core-11.0.22.jar:11.0.22]
	at org.apache.tomcat.util.net.SocketProcessorBase.run(SocketProcessorBase.java:52) ~[tomcat-embed-core-11.0.22.jar:11.0.22]
	at org.apache.tomcat.util.threads.ThreadPoolExecutor.runWorker(ThreadPoolExecutor.java:946) ~[tomcat-embed-core-11.0.22.jar:11.0.22]
	at org.apache.tomcat.util.threads.ThreadPoolExecutor$Worker.run(ThreadPoolExecutor.java:480) ~[tomcat-embed-core-11.0.22.jar:11.0.22]
	at org.apache.tomcat.util.threads.TaskThread$WrappingRunnable.run(TaskThread.java:57) ~[tomcat-embed-core-11.0.22.jar:11.0.22]
	at java.base/java.lang.Thread.run(Thread.java:1583) ~[na:na]

2026-09-07T15:58:15.719-03:00 ERROR 13644 --- [ProjetoSpringBoot] [http-nio-8080-exec-2] [traceId=f681094a4daa08435789ac4c7ae2d62c spanId=a25b7727fba7cfbc eventoId=sem-evento] b.c.e.p.e.GlobalExceptionHandler         : Erro não tratado ao processar /ProjetoSpringBoot/actuator/metrics/

org.springframework.web.servlet.resource.NoResourceFoundException: No static resource actuator/metrics for request '/ProjetoSpringBoot/actuator/metrics/'.
	at org.springframework.web.servlet.resource.ResourceHttpRequestHandler.handleRequest(ResourceHttpRequestHandler.java:527) ~[spring-webmvc-7.0.8.jar:7.0.8]
	at org.springframework.web.servlet.mvc.HttpRequestHandlerAdapter.handle(HttpRequestHandlerAdapter.java:50) ~[spring-webmvc-7.0.8.jar:7.0.8]
	at org.springframework.web.servlet.DispatcherServlet.doDispatch(DispatcherServlet.java:963) ~[spring-webmvc-7.0.8.jar:7.0.8]
	at org.springframework.web.servlet.DispatcherServlet.doService(DispatcherServlet.java:866) ~[spring-webmvc-7.0.8.jar:7.0.8]
	at org.springframework.web.servlet.FrameworkServlet.processRequest(FrameworkServlet.java:1000) ~[spring-webmvc-7.0.8.jar:7.0.8]
	at org.springframework.web.servlet.FrameworkServlet.doGet(FrameworkServlet.java:892) ~[spring-webmvc-7.0.8.jar:7.0.8]
	at jakarta.servlet.http.HttpServlet.service(HttpServlet.java:622) ~[tomcat-embed-core-11.0.22.jar:6.1]
	at org.springframework.web.servlet.FrameworkServlet.service(FrameworkServlet.java:874) ~[spring-webmvc-7.0.8.jar:7.0.8]
	at jakarta.servlet.http.HttpServlet.service(HttpServlet.java:710) ~[tomcat-embed-core-11.0.22.jar:6.1]
	at org.apache.catalina.core.ApplicationFilterChain.doFilter(ApplicationFilterChain.java:128) ~[tomcat-embed-core-11.0.22.jar:11.0.22]
	at org.apache.tomcat.websocket.server.WsFilter.doFilter(WsFilter.java:53) ~[tomcat-embed-websocket-11.0.22.jar:11.0.22]
	at org.apache.catalina.core.ApplicationFilterChain.doFilter(ApplicationFilterChain.java:107) ~[tomcat-embed-core-11.0.22.jar:11.0.22]
	at org.springframework.web.filter.CompositeFilter$VirtualFilterChain.doFilter(CompositeFilter.java:108) ~[spring-web-7.0.8.jar:7.0.8]
	at org.springframework.security.web.FilterChainProxy.lambda$doFilterInternal$2(FilterChainProxy.java:235) ~[spring-security-web-7.1.0.jar:7.1.0]
	at org.springframework.security.web.ObservationFilterChainDecorator$FilterObservation$SimpleFilterObservation.lambda$wrap$1(ObservationFilterChainDecorator.java:491) ~[spring-security-web-7.1.0.jar:7.1.0]
	at org.springframework.security.web.ObservationFilterChainDecorator$AroundFilterObservation$SimpleAroundFilterObservation.lambda$wrap$1(ObservationFilterChainDecorator.java:353) ~[spring-security-web-7.1.0.jar:7.1.0]
	at org.springframework.security.web.ObservationFilterChainDecorator.lambda$wrapSecured$0(ObservationFilterChainDecorator.java:84) ~[spring-security-web-7.1.0.jar:7.1.0]
	at org.springframework.security.web.ObservationFilterChainDecorator$VirtualFilterChain.doFilter(ObservationFilterChainDecorator.java:131) ~[spring-security-web-7.1.0.jar:7.1.0]
	at org.springframework.security.web.access.intercept.AuthorizationFilter.doFilter(AuthorizationFilter.java:101) ~[spring-security-web-7.1.0.jar:7.1.0]
	at org.springframework.security.web.ObservationFilterChainDecorator$ObservationFilter.wrapFilter(ObservationFilterChainDecorator.java:243) ~[spring-security-web-7.1.0.jar:7.1.0]
	at org.springframework.security.web.ObservationFilterChainDecorator$ObservationFilter.doFilter(ObservationFilterChainDecorator.java:230) ~[spring-security-web-7.1.0.jar:7.1.0]
	at org.springframework.security.web.ObservationFilterChainDecorator$VirtualFilterChain.doFilter(ObservationFilterChainDecorator.java:140) ~[spring-security-web-7.1.0.jar:7.1.0]
	at org.springframework.security.web.access.ExceptionTranslationFilter.doFilter(ExceptionTranslationFilter.java:126) ~[spring-security-web-7.1.0.jar:7.1.0]
	at org.springframework.security.web.access.ExceptionTranslationFilter.doFilter(ExceptionTranslationFilter.java:120) ~[spring-security-web-7.1.0.jar:7.1.0]
	at org.springframework.security.web.ObservationFilterChainDecorator$ObservationFilter.wrapFilter(ObservationFilterChainDecorator.java:243) ~[spring-security-web-7.1.0.jar:7.1.0]
	at org.springframework.security.web.ObservationFilterChainDecorator$ObservationFilter.doFilter(ObservationFilterChainDecorator.java:230) ~[spring-security-web-7.1.0.jar:7.1.0]
	at org.springframework.security.web.ObservationFilterChainDecorator$VirtualFilterChain.doFilter(ObservationFilterChainDecorator.java:140) ~[spring-security-web-7.1.0.jar:7.1.0]
	at org.springframework.security.web.session.SessionManagementFilter.doFilter(SessionManagementFilter.java:132) ~[spring-security-web-7.1.0.jar:7.1.0]
	at org.springframework.security.web.session.SessionManagementFilter.doFilter(SessionManagementFilter.java:86) ~[spring-security-web-7.1.0.jar:7.1.0]
	at org.springframework.security.web.ObservationFilterChainDecorator$ObservationFilter.wrapFilter(ObservationFilterChainDecorator.java:243) ~[spring-security-web-7.1.0.jar:7.1.0]
	at org.springframework.security.web.ObservationFilterChainDecorator$ObservationFilter.doFilter(ObservationFilterChainDecorator.java:230) ~[spring-security-web-7.1.0.jar:7.1.0]
	at org.springframework.security.web.ObservationFilterChainDecorator$VirtualFilterChain.doFilter(ObservationFilterChainDecorator.java:140) ~[spring-security-web-7.1.0.jar:7.1.0]
	at org.springframework.security.web.authentication.AnonymousAuthenticationFilter.doFilter(AnonymousAuthenticationFilter.java:100) ~[spring-security-web-7.1.0.jar:7.1.0]
	at org.springframework.security.web.ObservationFilterChainDecorator$ObservationFilter.wrapFilter(ObservationFilterChainDecorator.java:243) ~[spring-security-web-7.1.0.jar:7.1.0]
	at org.springframework.security.web.ObservationFilterChainDecorator$ObservationFilter.doFilter(ObservationFilterChainDecorator.java:230) ~[spring-security-web-7.1.0.jar:7.1.0]
	at org.springframework.security.web.ObservationFilterChainDecorator$VirtualFilterChain.doFilter(ObservationFilterChainDecorator.java:140) ~[spring-security-web-7.1.0.jar:7.1.0]
	at org.springframework.security.web.servletapi.SecurityContextHolderAwareRequestFilter.doFilter(SecurityContextHolderAwareRequestFilter.java:181) ~[spring-security-web-7.1.0.jar:7.1.0]
	at org.springframework.security.web.ObservationFilterChainDecorator$ObservationFilter.wrapFilter(ObservationFilterChainDecorator.java:243) ~[spring-security-web-7.1.0.jar:7.1.0]
	at org.springframework.security.web.ObservationFilterChainDecorator$ObservationFilter.doFilter(ObservationFilterChainDecorator.java:230) ~[spring-security-web-7.1.0.jar:7.1.0]
	at org.springframework.security.web.ObservationFilterChainDecorator$VirtualFilterChain.doFilter(ObservationFilterChainDecorator.java:140) ~[spring-security-web-7.1.0.jar:7.1.0]
	at org.springframework.security.web.savedrequest.RequestCacheAwareFilter.doFilter(RequestCacheAwareFilter.java:63) ~[spring-security-web-7.1.0.jar:7.1.0]
	at org.springframework.security.web.ObservationFilterChainDecorator$ObservationFilter.wrapFilter(ObservationFilterChainDecorator.java:243) ~[spring-security-web-7.1.0.jar:7.1.0]
	at org.springframework.security.web.ObservationFilterChainDecorator$ObservationFilter.doFilter(ObservationFilterChainDecorator.java:230) ~[spring-security-web-7.1.0.jar:7.1.0]
	at org.springframework.security.web.ObservationFilterChainDecorator$VirtualFilterChain.doFilter(ObservationFilterChainDecorator.java:140) ~[spring-security-web-7.1.0.jar:7.1.0]
	at org.springframework.security.oauth2.server.resource.web.authentication.BearerTokenAuthenticationFilter.doFilterInternal(BearerTokenAuthenticationFilter.java:207) ~[spring-security-oauth2-resource-server-7.1.0.jar:7.1.0]
	at org.springframework.web.filter.OncePerRequestFilter.doFilter(OncePerRequestFilter.java:116) ~[spring-web-7.0.8.jar:7.0.8]
	at org.springframework.security.web.ObservationFilterChainDecorator$ObservationFilter.wrapFilter(ObservationFilterChainDecorator.java:243) ~[spring-security-web-7.1.0.jar:7.1.0]
	at org.springframework.security.web.ObservationFilterChainDecorator$ObservationFilter.doFilter(ObservationFilterChainDecorator.java:230) ~[spring-security-web-7.1.0.jar:7.1.0]
	at org.springframework.security.web.ObservationFilterChainDecorator$VirtualFilterChain.doFilter(ObservationFilterChainDecorator.java:140) ~[spring-security-web-7.1.0.jar:7.1.0]
	at org.springframework.security.oauth2.server.resource.web.OAuth2ProtectedResourceMetadataFilter.doFilterInternal(OAuth2ProtectedResourceMetadataFilter.java:98) ~[spring-security-oauth2-resource-server-7.1.0.jar:7.1.0]
	at org.springframework.web.filter.OncePerRequestFilter.doFilter(OncePerRequestFilter.java:116) ~[spring-web-7.0.8.jar:7.0.8]
	at org.springframework.security.web.ObservationFilterChainDecorator$ObservationFilter.wrapFilter(ObservationFilterChainDecorator.java:243) ~[spring-security-web-7.1.0.jar:7.1.0]
	at org.springframework.security.web.ObservationFilterChainDecorator$ObservationFilter.doFilter(ObservationFilterChainDecorator.java:230) ~[spring-security-web-7.1.0.jar:7.1.0]
	at org.springframework.security.web.ObservationFilterChainDecorator$VirtualFilterChain.doFilter(ObservationFilterChainDecorator.java:140) ~[spring-security-web-7.1.0.jar:7.1.0]
	at org.springframework.security.web.authentication.logout.LogoutFilter.doFilter(LogoutFilter.java:110) ~[spring-security-web-7.1.0.jar:7.1.0]
	at org.springframework.security.web.authentication.logout.LogoutFilter.doFilter(LogoutFilter.java:96) ~[spring-security-web-7.1.0.jar:7.1.0]
	at org.springframework.security.web.ObservationFilterChainDecorator$ObservationFilter.wrapFilter(ObservationFilterChainDecorator.java:243) ~[spring-security-web-7.1.0.jar:7.1.0]
	at org.springframework.security.web.ObservationFilterChainDecorator$ObservationFilter.doFilter(ObservationFilterChainDecorator.java:230) ~[spring-security-web-7.1.0.jar:7.1.0]
	at org.springframework.security.web.ObservationFilterChainDecorator$VirtualFilterChain.doFilter(ObservationFilterChainDecorator.java:140) ~[spring-security-web-7.1.0.jar:7.1.0]
	at org.springframework.security.web.header.HeaderWriterFilter.doHeadersAfter(HeaderWriterFilter.java:90) ~[spring-security-web-7.1.0.jar:7.1.0]
	at org.springframework.security.web.header.HeaderWriterFilter.doFilterInternal(HeaderWriterFilter.java:75) ~[spring-security-web-7.1.0.jar:7.1.0]
	at org.springframework.web.filter.OncePerRequestFilter.doFilter(OncePerRequestFilter.java:116) ~[spring-web-7.0.8.jar:7.0.8]
	at org.springframework.security.web.ObservationFilterChainDecorator$ObservationFilter.wrapFilter(ObservationFilterChainDecorator.java:243) ~[spring-security-web-7.1.0.jar:7.1.0]
	at org.springframework.security.web.ObservationFilterChainDecorator$ObservationFilter.doFilter(ObservationFilterChainDecorator.java:230) ~[spring-security-web-7.1.0.jar:7.1.0]
	at org.springframework.security.web.ObservationFilterChainDecorator$VirtualFilterChain.doFilter(ObservationFilterChainDecorator.java:140) ~[spring-security-web-7.1.0.jar:7.1.0]
	at org.springframework.security.web.context.SecurityContextHolderFilter.doFilter(SecurityContextHolderFilter.java:82) ~[spring-security-web-7.1.0.jar:7.1.0]
	at org.springframework.security.web.context.SecurityContextHolderFilter.doFilter(SecurityContextHolderFilter.java:69) ~[spring-security-web-7.1.0.jar:7.1.0]
	at org.springframework.security.web.ObservationFilterChainDecorator$ObservationFilter.wrapFilter(ObservationFilterChainDecorator.java:243) ~[spring-security-web-7.1.0.jar:7.1.0]
	at org.springframework.security.web.ObservationFilterChainDecorator$ObservationFilter.doFilter(ObservationFilterChainDecorator.java:230) ~[spring-security-web-7.1.0.jar:7.1.0]
	at org.springframework.security.web.ObservationFilterChainDecorator$VirtualFilterChain.doFilter(ObservationFilterChainDecorator.java:140) ~[spring-security-web-7.1.0.jar:7.1.0]
	at org.springframework.security.web.context.request.async.WebAsyncManagerIntegrationFilter.doFilterInternal(WebAsyncManagerIntegrationFilter.java:62) ~[spring-security-web-7.1.0.jar:7.1.0]
	at org.springframework.web.filter.OncePerRequestFilter.doFilter(OncePerRequestFilter.java:116) ~[spring-web-7.0.8.jar:7.0.8]
	at org.springframework.security.web.ObservationFilterChainDecorator$ObservationFilter.wrapFilter(ObservationFilterChainDecorator.java:243) ~[spring-security-web-7.1.0.jar:7.1.0]
	at org.springframework.security.web.ObservationFilterChainDecorator$ObservationFilter.doFilter(ObservationFilterChainDecorator.java:230) ~[spring-security-web-7.1.0.jar:7.1.0]
	at org.springframework.security.web.ObservationFilterChainDecorator$VirtualFilterChain.doFilter(ObservationFilterChainDecorator.java:140) ~[spring-security-web-7.1.0.jar:7.1.0]
	at org.springframework.security.web.session.DisableEncodeUrlFilter.doFilterInternal(DisableEncodeUrlFilter.java:42) ~[spring-security-web-7.1.0.jar:7.1.0]
	at org.springframework.web.filter.OncePerRequestFilter.doFilter(OncePerRequestFilter.java:116) ~[spring-web-7.0.8.jar:7.0.8]
	at org.springframework.security.web.ObservationFilterChainDecorator$ObservationFilter.wrapFilter(ObservationFilterChainDecorator.java:243) ~[spring-security-web-7.1.0.jar:7.1.0]
	at org.springframework.security.web.ObservationFilterChainDecorator$AroundFilterObservation$SimpleAroundFilterObservation.lambda$wrap$0(ObservationFilterChainDecorator.java:336) ~[spring-security-web-7.1.0.jar:7.1.0]
	at org.springframework.security.web.ObservationFilterChainDecorator$ObservationFilter.doFilter(ObservationFilterChainDecorator.java:227) ~[spring-security-web-7.1.0.jar:7.1.0]
	at org.springframework.security.web.ObservationFilterChainDecorator$VirtualFilterChain.doFilter(ObservationFilterChainDecorator.java:140) ~[spring-security-web-7.1.0.jar:7.1.0]
	at org.springframework.security.web.FilterChainProxy.doFilterInternal(FilterChainProxy.java:237) ~[spring-security-web-7.1.0.jar:7.1.0]
	at org.springframework.security.web.FilterChainProxy.doFilter(FilterChainProxy.java:195) ~[spring-security-web-7.1.0.jar:7.1.0]
	at org.springframework.web.filter.CompositeFilter$VirtualFilterChain.doFilter(CompositeFilter.java:113) ~[spring-web-7.0.8.jar:7.0.8]
	at org.springframework.web.filter.ServletRequestPathFilter.doFilter(ServletRequestPathFilter.java:52) ~[spring-web-7.0.8.jar:7.0.8]
	at org.springframework.web.filter.CompositeFilter$VirtualFilterChain.doFilter(CompositeFilter.java:113) ~[spring-web-7.0.8.jar:7.0.8]
	at org.springframework.web.filter.CompositeFilter.doFilter(CompositeFilter.java:74) ~[spring-web-7.0.8.jar:7.0.8]
	at org.springframework.security.config.annotation.web.configuration.WebSecurityConfiguration$CompositeFilterChainProxy.doFilter(WebSecurityConfiguration.java:317) ~[spring-security-config-7.1.0.jar:7.1.0]
	at org.springframework.web.filter.DelegatingFilterProxy.invokeDelegate(DelegatingFilterProxy.java:355) ~[spring-web-7.0.8.jar:7.0.8]
	at org.springframework.web.filter.DelegatingFilterProxy.doFilter(DelegatingFilterProxy.java:272) ~[spring-web-7.0.8.jar:7.0.8]
	at org.apache.catalina.core.ApplicationFilterChain.doFilter(ApplicationFilterChain.java:107) ~[tomcat-embed-core-11.0.22.jar:11.0.22]
	at org.springframework.web.filter.RequestContextFilter.doFilterInternal(RequestContextFilter.java:100) ~[spring-web-7.0.8.jar:7.0.8]
	at org.springframework.web.filter.OncePerRequestFilter.doFilter(OncePerRequestFilter.java:116) ~[spring-web-7.0.8.jar:7.0.8]
	at org.apache.catalina.core.ApplicationFilterChain.doFilter(ApplicationFilterChain.java:107) ~[tomcat-embed-core-11.0.22.jar:11.0.22]
	at org.springframework.web.filter.FormContentFilter.doFilterInternal(FormContentFilter.java:93) ~[spring-web-7.0.8.jar:7.0.8]
	at org.springframework.web.filter.OncePerRequestFilter.doFilter(OncePerRequestFilter.java:116) ~[spring-web-7.0.8.jar:7.0.8]
	at org.apache.catalina.core.ApplicationFilterChain.doFilter(ApplicationFilterChain.java:107) ~[tomcat-embed-core-11.0.22.jar:11.0.22]
	at org.springframework.web.filter.ServerHttpObservationFilter.doFilterInternal(ServerHttpObservationFilter.java:110) ~[spring-web-7.0.8.jar:7.0.8]
	at org.springframework.web.filter.OncePerRequestFilter.doFilter(OncePerRequestFilter.java:116) ~[spring-web-7.0.8.jar:7.0.8]
	at org.apache.catalina.core.ApplicationFilterChain.doFilter(ApplicationFilterChain.java:107) ~[tomcat-embed-core-11.0.22.jar:11.0.22]
	at org.springframework.web.filter.CharacterEncodingFilter.doFilterInternal(CharacterEncodingFilter.java:199) ~[spring-web-7.0.8.jar:7.0.8]
	at org.springframework.web.filter.OncePerRequestFilter.doFilter(OncePerRequestFilter.java:116) ~[spring-web-7.0.8.jar:7.0.8]
	at org.apache.catalina.core.ApplicationFilterChain.doFilter(ApplicationFilterChain.java:107) ~[tomcat-embed-core-11.0.22.jar:11.0.22]
	at org.apache.catalina.core.StandardWrapperValve.invoke(StandardWrapperValve.java:165) ~[tomcat-embed-core-11.0.22.jar:11.0.22]
	at org.apache.catalina.core.StandardContextValve.invoke(StandardContextValve.java:77) ~[tomcat-embed-core-11.0.22.jar:11.0.22]
	at org.apache.catalina.authenticator.AuthenticatorBase.invoke(AuthenticatorBase.java:492) ~[tomcat-embed-core-11.0.22.jar:11.0.22]
	at org.apache.catalina.core.StandardHostValve.invoke(StandardHostValve.java:113) ~[tomcat-embed-core-11.0.22.jar:11.0.22]
	at org.apache.catalina.valves.ErrorReportValve.invoke(ErrorReportValve.java:83) ~[tomcat-embed-core-11.0.22.jar:11.0.22]
	at org.apache.catalina.core.StandardEngineValve.invoke(StandardEngineValve.java:72) ~[tomcat-embed-core-11.0.22.jar:11.0.22]
	at org.apache.catalina.connector.CoyoteAdapter.service(CoyoteAdapter.java:341) ~[tomcat-embed-core-11.0.22.jar:11.0.22]
	at org.apache.coyote.http11.Http11Processor.service(Http11Processor.java:397) ~[tomcat-embed-core-11.0.22.jar:11.0.22]
	at org.apache.coyote.AbstractProcessorLight.process(AbstractProcessorLight.java:63) ~[tomcat-embed-core-11.0.22.jar:11.0.22]
	at org.apache.coyote.AbstractProtocol$ConnectionHandler.process(AbstractProtocol.java:1272) ~[tomcat-embed-core-11.0.22.jar:11.0.22]
	at org.apache.tomcat.util.net.NioEndpoint$SocketProcessor.doRun(NioEndpoint.java:1801) ~[tomcat-embed-core-11.0.22.jar:11.0.22]
	at org.apache.tomcat.util.net.SocketProcessorBase.run(SocketProcessorBase.java:52) ~[tomcat-embed-core-11.0.22.jar:11.0.22]
	at org.apache.tomcat.util.threads.ThreadPoolExecutor.runWorker(ThreadPoolExecutor.java:946) ~[tomcat-embed-core-11.0.22.jar:11.0.22]
	at org.apache.tomcat.util.threads.ThreadPoolExecutor$Worker.run(ThreadPoolExecutor.java:480) ~[tomcat-embed-core-11.0.22.jar:11.0.22]
	at org.apache.tomcat.util.threads.TaskThread$WrappingRunnable.run(TaskThread.java:57) ~[tomcat-embed-core-11.0.22.jar:11.0.22]
	at java.base/java.lang.Thread.run(Thread.java:1583) ~[na:na]

2026-09-07T16:17:35.718-03:00 ERROR 13644 --- [ProjetoSpringBoot] [http-nio-8080-exec-3] [traceId=39be2cd7547f9658865decdf9f4c1584 spanId=8d8a39b100aa4349 eventoId=sem-evento] b.c.e.p.e.GlobalExceptionHandler         : Erro não tratado ao processar /ProjetoSpringBoot/actuator/metrics/

org.springframework.web.servlet.resource.NoResourceFoundException: No static resource actuator/metrics for request '/ProjetoSpringBoot/actuator/metrics/'.
	at org.springframework.web.servlet.resource.ResourceHttpRequestHandler.handleRequest(ResourceHttpRequestHandler.java:527) ~[spring-webmvc-7.0.8.jar:7.0.8]
	at org.springframework.web.servlet.mvc.HttpRequestHandlerAdapter.handle(HttpRequestHandlerAdapter.java:50) ~[spring-webmvc-7.0.8.jar:7.0.8]
	at org.springframework.web.servlet.DispatcherServlet.doDispatch(DispatcherServlet.java:963) ~[spring-webmvc-7.0.8.jar:7.0.8]
	at org.springframework.web.servlet.DispatcherServlet.doService(DispatcherServlet.java:866) ~[spring-webmvc-7.0.8.jar:7.0.8]
	at org.springframework.web.servlet.FrameworkServlet.processRequest(FrameworkServlet.java:1000) ~[spring-webmvc-7.0.8.jar:7.0.8]
	at org.springframework.web.servlet.FrameworkServlet.doGet(FrameworkServlet.java:892) ~[spring-webmvc-7.0.8.jar:7.0.8]
	at jakarta.servlet.http.HttpServlet.service(HttpServlet.java:622) ~[tomcat-embed-core-11.0.22.jar:6.1]
	at org.springframework.web.servlet.FrameworkServlet.service(FrameworkServlet.java:874) ~[spring-webmvc-7.0.8.jar:7.0.8]
	at jakarta.servlet.http.HttpServlet.service(HttpServlet.java:710) ~[tomcat-embed-core-11.0.22.jar:6.1]
	at org.apache.catalina.core.ApplicationFilterChain.doFilter(ApplicationFilterChain.java:128) ~[tomcat-embed-core-11.0.22.jar:11.0.22]
	at org.apache.tomcat.websocket.server.WsFilter.doFilter(WsFilter.java:53) ~[tomcat-embed-websocket-11.0.22.jar:11.0.22]
	at org.apache.catalina.core.ApplicationFilterChain.doFilter(ApplicationFilterChain.java:107) ~[tomcat-embed-core-11.0.22.jar:11.0.22]
	at org.springframework.web.filter.CompositeFilter$VirtualFilterChain.doFilter(CompositeFilter.java:108) ~[spring-web-7.0.8.jar:7.0.8]
	at org.springframework.security.web.FilterChainProxy.lambda$doFilterInternal$2(FilterChainProxy.java:235) ~[spring-security-web-7.1.0.jar:7.1.0]
	at org.springframework.security.web.ObservationFilterChainDecorator$FilterObservation$SimpleFilterObservation.lambda$wrap$1(ObservationFilterChainDecorator.java:491) ~[spring-security-web-7.1.0.jar:7.1.0]
	at org.springframework.security.web.ObservationFilterChainDecorator$AroundFilterObservation$SimpleAroundFilterObservation.lambda$wrap$1(ObservationFilterChainDecorator.java:353) ~[spring-security-web-7.1.0.jar:7.1.0]
	at org.springframework.security.web.ObservationFilterChainDecorator.lambda$wrapSecured$0(ObservationFilterChainDecorator.java:84) ~[spring-security-web-7.1.0.jar:7.1.0]
	at org.springframework.security.web.ObservationFilterChainDecorator$VirtualFilterChain.doFilter(ObservationFilterChainDecorator.java:131) ~[spring-security-web-7.1.0.jar:7.1.0]
	at org.springframework.security.web.access.intercept.AuthorizationFilter.doFilter(AuthorizationFilter.java:101) ~[spring-security-web-7.1.0.jar:7.1.0]
	at org.springframework.security.web.ObservationFilterChainDecorator$ObservationFilter.wrapFilter(ObservationFilterChainDecorator.java:243) ~[spring-security-web-7.1.0.jar:7.1.0]
	at org.springframework.security.web.ObservationFilterChainDecorator$ObservationFilter.doFilter(ObservationFilterChainDecorator.java:230) ~[spring-security-web-7.1.0.jar:7.1.0]
	at org.springframework.security.web.ObservationFilterChainDecorator$VirtualFilterChain.doFilter(ObservationFilterChainDecorator.java:140) ~[spring-security-web-7.1.0.jar:7.1.0]
	at org.springframework.security.web.access.ExceptionTranslationFilter.doFilter(ExceptionTranslationFilter.java:126) ~[spring-security-web-7.1.0.jar:7.1.0]
	at org.springframework.security.web.access.ExceptionTranslationFilter.doFilter(ExceptionTranslationFilter.java:120) ~[spring-security-web-7.1.0.jar:7.1.0]
	at org.springframework.security.web.ObservationFilterChainDecorator$ObservationFilter.wrapFilter(ObservationFilterChainDecorator.java:243) ~[spring-security-web-7.1.0.jar:7.1.0]
	at org.springframework.security.web.ObservationFilterChainDecorator$ObservationFilter.doFilter(ObservationFilterChainDecorator.java:230) ~[spring-security-web-7.1.0.jar:7.1.0]
	at org.springframework.security.web.ObservationFilterChainDecorator$VirtualFilterChain.doFilter(ObservationFilterChainDecorator.java:140) ~[spring-security-web-7.1.0.jar:7.1.0]
	at org.springframework.security.web.session.SessionManagementFilter.doFilter(SessionManagementFilter.java:132) ~[spring-security-web-7.1.0.jar:7.1.0]
	at org.springframework.security.web.session.SessionManagementFilter.doFilter(SessionManagementFilter.java:86) ~[spring-security-web-7.1.0.jar:7.1.0]
	at org.springframework.security.web.ObservationFilterChainDecorator$ObservationFilter.wrapFilter(ObservationFilterChainDecorator.java:243) ~[spring-security-web-7.1.0.jar:7.1.0]
	at org.springframework.security.web.ObservationFilterChainDecorator$ObservationFilter.doFilter(ObservationFilterChainDecorator.java:230) ~[spring-security-web-7.1.0.jar:7.1.0]
	at org.springframework.security.web.ObservationFilterChainDecorator$VirtualFilterChain.doFilter(ObservationFilterChainDecorator.java:140) ~[spring-security-web-7.1.0.jar:7.1.0]
	at org.springframework.security.web.authentication.AnonymousAuthenticationFilter.doFilter(AnonymousAuthenticationFilter.java:100) ~[spring-security-web-7.1.0.jar:7.1.0]
	at org.springframework.security.web.ObservationFilterChainDecorator$ObservationFilter.wrapFilter(ObservationFilterChainDecorator.java:243) ~[spring-security-web-7.1.0.jar:7.1.0]
	at org.springframework.security.web.ObservationFilterChainDecorator$ObservationFilter.doFilter(ObservationFilterChainDecorator.java:230) ~[spring-security-web-7.1.0.jar:7.1.0]
	at org.springframework.security.web.ObservationFilterChainDecorator$VirtualFilterChain.doFilter(ObservationFilterChainDecorator.java:140) ~[spring-security-web-7.1.0.jar:7.1.0]
	at org.springframework.security.web.servletapi.SecurityContextHolderAwareRequestFilter.doFilter(SecurityContextHolderAwareRequestFilter.java:181) ~[spring-security-web-7.1.0.jar:7.1.0]
	at org.springframework.security.web.ObservationFilterChainDecorator$ObservationFilter.wrapFilter(ObservationFilterChainDecorator.java:243) ~[spring-security-web-7.1.0.jar:7.1.0]
	at org.springframework.security.web.ObservationFilterChainDecorator$ObservationFilter.doFilter(ObservationFilterChainDecorator.java:230) ~[spring-security-web-7.1.0.jar:7.1.0]
	at org.springframework.security.web.ObservationFilterChainDecorator$VirtualFilterChain.doFilter(ObservationFilterChainDecorator.java:140) ~[spring-security-web-7.1.0.jar:7.1.0]
	at org.springframework.security.web.savedrequest.RequestCacheAwareFilter.doFilter(RequestCacheAwareFilter.java:63) ~[spring-security-web-7.1.0.jar:7.1.0]
	at org.springframework.security.web.ObservationFilterChainDecorator$ObservationFilter.wrapFilter(ObservationFilterChainDecorator.java:243) ~[spring-security-web-7.1.0.jar:7.1.0]
	at org.springframework.security.web.ObservationFilterChainDecorator$ObservationFilter.doFilter(ObservationFilterChainDecorator.java:230) ~[spring-security-web-7.1.0.jar:7.1.0]
	at org.springframework.security.web.ObservationFilterChainDecorator$VirtualFilterChain.doFilter(ObservationFilterChainDecorator.java:140) ~[spring-security-web-7.1.0.jar:7.1.0]
	at org.springframework.security.oauth2.server.resource.web.authentication.BearerTokenAuthenticationFilter.doFilterInternal(BearerTokenAuthenticationFilter.java:207) ~[spring-security-oauth2-resource-server-7.1.0.jar:7.1.0]
	at org.springframework.web.filter.OncePerRequestFilter.doFilter(OncePerRequestFilter.java:116) ~[spring-web-7.0.8.jar:7.0.8]
	at org.springframework.security.web.ObservationFilterChainDecorator$ObservationFilter.wrapFilter(ObservationFilterChainDecorator.java:243) ~[spring-security-web-7.1.0.jar:7.1.0]
	at org.springframework.security.web.ObservationFilterChainDecorator$ObservationFilter.doFilter(ObservationFilterChainDecorator.java:230) ~[spring-security-web-7.1.0.jar:7.1.0]
	at org.springframework.security.web.ObservationFilterChainDecorator$VirtualFilterChain.doFilter(ObservationFilterChainDecorator.java:140) ~[spring-security-web-7.1.0.jar:7.1.0]
	at org.springframework.security.oauth2.server.resource.web.OAuth2ProtectedResourceMetadataFilter.doFilterInternal(OAuth2ProtectedResourceMetadataFilter.java:98) ~[spring-security-oauth2-resource-server-7.1.0.jar:7.1.0]
	at org.springframework.web.filter.OncePerRequestFilter.doFilter(OncePerRequestFilter.java:116) ~[spring-web-7.0.8.jar:7.0.8]
	at org.springframework.security.web.ObservationFilterChainDecorator$ObservationFilter.wrapFilter(ObservationFilterChainDecorator.java:243) ~[spring-security-web-7.1.0.jar:7.1.0]
	at org.springframework.security.web.ObservationFilterChainDecorator$ObservationFilter.doFilter(ObservationFilterChainDecorator.java:230) ~[spring-security-web-7.1.0.jar:7.1.0]
	at org.springframework.security.web.ObservationFilterChainDecorator$VirtualFilterChain.doFilter(ObservationFilterChainDecorator.java:140) ~[spring-security-web-7.1.0.jar:7.1.0]
	at org.springframework.security.web.authentication.logout.LogoutFilter.doFilter(LogoutFilter.java:110) ~[spring-security-web-7.1.0.jar:7.1.0]
	at org.springframework.security.web.authentication.logout.LogoutFilter.doFilter(LogoutFilter.java:96) ~[spring-security-web-7.1.0.jar:7.1.0]
	at org.springframework.security.web.ObservationFilterChainDecorator$ObservationFilter.wrapFilter(ObservationFilterChainDecorator.java:243) ~[spring-security-web-7.1.0.jar:7.1.0]
	at org.springframework.security.web.ObservationFilterChainDecorator$ObservationFilter.doFilter(ObservationFilterChainDecorator.java:230) ~[spring-security-web-7.1.0.jar:7.1.0]
	at org.springframework.security.web.ObservationFilterChainDecorator$VirtualFilterChain.doFilter(ObservationFilterChainDecorator.java:140) ~[spring-security-web-7.1.0.jar:7.1.0]
	at org.springframework.security.web.header.HeaderWriterFilter.doHeadersAfter(HeaderWriterFilter.java:90) ~[spring-security-web-7.1.0.jar:7.1.0]
	at org.springframework.security.web.header.HeaderWriterFilter.doFilterInternal(HeaderWriterFilter.java:75) ~[spring-security-web-7.1.0.jar:7.1.0]
	at org.springframework.web.filter.OncePerRequestFilter.doFilter(OncePerRequestFilter.java:116) ~[spring-web-7.0.8.jar:7.0.8]
	at org.springframework.security.web.ObservationFilterChainDecorator$ObservationFilter.wrapFilter(ObservationFilterChainDecorator.java:243) ~[spring-security-web-7.1.0.jar:7.1.0]
	at org.springframework.security.web.ObservationFilterChainDecorator$ObservationFilter.doFilter(ObservationFilterChainDecorator.java:230) ~[spring-security-web-7.1.0.jar:7.1.0]
	at org.springframework.security.web.ObservationFilterChainDecorator$VirtualFilterChain.doFilter(ObservationFilterChainDecorator.java:140) ~[spring-security-web-7.1.0.jar:7.1.0]
	at org.springframework.security.web.context.SecurityContextHolderFilter.doFilter(SecurityContextHolderFilter.java:82) ~[spring-security-web-7.1.0.jar:7.1.0]
	at org.springframework.security.web.context.SecurityContextHolderFilter.doFilter(SecurityContextHolderFilter.java:69) ~[spring-security-web-7.1.0.jar:7.1.0]
	at org.springframework.security.web.ObservationFilterChainDecorator$ObservationFilter.wrapFilter(ObservationFilterChainDecorator.java:243) ~[spring-security-web-7.1.0.jar:7.1.0]
	at org.springframework.security.web.ObservationFilterChainDecorator$ObservationFilter.doFilter(ObservationFilterChainDecorator.java:230) ~[spring-security-web-7.1.0.jar:7.1.0]
	at org.springframework.security.web.ObservationFilterChainDecorator$VirtualFilterChain.doFilter(ObservationFilterChainDecorator.java:140) ~[spring-security-web-7.1.0.jar:7.1.0]
	at org.springframework.security.web.context.request.async.WebAsyncManagerIntegrationFilter.doFilterInternal(WebAsyncManagerIntegrationFilter.java:62) ~[spring-security-web-7.1.0.jar:7.1.0]
	at org.springframework.web.filter.OncePerRequestFilter.doFilter(OncePerRequestFilter.java:116) ~[spring-web-7.0.8.jar:7.0.8]
	at org.springframework.security.web.ObservationFilterChainDecorator$ObservationFilter.wrapFilter(ObservationFilterChainDecorator.java:243) ~[spring-security-web-7.1.0.jar:7.1.0]
	at org.springframework.security.web.ObservationFilterChainDecorator$ObservationFilter.doFilter(ObservationFilterChainDecorator.java:230) ~[spring-security-web-7.1.0.jar:7.1.0]
	at org.springframework.security.web.ObservationFilterChainDecorator$VirtualFilterChain.doFilter(ObservationFilterChainDecorator.java:140) ~[spring-security-web-7.1.0.jar:7.1.0]
	at org.springframework.security.web.session.DisableEncodeUrlFilter.doFilterInternal(DisableEncodeUrlFilter.java:42) ~[spring-security-web-7.1.0.jar:7.1.0]
	at org.springframework.web.filter.OncePerRequestFilter.doFilter(OncePerRequestFilter.java:116) ~[spring-web-7.0.8.jar:7.0.8]
	at org.springframework.security.web.ObservationFilterChainDecorator$ObservationFilter.wrapFilter(ObservationFilterChainDecorator.java:243) ~[spring-security-web-7.1.0.jar:7.1.0]
	at org.springframework.security.web.ObservationFilterChainDecorator$AroundFilterObservation$SimpleAroundFilterObservation.lambda$wrap$0(ObservationFilterChainDecorator.java:336) ~[spring-security-web-7.1.0.jar:7.1.0]
	at org.springframework.security.web.ObservationFilterChainDecorator$ObservationFilter.doFilter(ObservationFilterChainDecorator.java:227) ~[spring-security-web-7.1.0.jar:7.1.0]
	at org.springframework.security.web.ObservationFilterChainDecorator$VirtualFilterChain.doFilter(ObservationFilterChainDecorator.java:140) ~[spring-security-web-7.1.0.jar:7.1.0]
	at org.springframework.security.web.FilterChainProxy.doFilterInternal(FilterChainProxy.java:237) ~[spring-security-web-7.1.0.jar:7.1.0]
	at org.springframework.security.web.FilterChainProxy.doFilter(FilterChainProxy.java:195) ~[spring-security-web-7.1.0.jar:7.1.0]
	at org.springframework.web.filter.CompositeFilter$VirtualFilterChain.doFilter(CompositeFilter.java:113) ~[spring-web-7.0.8.jar:7.0.8]
	at org.springframework.web.filter.ServletRequestPathFilter.doFilter(ServletRequestPathFilter.java:52) ~[spring-web-7.0.8.jar:7.0.8]
	at org.springframework.web.filter.CompositeFilter$VirtualFilterChain.doFilter(CompositeFilter.java:113) ~[spring-web-7.0.8.jar:7.0.8]
	at org.springframework.web.filter.CompositeFilter.doFilter(CompositeFilter.java:74) ~[spring-web-7.0.8.jar:7.0.8]
	at org.springframework.security.config.annotation.web.configuration.WebSecurityConfiguration$CompositeFilterChainProxy.doFilter(WebSecurityConfiguration.java:317) ~[spring-security-config-7.1.0.jar:7.1.0]
	at org.springframework.web.filter.DelegatingFilterProxy.invokeDelegate(DelegatingFilterProxy.java:355) ~[spring-web-7.0.8.jar:7.0.8]
	at org.springframework.web.filter.DelegatingFilterProxy.doFilter(DelegatingFilterProxy.java:272) ~[spring-web-7.0.8.jar:7.0.8]
	at org.apache.catalina.core.ApplicationFilterChain.doFilter(ApplicationFilterChain.java:107) ~[tomcat-embed-core-11.0.22.jar:11.0.22]
	at org.springframework.web.filter.RequestContextFilter.doFilterInternal(RequestContextFilter.java:100) ~[spring-web-7.0.8.jar:7.0.8]
	at org.springframework.web.filter.OncePerRequestFilter.doFilter(OncePerRequestFilter.java:116) ~[spring-web-7.0.8.jar:7.0.8]
	at org.apache.catalina.core.ApplicationFilterChain.doFilter(ApplicationFilterChain.java:107) ~[tomcat-embed-core-11.0.22.jar:11.0.22]
	at org.springframework.web.filter.FormContentFilter.doFilterInternal(FormContentFilter.java:93) ~[spring-web-7.0.8.jar:7.0.8]
	at org.springframework.web.filter.OncePerRequestFilter.doFilter(OncePerRequestFilter.java:116) ~[spring-web-7.0.8.jar:7.0.8]
	at org.apache.catalina.core.ApplicationFilterChain.doFilter(ApplicationFilterChain.java:107) ~[tomcat-embed-core-11.0.22.jar:11.0.22]
	at org.springframework.web.filter.ServerHttpObservationFilter.doFilterInternal(ServerHttpObservationFilter.java:110) ~[spring-web-7.0.8.jar:7.0.8]
	at org.springframework.web.filter.OncePerRequestFilter.doFilter(OncePerRequestFilter.java:116) ~[spring-web-7.0.8.jar:7.0.8]
	at org.apache.catalina.core.ApplicationFilterChain.doFilter(ApplicationFilterChain.java:107) ~[tomcat-embed-core-11.0.22.jar:11.0.22]
	at org.springframework.web.filter.CharacterEncodingFilter.doFilterInternal(CharacterEncodingFilter.java:199) ~[spring-web-7.0.8.jar:7.0.8]
	at org.springframework.web.filter.OncePerRequestFilter.doFilter(OncePerRequestFilter.java:116) ~[spring-web-7.0.8.jar:7.0.8]
	at org.apache.catalina.core.ApplicationFilterChain.doFilter(ApplicationFilterChain.java:107) ~[tomcat-embed-core-11.0.22.jar:11.0.22]
	at org.apache.catalina.core.StandardWrapperValve.invoke(StandardWrapperValve.java:165) ~[tomcat-embed-core-11.0.22.jar:11.0.22]
	at org.apache.catalina.core.StandardContextValve.invoke(StandardContextValve.java:77) ~[tomcat-embed-core-11.0.22.jar:11.0.22]
	at org.apache.catalina.authenticator.AuthenticatorBase.invoke(AuthenticatorBase.java:492) ~[tomcat-embed-core-11.0.22.jar:11.0.22]
	at org.apache.catalina.core.StandardHostValve.invoke(StandardHostValve.java:113) ~[tomcat-embed-core-11.0.22.jar:11.0.22]
	at org.apache.catalina.valves.ErrorReportValve.invoke(ErrorReportValve.java:83) ~[tomcat-embed-core-11.0.22.jar:11.0.22]
	at org.apache.catalina.core.StandardEngineValve.invoke(StandardEngineValve.java:72) ~[tomcat-embed-core-11.0.22.jar:11.0.22]
	at org.apache.catalina.connector.CoyoteAdapter.service(CoyoteAdapter.java:341) ~[tomcat-embed-core-11.0.22.jar:11.0.22]
	at org.apache.coyote.http11.Http11Processor.service(Http11Processor.java:397) ~[tomcat-embed-core-11.0.22.jar:11.0.22]
	at org.apache.coyote.AbstractProcessorLight.process(AbstractProcessorLight.java:63) ~[tomcat-embed-core-11.0.22.jar:11.0.22]
	at org.apache.coyote.AbstractProtocol$ConnectionHandler.process(AbstractProtocol.java:1272) ~[tomcat-embed-core-11.0.22.jar:11.0.22]
	at org.apache.tomcat.util.net.NioEndpoint$SocketProcessor.doRun(NioEndpoint.java:1801) ~[tomcat-embed-core-11.0.22.jar:11.0.22]
	at org.apache.tomcat.util.net.SocketProcessorBase.run(SocketProcessorBase.java:52) ~[tomcat-embed-core-11.0.22.jar:11.0.22]
	at org.apache.tomcat.util.threads.ThreadPoolExecutor.runWorker(ThreadPoolExecutor.java:946) ~[tomcat-embed-core-11.0.22.jar:11.0.22]
	at org.apache.tomcat.util.threads.ThreadPoolExecutor$Worker.run(ThreadPoolExecutor.java:480) ~[tomcat-embed-core-11.0.22.jar:11.0.22]
	at org.apache.tomcat.util.threads.TaskThread$WrappingRunnable.run(TaskThread.java:57) ~[tomcat-embed-core-11.0.22.jar:11.0.22]
	at java.base/java.lang.Thread.run(Thread.java:1583) ~[na:na]

2026-09-07T16:17:46.704-03:00  INFO 13644 --- [ProjetoSpringBoot] [SpringApplicationShutdownHook] [traceId=sem-trace spanId=sem-span eventoId=sem-evento] o.s.boot.tomcat.GracefulShutdown         : Commencing graceful shutdown. Waiting for active requests to complete
2026-09-07T16:17:46.708-03:00  INFO 13644 --- [ProjetoSpringBoot] [tomcat-shutdown] [traceId=sem-trace spanId=sem-span eventoId=sem-evento] o.s.boot.tomcat.GracefulShutdown         : Graceful shutdown complete
2026-09-07T16:17:53.584-03:00  INFO 10724 --- [ProjetoSpringBoot] [main] [traceId=sem-trace spanId=sem-span eventoId=sem-evento] b.c.e.p.ProjetoSpringBootApplication     : Starting ProjetoSpringBootApplication using Java 21.0.11 with PID 10724 (C:\Recomeco\projetos\ProjetoSpringBoot\target\classes started by Ricardo in C:\Recomeco\projetos\ProjetoSpringBoot)
2026-09-07T16:17:53.586-03:00  INFO 10724 --- [ProjetoSpringBoot] [main] [traceId=sem-trace spanId=sem-span eventoId=sem-evento] b.c.e.p.ProjetoSpringBootApplication     : No active profile set, falling back to 1 default profile: "default"
2026-09-07T16:17:54.390-03:00  INFO 10724 --- [ProjetoSpringBoot] [main] [traceId=sem-trace spanId=sem-span eventoId=sem-evento] .s.d.r.c.RepositoryConfigurationDelegate : Multiple Spring Data modules found, entering strict repository configuration mode
2026-09-07T16:17:54.391-03:00  INFO 10724 --- [ProjetoSpringBoot] [main] [traceId=sem-trace spanId=sem-span eventoId=sem-evento] .s.d.r.c.RepositoryConfigurationDelegate : Bootstrapping Spring Data JPA repositories in DEFAULT mode.
2026-09-07T16:17:54.511-03:00  INFO 10724 --- [ProjetoSpringBoot] [main] [traceId=sem-trace spanId=sem-span eventoId=sem-evento] .s.d.r.c.RepositoryConfigurationDelegate : Finished Spring Data repository scanning in 112 ms. Found 8 JPA repository interfaces.
2026-09-07T16:17:54.523-03:00  INFO 10724 --- [ProjetoSpringBoot] [main] [traceId=sem-trace spanId=sem-span eventoId=sem-evento] .s.d.r.c.RepositoryConfigurationDelegate : Multiple Spring Data modules found, entering strict repository configuration mode
2026-09-07T16:17:54.524-03:00  INFO 10724 --- [ProjetoSpringBoot] [main] [traceId=sem-trace spanId=sem-span eventoId=sem-evento] .s.d.r.c.RepositoryConfigurationDelegate : Bootstrapping Spring Data Redis repositories in DEFAULT mode.
2026-09-07T16:17:54.540-03:00  INFO 10724 --- [ProjetoSpringBoot] [main] [traceId=sem-trace spanId=sem-span eventoId=sem-evento] .RepositoryConfigurationExtensionSupport : Spring Data Redis - Could not safely identify store assignment for repository candidate interface br.com.exemplo.projetospringboot.repository.AnexoPedidoRepository; If you want this repository to be a Redis repository, consider annotating your entities with one of these annotations: org.springframework.data.redis.core.RedisHash (preferred), or consider extending one of the following types with your repository: org.springframework.data.keyvalue.repository.KeyValueRepository
2026-09-07T16:17:54.541-03:00  INFO 10724 --- [ProjetoSpringBoot] [main] [traceId=sem-trace spanId=sem-span eventoId=sem-evento] .RepositoryConfigurationExtensionSupport : Spring Data Redis - Could not safely identify store assignment for repository candidate interface br.com.exemplo.projetospringboot.repository.AuditoriaRelatorioRepository; If you want this repository to be a Redis repository, consider annotating your entities with one of these annotations: org.springframework.data.redis.core.RedisHash (preferred), or consider extending one of the following types with your repository: org.springframework.data.keyvalue.repository.KeyValueRepository
2026-09-07T16:17:54.541-03:00  INFO 10724 --- [ProjetoSpringBoot] [main] [traceId=sem-trace spanId=sem-span eventoId=sem-evento] .RepositoryConfigurationExtensionSupport : Spring Data Redis - Could not safely identify store assignment for repository candidate interface br.com.exemplo.projetospringboot.repository.ClienteRepository; If you want this repository to be a Redis repository, consider annotating your entities with one of these annotations: org.springframework.data.redis.core.RedisHash (preferred), or consider extending one of the following types with your repository: org.springframework.data.keyvalue.repository.KeyValueRepository
2026-09-07T16:17:54.542-03:00  INFO 10724 --- [ProjetoSpringBoot] [main] [traceId=sem-trace spanId=sem-span eventoId=sem-evento] .RepositoryConfigurationExtensionSupport : Spring Data Redis - Could not safely identify store assignment for repository candidate interface br.com.exemplo.projetospringboot.repository.EventoOutboxRepository; If you want this repository to be a Redis repository, consider annotating your entities with one of these annotations: org.springframework.data.redis.core.RedisHash (preferred), or consider extending one of the following types with your repository: org.springframework.data.keyvalue.repository.KeyValueRepository
2026-09-07T16:17:54.542-03:00  INFO 10724 --- [ProjetoSpringBoot] [main] [traceId=sem-trace spanId=sem-span eventoId=sem-evento] .RepositoryConfigurationExtensionSupport : Spring Data Redis - Could not safely identify store assignment for repository candidate interface br.com.exemplo.projetospringboot.repository.EventoProcessadoRepository; If you want this repository to be a Redis repository, consider annotating your entities with one of these annotations: org.springframework.data.redis.core.RedisHash (preferred), or consider extending one of the following types with your repository: org.springframework.data.keyvalue.repository.KeyValueRepository
2026-09-07T16:17:54.542-03:00  INFO 10724 --- [ProjetoSpringBoot] [main] [traceId=sem-trace spanId=sem-span eventoId=sem-evento] .RepositoryConfigurationExtensionSupport : Spring Data Redis - Could not safely identify store assignment for repository candidate interface br.com.exemplo.projetospringboot.repository.PedidoRepository; If you want this repository to be a Redis repository, consider annotating your entities with one of these annotations: org.springframework.data.redis.core.RedisHash (preferred), or consider extending one of the following types with your repository: org.springframework.data.keyvalue.repository.KeyValueRepository
2026-09-07T16:17:54.542-03:00  INFO 10724 --- [ProjetoSpringBoot] [main] [traceId=sem-trace spanId=sem-span eventoId=sem-evento] .RepositoryConfigurationExtensionSupport : Spring Data Redis - Could not safely identify store assignment for repository candidate interface br.com.exemplo.projetospringboot.repository.RelatorioPedidoRepository; If you want this repository to be a Redis repository, consider annotating your entities with one of these annotations: org.springframework.data.redis.core.RedisHash (preferred), or consider extending one of the following types with your repository: org.springframework.data.keyvalue.repository.KeyValueRepository
2026-09-07T16:17:54.543-03:00  INFO 10724 --- [ProjetoSpringBoot] [main] [traceId=sem-trace spanId=sem-span eventoId=sem-evento] .RepositoryConfigurationExtensionSupport : Spring Data Redis - Could not safely identify store assignment for repository candidate interface br.com.exemplo.projetospringboot.repository.UsuarioRepository; If you want this repository to be a Redis repository, consider annotating your entities with one of these annotations: org.springframework.data.redis.core.RedisHash (preferred), or consider extending one of the following types with your repository: org.springframework.data.keyvalue.repository.KeyValueRepository
2026-09-07T16:17:54.543-03:00  INFO 10724 --- [ProjetoSpringBoot] [main] [traceId=sem-trace spanId=sem-span eventoId=sem-evento] .s.d.r.c.RepositoryConfigurationDelegate : Finished Spring Data repository scanning in 11 ms. Found 0 Redis repository interfaces.
2026-09-07T16:17:55.103-03:00  INFO 10724 --- [ProjetoSpringBoot] [main] [traceId=sem-trace spanId=sem-span eventoId=sem-evento] o.s.boot.tomcat.TomcatWebServer          : Tomcat initialized with port 8080 (http)
2026-09-07T16:17:55.115-03:00  INFO 10724 --- [ProjetoSpringBoot] [main] [traceId=sem-trace spanId=sem-span eventoId=sem-evento] o.apache.catalina.core.StandardService   : Starting service [Tomcat]
2026-09-07T16:17:55.115-03:00  INFO 10724 --- [ProjetoSpringBoot] [main] [traceId=sem-trace spanId=sem-span eventoId=sem-evento] o.apache.catalina.core.StandardEngine    : Starting Servlet engine: [Apache Tomcat/11.0.22]
2026-09-07T16:17:55.173-03:00  INFO 10724 --- [ProjetoSpringBoot] [main] [traceId=sem-trace spanId=sem-span eventoId=sem-evento] b.w.c.s.WebApplicationContextInitializer : Root WebApplicationContext: initialization completed in 1554 ms
2026-09-07T16:17:55.575-03:00  INFO 10724 --- [ProjetoSpringBoot] [main] [traceId=sem-trace spanId=sem-span eventoId=sem-evento] com.zaxxer.hikari.HikariDataSource       : HikariPool-1 - Starting...
2026-09-07T16:17:55.674-03:00  INFO 10724 --- [ProjetoSpringBoot] [main] [traceId=sem-trace spanId=sem-span eventoId=sem-evento] com.zaxxer.hikari.pool.HikariPool        : HikariPool-1 - Added connection org.postgresql.jdbc.PgConnection@764db16c
2026-09-07T16:17:55.676-03:00  INFO 10724 --- [ProjetoSpringBoot] [main] [traceId=sem-trace spanId=sem-span eventoId=sem-evento] com.zaxxer.hikari.HikariDataSource       : HikariPool-1 - Start completed.
2026-09-07T16:17:55.754-03:00  INFO 10724 --- [ProjetoSpringBoot] [main] [traceId=sem-trace spanId=sem-span eventoId=sem-evento] org.hibernate.orm.jpa                    : HHH008540: Processing PersistenceUnitInfo [name: default]
2026-09-07T16:17:55.800-03:00  INFO 10724 --- [ProjetoSpringBoot] [main] [traceId=sem-trace spanId=sem-span eventoId=sem-evento] org.hibernate.orm.core                   : HHH000001: Hibernate ORM core version 7.4.1.Final
2026-09-07T16:17:56.134-03:00  INFO 10724 --- [ProjetoSpringBoot] [main] [traceId=sem-trace spanId=sem-span eventoId=sem-evento] o.s.o.j.p.SpringPersistenceUnitInfo      : No LoadTimeWeaver setup: ignoring JPA class transformer
2026-09-07T16:17:56.211-03:00  INFO 10724 --- [ProjetoSpringBoot] [main] [traceId=sem-trace spanId=sem-span eventoId=sem-evento] org.hibernate.orm.connections.pooling    : HHH10001005: Database info:
	Database JDBC URL [jdbc:postgresql://localhost:5432/projetodb]
	Database driver: PostgreSQL JDBC Driver
	Database dialect: PostgreSQLDialect
	Database version: 17.11
	Default catalog/schema: projetodb/public
	Autocommit mode: undefined/unknown
	Isolation level: READ_COMMITTED [default READ_COMMITTED]
	JDBC fetch size: none
	Pool: DataSourceConnectionProvider
	Minimum pool size: undefined/unknown
	Maximum pool size: undefined/unknown
2026-09-07T16:17:56.993-03:00  INFO 10724 --- [ProjetoSpringBoot] [main] [traceId=sem-trace spanId=sem-span eventoId=sem-evento] org.hibernate.orm.core                   : HHH000489: No JTA platform available (set 'hibernate.transaction.jta.platform' to enable JTA platform integration)
2026-09-07T16:17:57.092-03:00  INFO 10724 --- [ProjetoSpringBoot] [main] [traceId=sem-trace spanId=sem-span eventoId=sem-evento] j.LocalContainerEntityManagerFactoryBean : Initialized JPA EntityManagerFactory for persistence unit 'default'
2026-09-07T16:17:57.158-03:00  INFO 10724 --- [ProjetoSpringBoot] [main] [traceId=sem-trace spanId=sem-span eventoId=sem-evento] o.s.d.j.r.query.QueryEnhancerFactories   : Hibernate is in classpath; If applicable, HQL parser will be used.
2026-09-07T16:17:57.845-03:00  INFO 10724 --- [ProjetoSpringBoot] [main] [traceId=sem-trace spanId=sem-span eventoId=sem-evento] eAuthenticationProviderManagerConfigurer : Global AuthenticationManager configured with AuthenticationProvider bean with name authenticationProvider
2026-09-07T16:17:57.846-03:00  WARN 10724 --- [ProjetoSpringBoot] [main] [traceId=sem-trace spanId=sem-span eventoId=sem-evento] r$InitializeUserDetailsManagerConfigurer : Global AuthenticationManager configured with an AuthenticationProvider bean. UserDetailsService beans will not be used by Spring Security for automatically configuring username/password login. Consider removing the AuthenticationProvider bean. Alternatively, consider using the UserDetailsService in a manually instantiated DaoAuthenticationProvider. If the current configuration is intentional, to turn off this warning, increase the logging level of 'org.springframework.security.config.annotation.authentication.configuration.InitializeUserDetailsBeanManagerConfigurer' to ERROR
2026-09-07T16:17:58.818-03:00  WARN 10724 --- [ProjetoSpringBoot] [main] [traceId=sem-trace spanId=sem-span eventoId=sem-evento] JpaBaseConfiguration$JpaWebConfiguration : spring.jpa.open-in-view is enabled by default. Therefore, database queries may be performed during view rendering. Explicitly configure spring.jpa.open-in-view to disable this warning
2026-09-07T16:17:59.719-03:00  INFO 10724 --- [ProjetoSpringBoot] [main] [traceId=sem-trace spanId=sem-span eventoId=sem-evento] o.s.b.a.e.web.EndpointLinksResolver      : Exposing 3 endpoints beneath base path '/actuator'
2026-09-07T16:17:59.814-03:00  INFO 10724 --- [ProjetoSpringBoot] [main] [traceId=sem-trace spanId=sem-span eventoId=sem-evento] o.s.boot.tomcat.TomcatWebServer          : Tomcat started on port 8080 (http) with context path '/ProjetoSpringBoot'
2026-09-07T16:17:59.994-03:00  INFO 10724 --- [ProjetoSpringBoot] [main] [traceId=sem-trace spanId=sem-span eventoId=sem-evento] b.c.e.p.ProjetoSpringBootApplication     : Started ProjetoSpringBootApplication in 6.809 seconds (process running for 7.38)
2026-09-07T16:18:00.331-03:00  INFO 10724 --- [ProjetoSpringBoot] [RMI TCP Connection(2)-172.26.240.1] [traceId=sem-trace spanId=sem-span eventoId=sem-evento] o.a.c.c.C.[.[.[/ProjetoSpringBoot]       : Initializing Spring DispatcherServlet 'dispatcherServlet'
2026-09-07T16:18:00.331-03:00  INFO 10724 --- [ProjetoSpringBoot] [RMI TCP Connection(2)-172.26.240.1] [traceId=sem-trace spanId=sem-span eventoId=sem-evento] o.s.web.servlet.DispatcherServlet        : Initializing Servlet 'dispatcherServlet'
2026-09-07T16:18:00.334-03:00  INFO 10724 --- [ProjetoSpringBoot] [RMI TCP Connection(2)-172.26.240.1] [traceId=sem-trace spanId=sem-span eventoId=sem-evento] o.s.web.servlet.DispatcherServlet        : Completed initialization in 3 ms
